"Speaker","Tone","vowel/lable","token_id","F0_1","F0_2","F0_3","F0_4","F0_5","F0_6","F0_7","F0_8","F0_9","F0_10","F0_11","F0_12","F0_13","F0_14","F0_15","F0_16","F0_17","F0_18","F0_19","F0_20","spk_min","spk_max","f0range","f0onset","f025","f050","f075","f0offset","max_pos","min_pos","f0_max","f0_min","mean","slope","curve","BLstart","BLslope1","BLbreakpoint","BLslope2","onglide","offglide","overall","Duration","Group","Location"
"Speaker01","Tone2","a","Speaker01_Tone 2_a",3.27483643353329,2.87413646562928,2.40074090252758,1.44646715697546,0.774297378854902,0.86381787769209,1.04192601673634,1.25293669717432,1.52438608857316,1.73439213311161,1.82063981289166,1.83779456235566,1.94844949008209,2.39625911263867,2.97414057082595,3.38004021547616,3.61516992274872,3.73552921070505,3.76712321092972,3.69413504630679,70.7216123001375,352.18363227654,2.99282583207482,3.27483643353329,0.774297378854902,1.73439213311161,2.97414057082595,3.69413504630679,19,5,3.76712321092972,0.774297378854902,2.24564049568613,1.90004075812199,8.23312783466169,3.44572832294795,-12.3113059438672,0.23,4.38208430885581,2.83160036708946,-3.37420491781897,-0.542604550729517,0.448,"learner",4.6
"Speaker01","Tone2","i","Speaker01_Tone 2_i",3.47151130349967,3.26142401536109,3.12999493186784,2.95563284440979,2.49778729698547,1.74649734498407,1.19077735905187,0.859744469572782,0.914736117675468,1.36698491270726,1.89996477548774,2.32222492177484,2.56122847929846,2.65793467887403,2.3579805064573,2.29837084109098,3.19388382780342,3.7809957719678,3.87670268531162,3.85183585399083,70.7216123001375,352.18363227654,3.01695821573884,3.47151130349967,2.49778729698547,1.36698491270726,2.3579805064573,3.85183585399083,19,8,3.87670268531162,0.859744469572782,2.42665315688174,0.819870203356993,9.47995386306394,3.77764527162311,-7.55070769899482,0.37,4.72205512194167,2.79376184862808,-2.97489472682325,-0.181132878195169,0.451,"learner",7.4
"Speaker01","Tone2","u","Speaker01_Tone 2_u",3.39202984681797,2.82481562628544,2.48798195600492,2.06476135412711,1.78204515119275,1.86540691435321,2.04800751995729,2.0231476233931,1.64197538966978,1.05841477376305,0.513410062707808,0.176860271122731,0.363945540725354,0.898749591586579,1.35608336911751,1.74562957319076,2.49419190655024,3.39934014033078,3.82349400526639,3.84760696664513,70.7216123001375,352.18363227654,3.6707466955224,3.39202984681797,1.78204515119275,1.05841477376305,1.35608336911751,3.84760696664513,20,12,3.84760696664513,0.176860271122731,1.88914444193987,0.266011691742965,11.5425498408605,3.11620705722133,-4.4615990184613,0.63,10.4072106783124,2.81080738163062,-3.8506679509756,-1.03986056934498,0.436,"learner",12.6
"Speaker01","Tone3","a","Speaker01_Tone 3_a",3.47767313841173,3.36053665560492,2.7787603553962,1.53669218635537,1.62161639497567,1.62312727300518,1.440247416688,1.26109471586545,1.28453534989897,1.63531389630302,2.09308680870215,2.4976700832535,2.85568764247044,3.17016798430674,3.3616290097502,3.40856492788551,3.45915650892627,3.51817866736931,3.59900826598739,3.69007753875881,70.7216123001375,352.18363227654,2.42898282289337,3.47767313841173,1.62161639497567,1.63531389630302,3.3616290097502,3.69007753875881,20,8,3.69007753875881,1.26109471586545,2.52202030631163,1.48079352953782,7.02478655398848,3.67086828225585,-10.6527184368543,0.24,3.78160259651021,2.55665242484504,-2.87401797334776,-0.317365548502723,0.62,"learner",4.8
"Speaker01","Tone3","i","Speaker01_Tone 3_i",3.63175151351332,3.36953584143384,2.99359319103198,1.79400161076023,0.888542669138458,0.767186040424877,0.786659465040178,0.359250272259474,0,0.0898974043625205,0.442085943423314,0.946141266665661,1.10217520749862,1.12608210263118,1.7098062757185,3.22875049233501,3.56923413408514,3.63718584744408,3.72159320479733,3.7321547132473,70.7216123001375,352.18363227654,3.7321547132473,3.63175151351332,0.888542669138458,0.0898974043625205,1.7098062757185,3.7321547132473,20,9,3.7321547132473,0,1.76382734516131,1.20188017532465,14.9287576677334,3.62830045905648,-9.78374814109232,0.41,7.73193909017575,4.01133673784785,-4.56184406320369,-0.550507325355837,0.69,"learner",8.2
"Speaker01","Tone3","u","Speaker01_Tone 3_u",3.7773246640802,3.60723984887018,3.27462183498271,3.01561133746071,2.84832961300903,2.49559478437214,1.64068312539109,1.12207743684763,1.15605734729537,1.24536175564087,1.28876246753142,1.25023396767028,1.25350098611106,1.93689901626493,2.91958671051793,3.4388963778819,3.66368570415591,3.78611102893318,3.88343405859007,3.93741157887203,70.7216123001375,352.18363227654,2.8153341420244,3.7773246640802,2.84832961300903,1.24536175564087,2.91958671051793,3.93741157887203,20,8,3.93741157887203,1.12207743684763,2.47468359788874,0.531471127527722,11.6721846142121,3.91951665911406,-6.32849664177275,0.49,7.0103295763115,3.10096335446865,-3.57526808391887,-0.474304729450218,0.533,"learner",9.8
"Speaker02","Tone2","a","Speaker02_Tone 2_a",3.41567362420716,3.09899832373249,2.91237465547338,2.8693482828724,2.83701653223018,2.81502157111845,2.79605168722746,2.77780464716876,2.76227982384059,2.753901577355,2.75488976375152,2.76932442030186,2.7987071784816,2.84910539835145,2.92668440659864,3.04567964823302,3.21019190486137,3.41426715129267,3.57752670857718,3.56193887133625,83.3221015340852,283.328432741236,0.823625131222177,3.41567362420716,2.83701653223018,2.753901577355,2.92668440659864,3.56193887133625,19,10,3.57752670857718,2.753901577355,2.97142610870899,0.38102353095034,2.95410481614003,3.13189447559886,-0.913892142733585,0.56,2.20814006305211,0.511779599930808,-0.971581627742928,-0.45980202781212,0.297,"learner",11.2
"Speaker02","Tone2","i","Speaker02_Tone 2_i",3.91238039443219,3.22631838753396,2.99659410974831,2.89862590044176,2.83327603070929,2.78169951444505,2.73922290530465,2.70075602873698,2.6531198896034,2.60801206395877,2.58544998943275,2.57897478408136,2.58278302643269,2.61989868526356,2.69787275934787,2.80531157362906,2.97649115716846,3.2626709161905,3.58694584130931,3.66847439745639,83.3221015340852,283.328432741236,1.33340561035083,3.91238039443219,2.83327603070929,2.60801206395877,2.69787275934787,3.66847439745639,1,12,3.91238039443219,2.57897478408136,2.89646926331188,0.0538238777008948,4.47731060723495,3.3514318695818,-1.63762941496633,0.61,3.25969050676696,0.998953943129458,-1.27127929763912,-0.272325354509658,0.429,"learner",12.2
"Speaker02","Tone2","u","Speaker02_Tone 2_u",4.81809316853151,4.2053077572454,3.43090942423163,2.99847496481497,2.91365817708528,2.84664094741586,2.79030828005879,2.74339939257405,2.70278986010148,2.67046840324263,2.64192059510261,2.61679963341518,2.60179688303308,2.60429963430738,2.63881173342674,2.72755221803201,2.92106076987493,3.23139267750638,3.58703080591747,4.1954576810305,83.3221015340852,283.328432741236,2.21629628549844,4.81809316853151,2.91365817708528,2.67046840324263,2.63881173342674,4.1954576810305,1,13,4.81809316853151,2.60179688303308,3.03331935030829,-0.465059117169212,6.95278020445746,4.66470937907548,-9.34712543676786,0.24,1.21919675023232,2.24331010482429,-0.926589530176564,1.31672057464772,0.345,"learner",4.8
"Speaker02","Tone3","a","Speaker02_Tone 3_a",3.24402569534689,2.73034287017218,2.56931055018701,2.43546443948888,2.30508045021646,2.24051641272098,2.25076961535003,2.28464453901151,2.27729928506445,2.25286355793401,2.18264575637387,1.61304435135912,0.534718813857273,0.0017862864958498,0,0.137626571708709,0.209737950223271,0.244904945599152,0.582881067712576,1.28022364467882,83.3221015340852,283.328432741236,3.24402569534689,3.24402569534689,2.30508045021646,2.25286355793401,0,1.28022364467882,1,15,3.24402569534689,0,1.56009600957065,-2.97402504203254,1.00300968890177,3.27273163388796,-3.68259203507135,0.88,9.9200941765571,3.24068099086279,-1.19041130118685,2.05026968967594,0.547,"learner",17.6
"Speaker02","Tone3","i","Speaker02_Tone 3_i",3.22485150056398,2.52364641684452,2.10174839714758,1.46394959155282,0.716622557792608,0.528912665200111,1.03600003067407,1.6976088819934,2.03199544974913,2.14756656580999,2.22441535865581,2.32843651045519,2.41721896603499,2.56582026015945,2.80783300999292,3.04012560343897,3.23816954112579,3.46766028191357,3.69225412456837,3.79958333161879,83.3221015340852,283.328432741236,3.27067066641868,3.22485150056398,0.716622557792608,2.14756656580999,2.80783300999292,3.79958333161879,20,6,3.79958333161879,0.528912665200111,2.2999804999156,1.93830791491572,6.01241156778599,3.21011548848093,-11.3313793891529,0.21,3.87461395452926,2.37958967172211,-3.06094502407812,-0.681355352356004,0.493,"learner",4.2
"Speaker02","Tone3","u","Speaker02_Tone 3_u",4.97478624574345,3.90828312959606,2.55590890135572,2.37258230798793,2.24034408573972,2.20635564057303,2.22183634246431,2.25224298563448,2.27453071252738,2.27862038798705,2.28117946803797,2.29706539735617,2.37076510795922,2.47029848664953,2.55720312139336,2.71308273126299,3.02692813830291,3.55473159038191,4.06406929954109,4.40408920206545,83.3221015340852,283.328432741236,2.76843060517041,4.97478624574345,2.24034408573972,2.27862038798705,2.55720312139336,4.40408920206545,1,6,4.97478624574345,2.20635564057303,2.77146116311106,0.37219597674668,9.09537611592943,4.82250024033699,-17.3072296850333,0.18,2.33460749934869,3.11530134330599,-1.91437814946593,1.20092319384006,0.668,"learner",3.6
"Speaker03","Tone2","a","Speaker03_Tone 2_a",3.08318564828102,2.74112294969089,2.58489923591136,2.56076474222997,2.52674870028748,2.48907309171621,2.46003896320421,2.4459203164172,2.44062207553043,2.43721442015957,2.43629870291577,2.44164407796827,2.45942437899286,2.49795294211444,2.56226790318749,2.66293438051842,2.80305952949895,2.97783747317758,3.18819810858776,3.31158749476994,67.609100227009,357.50614848389,0.875288791854173,3.08318564828102,2.52674870028748,2.43721442015957,2.56226790318749,3.31158749476994,20,11,3.31158749476994,2.43629870291577,2.6299286185189,0.335366897416113,2.91966975925602,2.7790195850778,-0.777351596223816,0.61,2.44433857388482,0.474184473696527,-0.953292043815082,-0.479107570118554,0.33,"learner",12.2
"Speaker03","Tone2","i","Speaker03_Tone 2_i",3.21838718422285,2.88598222241758,2.74131263999163,2.72245457558662,2.69588180765555,2.66375880171264,2.63060414908037,2.6025014824009,2.58087280040051,2.56547913763214,2.56313447742885,2.57218382418227,2.58634441006027,2.60586304181025,2.63633971490223,2.68854748795995,2.78795698602151,2.95997050746818,3.19365305238457,3.24044543704818,67.609100227009,357.50614848389,0.677310959619339,3.21838718422285,2.69588180765555,2.56547913763214,2.63633971490223,3.24044543704818,20,11,3.24044543704818,2.56313447742885,2.73510060112212,0.131015375164638,2.50607179217042,2.92157498398366,-0.722057781568848,0.65,2.20100623609323,0.469337558019751,-0.770352182632631,-0.30101462461288,0.334,"learner",13
"Speaker03","Tone2","u","Speaker03_Tone 2_u",3.10850086621598,2.79535728916152,2.60516995189538,2.56339306995471,2.51890191132121,2.47770028622569,2.44849439094431,2.43028397326151,2.41931530334952,2.41374634383858,2.41644761023172,2.42961736808582,2.45769461448488,2.51152095198922,2.62107886973302,2.80954423975828,3.07405466635036,3.34839872585809,3.6163109030323,3.95297436174614,67.609100227009,357.50614848389,1.53922801790757,3.10850086621598,2.51890191132121,2.41374634383858,2.62107886973302,3.95297436174614,20,10,3.95297436174614,2.41374634383858,2.71266595372938,0.755536566740963,4.36156375024874,2.78185647676088,-0.750228259354,0.66,4.64983434838558,0.49515065117364,-1.5809436784511,-1.08579302727746,0.295,"learner",13.2
"Speaker03","Tone3","a","Speaker03_Tone 3_a",3.14545151056099,2.88966731070874,2.76877806838221,2.5902147132178,2.40020560325928,2.22344887344191,2.03801050399696,1.73573824631069,1.06884049440575,0.398388828173382,0.171402274211724,0.015725956133966,0,0.289630908102699,0.6959522127281,1.22392623739489,2.29210187352536,3.13099320483612,3.41095737502113,3.47346861450141,67.609100227009,357.50614848389,3.47346861450141,3.14545151056099,2.40020560325928,0.398388828173382,0.6959522127281,3.47346861450141,20,13,3.47346861450141,0,1.68890204518147,-0.490545790621961,12.453712860117,3.39656194733039,-5.50939728873329,0.65,11.6877494135418,3.58110823767664,-4.09071229473962,-0.509604057062985,0.492,"learner",13
"Speaker03","Tone3","i","Speaker03_Tone 3_i",2.78061799292049,2.1433657997043,2.03126764598953,1.93670031639875,2.09461846775276,2.56532303040895,2.63879230044839,2.48578128458174,2.34191980154202,2.19711908374625,2.09024590096488,1.95573553558592,1.35087238928791,1.07300007335547,1.47737931179258,2.17522400925074,2.53777218811623,2.7268988650065,2.97848237268708,3.2697765579727,67.609100227009,357.50614848389,2.19677648461723,2.78061799292049,2.09461846775276,2.19711908374625,1.47737931179258,3.2697765579727,20,14,3.2697765579727,1.07300007335547,2.21139018325385,0.213343550520604,3.5516087958859,2.56633152067908,-1.31211392658294,0.72,6.15021667716768,0.944722027139721,-1.72206066960695,-0.777338642467231,0.566,"learner",14.4
"Speaker03","Tone3","u","Speaker03_Tone 3_u",4.48682126248682,4.88546936357854,5,4.82456242039111,3.89673685929587,2.48489792536435,1.9163087411,1.69164269639022,1.40773230929574,1.2247907673451,1.27019837826731,1.26962756350036,1.23375380623302,1.79456356643681,2.68388139332401,3.15044428352307,3.34530432641487,3.46986915305088,3.56067215968632,3.58636317442671,67.609100227009,357.50614848389,3.7752092326549,4.48682126248682,3.89673685929587,1.2247907673451,2.68388139332401,3.58636317442671,3,10,5,1.2247907673451,2.74242076524538,-1.31059297838562,13.3107816176604,5.36907547119264,-9.22168952066241,0.49,6.16099820043134,4.51862786512458,-3.14210908221998,1.3765187829046,0.462,"learner",9.8
"Speaker04","Tone2","a","Speaker04_Tone 2_a",3.4380833386582,3.10670675401309,2.93919038380972,2.91662131504098,2.90305499141518,2.89954573657824,2.9027086792702,2.90808125369,2.91460511519657,2.92033933308031,2.92255904050548,2.91736415393222,2.90673434545898,2.89513254433042,2.88284486909207,2.87023006497743,2.86861278942013,2.89276755509075,2.94280924798852,2.94598422147482,79.878867034649,335.580769275137,0.569470549238068,3.4380833386582,2.90305499141518,2.92033933308031,2.88284486909207,2.94598422147482,1,17,3.4380833386582,2.86861278942013,2.9372722352526,-0.200246382186423,0.846626859436621,3.41767473954547,-5.08978013848265,0.1,-0.00368605442666522,0.508978013848266,0.00331744898399888,0.512295462832264,0.318,"learner",2
"Speaker04","Tone2","i","Speaker04_Tone 2_i",3.25485980358476,2.9374181378073,2.75570783391475,2.64552559191209,2.44892143455965,2.20683767414112,1.99130033568387,1.81397391787072,1.68193600008947,1.60151621381941,1.64012669401024,1.90714487291892,2.28729434852297,2.51752331570154,2.60073643225365,2.63928923292542,2.73775049673464,2.85782691841717,2.96830685250253,3.0395083487473,79.878867034649,335.580769275137,1.65334358976535,3.25485980358476,2.44892143455965,1.60151621381941,2.60073643225365,3.0395083487473,1,10,3.25485980358476,1.60151621381941,2.37883166488244,0.165252503646241,5.45416560327145,3.18462375384757,-3.63775719171913,0.44,2.86052495900283,1.60061316435642,-1.60189397704158,-0.00128081268516622,0.318,"learner",8.8
"Speaker04","Tone2","u","Speaker04_Tone 2_u",2.7997988853913,2.66601100600377,2.52687886166409,2.43098144514403,2.33868383459877,2.2787716830273,2.22800421996091,2.20662573792416,2.200375322195,2.19247856976337,2.18323180456006,2.17332845342247,2.16258897090643,2.2064207670053,2.35784232939839,2.53557479920488,2.81547010883104,3.08832989600769,3.45054213131281,3.7786135351038,79.878867034649,335.580769275137,1.61602456419737,2.7997988853913,2.33868383459877,2.19247856976337,2.35784232939839,3.7786135351038,20,13,3.7786135351038,2.16258897090643,2.49063995457717,0.682434380979781,4.60419363832797,2.62433537550919,-0.906838256227546,0.67,5.07141953568281,0.607581631672456,-1.67356844677533,-1.06598681510287,0.095,"learner",13.4
"Speaker04","Tone3","a","Speaker04_Tone 3_a",2.83402513670741,2.57229786728613,2.14793317810749,1.15443983605549,0.29754810448991,0.0379031455354899,0,0.231068127858915,0.603004873000466,0.862502227728613,1.07767577596883,1.15173729084314,1.33481946885856,1.7302054113076,2.17659733445825,2.4826452328723,2.65574450579288,2.7344203733875,2.74952097864321,2.7905222882811,79.878867034649,335.580769275137,2.83402513670741,2.83402513670741,0.29754810448991,0.862502227728613,2.17659733445825,2.7905222882811,1,7,2.83402513670741,0,1.50176254148568,1.33251984153125,9.05935386657738,3.05883292403338,-11.7575808074162,0.27,4.45148542889777,3.17454681800238,-3.24958436309537,-0.0750375450929961,0.574,"learner",5.4
"Speaker04","Tone3","i","Speaker04_Tone 3_i",3.07433502685673,3.09074114519524,2.92766835976054,2.50942820216653,2.07651803346759,1.8344191012011,1.72561433684943,1.66744646274978,1.6211898044286,1.54536510036775,1.3277794050732,1.15582962675524,1.42288670129483,1.85095513203252,2.16992085619904,2.44487278705895,2.70234830116895,2.92208987510858,3.01444741428891,3.05413049727586,79.878867034649,335.580769275137,1.93491151844001,3.07433502685673,2.07651803346759,1.54536510036775,2.16992085619904,3.05413049727586,2,12,3.09074114519524,1.15582962675524,2.14127766355196,0.0836534734998051,7.4808675200824,3.07832820827531,-3.61951894873726,0.54,4.73879371727655,1.95454023231812,-2.17984510994721,-0.225304877629091,0.529,"learner",10.8
"Speaker04","Tone3","u","Speaker04_Tone 3_u",4.56866057484162,5,4.07551496220148,2.92401780762242,2.40284151899928,2.18494308939017,2.09394980392528,2.07090217219727,2.0681288650586,2.04601684725048,2.02504851196191,2.14014695138244,2.31057464517444,2.29906670359164,2.28699805937635,2.52153721899099,2.79056057691681,2.9134266189611,2.91651218040741,3.40608144022219,79.878867034649,335.580769275137,2.97495148803809,4.56866057484162,2.40284151899928,2.04601684725048,2.28699805937635,3.40608144022219,2,11,5,2.02504851196191,2.67518693379379,-1.02315930889434,8.78478227379717,5.00468063920601,-11.1830349065451,0.29,1.78295356439556,3.24308012289809,-1.26589703072085,1.97718309217724,0.423,"learner",5.8
"Speaker05","Tone2","a","Speaker05_Tone 2_a",2.84604155954289,2.48208006054134,2.24112895610757,2.16988272492745,2.1582713783888,2.15461358951647,2.15651105281849,2.16236522990968,2.17344817056364,2.19307404018394,2.22755523148019,2.28791559467586,2.39947651399712,2.56543834765085,2.78343186023737,3.03060771677046,3.28733419450639,3.54136637079692,3.69911971466646,3.66326049247151,90.046828975418,326.012920806872,1.54450612514999,2.84604155954289,2.1582713783888,2.19307404018394,2.78343186023737,3.66326049247151,19,6,3.69911971466646,2.15461358951647,2.57363993189303,1.284689418246,4.27570772278877,2.50603067464037,-0.983611833251396,0.5,3.5529906697434,0.491805916625698,-1.7764953348717,-1.284689418246,0.255,"learner",10
"Speaker05","Tone2","i","Speaker05_Tone 2_i",3.24472348924103,2.91879008104737,2.63840931320611,2.47074828041675,2.38222156337484,2.34626135763442,2.33405773164309,2.34023611198553,2.36930106137863,2.41805121779963,2.48323381470041,2.57422585506455,2.69474097093955,2.84501131238299,3.01614946567891,3.18579539087508,3.34725014877052,3.49605901212828,3.52994400769409,3.43235942208405,90.046828975418,326.012920806872,1.19588627605101,3.24472348924103,2.38222156337484,2.41805121779963,3.01614946567891,3.43235942208405,19,7,3.52994400769409,2.33405773164309,2.77101247218796,0.844449009460775,3.68972493643341,3.11972063744387,-3.46593141408332,0.29,2.03495708990229,1.00512011008416,-1.44481953383063,-0.439699423746465,0.259,"learner",5.8
"Speaker05","Tone2","u","Speaker05_Tone 2_u",3.09556693289747,2.74904989607381,2.51354033329345,2.41671706592609,2.41099579748495,2.42351169021323,2.45985723056767,2.5198271526452,2.60488217208657,2.70691156280422,2.82755487592781,2.96508681398162,3.11709163348179,3.27681525242879,3.42838061007452,3.57228190375763,3.70151745709608,3.78793236751915,3.76850013866685,3.61857153518748,90.046828975418,326.012920806872,1.37693657003419,3.09556693289747,2.41099579748495,2.70691156280422,3.42838061007452,3.61857153518748,18,5,3.78793236751915,2.41099579748495,2.97750622041316,1.35443257728511,2.36246767895124,3.03003412139174,-4.22284619361776,0.19,2.03709571606764,0.802340776787374,-1.65004753001479,-0.847706753227417,0.229,"learner",3.8
"Speaker05","Tone3","a","Speaker05_Tone 3_a",3.21401791759988,2.6593763068312,2.40432528174741,2.2995280911072,2.16752841150815,2.02224041934168,1.8966273575965,1.81721015443862,1.75754174811906,1.72401221696177,1.77571145077943,1.80841598838313,1.58532684652043,1.09290767384704,0.874192349404192,1.44932846703171,2.33353673727039,2.89782324068176,3.12301369666143,3.60309696519804,90.046828975418,326.012920806872,2.72890461579385,3.21401791759988,2.16752841150815,1.72401221696177,0.874192349404192,3.60309696519804,20,15,3.60309696519804,0.874192349404192,2.06241879192728,-0.0242120724898563,7.16709725015565,2.77575795684695,-2.25570200009759,0.74,10.0847620486271,1.66921948007221,-2.62203813264304,-0.952818652570825,0.378,"learner",14.8
"Speaker05","Tone3","i","Speaker05_Tone 3_i",3.1515374894133,2.73413938950933,2.45088619052033,2.1567553354032,1.86814259998623,1.65664825592012,1.56258165927153,1.54246599064493,1.23079538765934,0.470859454472649,0,0.391688622602297,1.26750044293588,2.1724397503903,2.72923837593032,2.93667950458242,3.0252296657748,3.12183569390464,3.26801790589413,3.62751971480687,90.046828975418,326.012920806872,3.62751971480687,3.1515374894133,1.86814259998623,0.470859454472649,2.72923837593032,3.62751971480687,20,11,3.62751971480687,0,1.97738768884033,0.868388886955816,10.3580836210515,3.02974370784382,-4.8964179645597,0.52,7.3319602053217,2.54613734157104,-3.51934089855441,-0.97320355698337,0.404,"learner",10.4
"Speaker05","Tone3","u","Speaker05_Tone 3_u",3.26474855208729,2.75171328848033,2.30977902301064,1.99574934376964,1.70138442101446,1.45267786239154,1.36431308031081,1.58085578016179,1.89356403788993,1.89838808520651,1.49270028249618,0.977275311348903,1.00525796680097,1.67281995098769,2.49363502033442,3.00357440161346,3.21700188854113,3.31502997490618,3.45954106271792,3.96768511009276,90.046828975418,326.012920806872,2.99040979874385,3.26474855208729,1.70138442101446,1.89838808520651,2.49363502033442,3.96768511009276,20,12,3.96768511009276,0.977275311348903,2.16317020890461,1.08805176254687,8.859454516601,2.66127816978945,-2.65371412179855,0.59,7.38288765736288,1.56569133186114,-3.02698393951878,-1.46129260765764,0.324,"learner",11.8
"Speaker06","Tone2","a","Speaker06_Tone 2_a",3.37950956286485,2.69999003280544,2.48767851627262,2.36523549792696,2.23779066037578,2.17676510617501,2.3631952177308,2.58430029105705,2.59226158605057,2.51952404820433,2.24370677354737,1.57684912607594,0.982255211019601,0.79603254433234,0.778247588401474,1.04818403940909,2.03409274574136,2.99725811318064,3.50744072429011,3.69300527519395,73.3729092673035,378.417689989114,2.91475768679248,3.37950956286485,2.23779066037578,2.51952404820433,0.778247588401474,3.69300527519395,20,15,3.69300527519395,0.778247588401474,2.19659547609111,-0.356469011349326,6.44905489134888,3.10252515341059,-2.66857480895474,0.77,12.8818712634357,2.05480260289515,-2.9628303905902,-0.908027787695054,0.453,"learner",15.4
"Speaker06","Tone2","i","Speaker06_Tone 2_i",3.48594022505037,3.00288020070781,2.76651696414625,2.66141693027195,2.54543046213243,2.44575641628767,2.38805736393586,2.36453615906174,2.2792774938782,2.00575405014208,1.65159272689262,1.53232534709767,1.88305997418985,2.46197202442841,2.87011573398387,3.08529197731576,3.23037125048016,3.43024214301383,3.64208551496614,3.68250004804448,73.3729092673035,378.417689989114,2.15017470094681,3.48594022505037,2.54543046213243,2.00575405014208,2.87011573398387,3.68250004804448,20,12,3.68250004804448,1.53232534709767,2.61268977911964,0.53180178981114,6.61956631471549,3.21320008120712,-2.6882685431652,0.56,5.0752974470794,1.50543038417251,-2.23313087671493,-0.727700492542424,0.352,"learner",11.2
"Speaker06","Tone2","u","Speaker06_Tone 2_u",5,4.78918136871708,4.01852667968761,3.09109427796484,2.61771757289406,2.57765169178361,2.57864653699335,2.59156911083501,2.61200011143062,2.64598168538044,2.69995873029595,2.7964378471212,2.93724913771727,3.08496685521078,3.22495209907256,3.38915256696554,3.57638411200366,3.74387449599534,3.87497378274053,4.10822610128396,73.3729092673035,378.417689989114,2.42234830821639,5,2.61771757289406,2.64598168538044,3.22495209907256,4.10822610128396,1,6,5,2.57765169178361,3.22760483071006,-0.144354667653973,8.01675445438561,5.19429860439879,-12.2550965214928,0.24,2.15213663200062,2.94122316515827,-1.63562384032047,1.3055993248378,0.361,"learner",4.8
"Speaker06","Tone3","a","Speaker06_Tone 3_a",3.38827756249244,3.08079162638144,3.02925831095677,2.97683868921876,2.92350174022693,2.86430334813003,2.62042061363075,2.25097913429416,1.7790204290208,0.802615635390833,0.0559052756969185,0,0.35000740462302,0.986964654975737,1.57171854824675,2.38235863193195,2.73430657091979,3.01733166203744,3.31831096766235,3.53890145049021,73.3729092673035,378.417689989114,3.53890145049021,3.38827756249244,2.92350174022693,0.802615635390833,1.57171854824675,3.53890145049021,20,12,3.53890145049021,0,2.0876602980073,-0.586297057054782,10.9360558882326,3.84218903063645,-5.84548146936282,0.6,8.80006976256702,3.50728888161769,-3.52002790502681,-0.012739023409114,0.722,"learner",12
"Speaker06","Tone3","i","Speaker06_Tone 3_i",3.35046768467194,2.99161676485111,2.7438971591341,2.42937178464858,1.66820242259122,0.760930649757697,0.545958900938585,0.488720155185118,0.42436701477704,0.261562627525834,0.554801698001051,0.952357299619101,0.867820013735601,0.903071772844268,1.84477049130547,2.8700338347916,3.18674220713311,3.30350532278278,3.40318418538697,3.53428873731588,73.3729092673035,378.417689989114,3.27272610979005,3.35046768467194,1.66820242259122,0.261562627525834,1.84477049130547,3.53428873731588,20,10,3.53428873731588,0.261562627525834,1.73752666273554,0.828234107508587,13.3102835920322,3.40267656809315,-8.05074374733855,0.44,7.12095128702433,3.54232724882896,-3.98773272073362,-0.445405471904664,0.572,"learner",8.8
"Speaker06","Tone3","u","Speaker06_Tone 3_u",4.77305466753989,4.36559431115831,2.85577394387779,2.47747716699601,2.10848041509096,1.84187508722599,1.36740598741666,0.621837449797711,0.760159478866275,1.27244942264586,1.43151552545927,1.34112645917354,1.29347141446977,1.49740722632131,2.34236037800477,3.12648186496827,3.41008405786737,3.57404720528175,3.68126031498678,3.7324840790006,73.3729092673035,378.417689989114,4.15121721774218,4.77305466753989,2.10848041509096,1.27244942264586,2.34236037800477,3.7324840790006,1,8,4.77305466753989,0.621837449797711,2.27409757094087,0.190942835575889,13.6366517127898,4.54049456405631,-10.8401064673057,0.38,5.66526610585659,4.11924045757615,-3.51246498563109,0.606775471945067,0.616,"learner",7.6
"Speaker07","Tone2","a","Speaker07_Tone 2_a",2.90131515527861,2.48806752267047,2.38189376703959,2.27958694672493,1.82901212277901,1.26875348670847,1.0125930320084,1.14982129267073,1.47212677765533,1.76738708991975,1.90699360731796,1.93016333916195,1.95765565499944,2.07715511827688,2.20327708748275,2.09874700585031,1.68527129609871,1.16692423574324,1.01208559776622,1.66198232126654,97.6394021124175,333.75724977732,1.88922955751239,2.90131515527861,1.82901212277901,1.76738708991975,2.20327708748275,1.66198232126654,1,19,2.90131515527861,1.01208559776622,1.79784209367077,-0.717243489414197,1.67563232882225,2.90472618256583,-5.30781084397581,0.26,0.296094233185222,1.38003081943371,-0.219109732557064,1.16092108687665,0.328,"learner",5.2
"Speaker07","Tone2","i","Speaker07_Tone 2_i",3.28072240626203,2.87233393359764,2.60788331205912,2.49361314077506,2.32313275608457,1.97236836170848,1.36510990755659,0.686904831015274,0.206297792329053,0.0134141778841071,0,0.064256883009813,0.166886419856868,0.278961518586988,0.400438462271702,0.53615633724989,0.672406834089846,0.778491178425987,1.03570513588898,1.77185019214103,97.6394021124175,333.75724977732,3.28072240626203,3.28072240626203,2.32313275608457,0.0134141778841071,0.400438462271702,1.77185019214103,1,11,3.28072240626203,0,1.09680864290078,-2.22078004296121,9.06733611983137,3.44950313350994,-7.02351096183166,0.52,3.16410007819657,3.65222570015246,-1.51876803753435,2.13345766261811,0.309,"learner",10.4
"Speaker07","Tone2","u","Speaker07_Tone 2_u",4.2055646669654,4.18242265967428,4.19896551796072,4.21256519442546,4.18520154581056,4.11304392093456,3.97681778720887,3.73954148558441,3.36294226486079,2.8422022120901,2.39794793731891,2.25916666595356,2.42960267340382,2.74006007114549,3.00946073625537,3.20676498065524,3.35335402963,3.48154251116592,3.59235752943911,3.66996470567199,97.6394021124175,333.75724977732,1.9533985284719,4.2055646669654,4.18520154581056,2.8422022120901,3.00946073625537,3.66996470567199,4,12,4.21256519442546,2.25916666595356,3.4169812296859,-1.16851752494994,4.67322766388877,4.65433686545949,-3.50775156676767,0.61,3.2651090994148,2.13972845572828,-1.27339254877177,0.866335906956508,0.242,"learner",12.2
"Speaker07","Tone3","a","Speaker07_Tone 3_a",2.92894334585732,3.67833477385291,3.59856736847025,3.32434690181846,3.03131354527634,2.77117079135036,2.57195515936477,2.40982047066623,2.29640612254324,2.24824613870965,2.23716328435837,2.2501021202031,2.28998595683576,2.34715187476657,2.45183334834463,2.59572123322484,2.78287840845692,3.02975095460345,3.3095266628728,3.67656524304057,97.6394021124175,333.75724977732,1.44117148949454,2.92894334585732,3.03131354527634,2.24824613870965,2.45183334834463,3.67656524304057,2,11,3.67833477385291,2.23716328435837,2.74594075649247,-0.251780018631593,5.19252087617215,3.49314256823981,-2.4693976579531,0.6,3.70612885020771,1.48163859477186,-1.48245154008309,-0.000812945311225555,0.459,"learner",12
"Speaker07","Tone3","i","Speaker07_Tone 3_i",2.83805087858177,3.58806737349665,3.58362065557415,3.35374751209452,3.08349748230568,2.87315425123743,2.73163250321609,2.66050044871269,2.63615833191158,2.62320613494867,2.61109122469842,2.62319720401642,2.68301756452711,2.78820569410225,2.9491170797739,3.15504598461509,3.36212404808488,3.55557339475265,3.70658541824381,3.89044033411366,97.6394021124175,333.75724977732,1.27934910941524,2.83805087858177,3.08349748230568,2.62320613494867,2.9491170797739,3.89044033411366,20,11,3.89044033411366,2.61109122469842,3.02831336705545,0.337524158213302,4.15966721402129,3.40011490123529,-1.67047772591844,0.56,3.17080011088676,0.935467526514328,-1.39515204879017,-0.459684522275845,0.454,"learner",11.2
"Speaker07","Tone3","u","Speaker07_Tone 3_u",3.70591058938387,3.63141037050913,3.45252372560449,3.19750177658909,2.93826391591731,2.71439800547681,2.55492246462426,2.46250733192079,2.44259248810948,2.47703131406051,2.52615788361151,2.60146405365034,2.73912513643815,2.94324172009395,3.18079396664013,3.38983093840876,3.54401725074505,3.68872104538278,3.88198458683051,4.30795087814416,97.6394021124175,333.75724977732,1.86535839003468,3.70591058938387,2.93826391591731,2.47703131406051,3.18079396664013,4.30795087814416,20,9,4.30795087814416,2.44259248810948,3.06459169524539,0.536257915707641,6.20453856222948,3.72606084179333,-3.37511096562854,0.45,3.47383987655054,1.51879993453284,-1.9106119321028,-0.391811997569954,0.43,"learner",9
"Speaker09","Tone2","a","Speaker09_Tone 2_a",3.82229512650853,3.64951813025268,3.51969607374884,3.43763829202061,3.42392698467337,3.46170858264058,3.48939994891883,3.50378498024938,3.50523603919891,3.33784993653904,2.77503304719526,1.9294087919889,1.59705405450596,2.18841829217015,2.91930162145622,3.32893488401954,3.51947683772972,3.67281140156551,3.84147154350623,3.89277509852526,95.2783562195544,293.757384257152,2.2957210440193,3.82229512650853,3.42392698467337,3.33784993653904,2.91930162145622,3.89277509852526,20,13,3.89277509852526,1.59705405450596,3.19937615640227,-0.31277774442409,4.72083427439849,4.01437725357451,-2.61614791012541,0.64,4.93979703951635,1.67433466248026,-1.77832693422589,-0.103992271745625,0.366,"learner",12.8
"Speaker09","Tone2","i","Speaker09_Tone 2_i",3.4553606324864,3.28362738174479,3.21561330005094,3.11330161623745,3.07068142074502,3.13041780233261,3.24724489290127,3.3632623752896,3.4052977614903,3.31825391516919,3.20560913302084,3.17131596730589,3.10146384114604,2.99915040188853,3.00244477869267,3.14050823518933,3.32263588774122,3.47809964796955,3.63179358317475,3.61497644542112,95.2783562195544,293.757384257152,0.632643181286223,3.4553606324864,3.07068142074502,3.31825391516919,3.00244477869267,3.61497644542112,19,14,3.63179358317475,2.99915040188853,3.25248796747274,0.162375144171669,1.26140812209341,3.31277122267601,-0.291537504307494,0.75,2.37676668343742,0.218653128230621,-0.594191670859355,-0.375538542628734,0.372,"learner",15
"Speaker09","Tone2","u","Speaker09_Tone 2_u",3.70130024751215,3.06237243757226,2.70837156744762,2.64279420903926,2.535590940866,2.40493032573917,2.30173099826727,2.26205137734034,2.28931146706062,2.36953520756033,2.48907585734042,2.6358085590647,2.80078627506032,2.98262126606807,3.19725654755613,3.451327489284,3.72819770111283,3.98212559053303,4.24871577354949,4.64297090631183,95.2783562195544,293.757384257152,2.38091952897149,3.70130024751215,2.535590940866,2.36953520756033,3.19725654755613,4.64297090631183,20,8,4.64297090631183,2.26205137734034,2.96403237843617,1.38713016128561,6.59049490070531,3.32214928623121,-3.36161044814237,0.4,4.04785108463475,1.34464417925695,-2.42871065078085,-1.0840664715239,0.308,"learner",8
"Speaker09","Tone3","a","Speaker09_Tone 3_a",3.61591186027967,3.24657297391161,3.03304522596306,2.92694808649095,2.91663311234446,2.92083004435147,2.50986053421344,1.45384325929933,0.421807133890025,0.0397110747210712,0,0.0481708266361031,0.38982383527186,1.42344957880562,2.58823958346208,3.23357692818798,3.49428189525414,3.6691808512484,3.83467016589037,4.12951199487579,95.2783562195544,293.757384257152,4.12951199487579,3.61591186027967,2.91663311234446,0.0397110747210712,2.58823958346208,4.12951199487579,20,11,4.12951199487579,0,2.17011494350097,0.329727181942376,14.2144895419443,4.02699791173909,-7.3626787440719,0.54,9.99960595470112,3.97584652179883,-4.59981873916252,-0.623972217363688,0.407,"learner",10.8
"Speaker09","Tone3","i","Speaker09_Tone 3_i",2.71334152007192,2.15622386074275,1.84805464075177,1.86587798913193,1.91247741297061,1.94932279793773,1.94778644723429,1.90883258709285,1.8799564922076,1.94302780374503,2.13239536493318,2.3895760274196,2.66755198093629,2.95274159675098,3.22747055972799,3.46473903480771,3.6507861633922,3.7692959500093,3.92156914993898,4.22857974297317,95.2783562195544,293.757384257152,2.3805251022214,2.71334152007192,1.91247741297061,1.94302780374503,3.22747055972799,4.22857974297317,20,3,4.22857974297317,1.84805464075177,2.58412383152803,2.17067912763836,4.82864380562737,2.294574016733,-1.37486898517147,0.41,4.2782179406426,0.563696283920301,-2.52414858497914,-1.96045230105884,0.288,"learner",8.2
"Speaker09","Tone3","u","Speaker09_Tone 3_u",5,4.46257258847759,3.07337045635428,2.01038773676273,1.48932135392309,1.07025672806276,1.27939323365641,1.92310199983651,2.18802032312643,1.83790238559522,1.40611968951465,1.7258588731418,2.47443567110342,2.98980042165013,3.33175999694227,3.67653827762566,3.95833955144107,4.10688616858289,4.15502479481344,4.1449289844787,95.2783562195544,293.757384257152,3.92974327193724,5,1.48932135392309,1.83790238559522,3.33175999694227,4.1449289844787,1,6,5,1.07025672806276,2.7129790399883,1.09536592419932,11.6532990813415,5.07076139929814,-17.5152404938604,0.24,4.62438968147005,4.20365771852651,-3.51453615791723,0.689121560609273,0.38,"learner",4.8
"Speaker10","Tone2","a","Speaker10_Tone 2_a",2.83230828098165,2.11579242421176,1.84834992120823,1.74748984752579,1.62792967311821,1.51280899300263,1.41265576706769,1.3410487608173,1.29983943480975,1.26087229950457,1.20953296272293,1.15500350678457,1.13292111131635,1.19463906704677,1.39586284787192,1.8049862483789,2.41195260207013,3.0484121220898,3.51924971612184,3.57253834199295,134.082183328606,301.2815013913,2.4396172306766,2.83230828098165,1.62792967311821,1.26087229950457,1.39586284787192,3.57253834199295,20,13,3.57253834199295,1.13292111131635,1.79868551796502,0.891494267102406,8.3817563452571,2.23122148646111,-2.07346593952312,0.66,8.55964918427549,1.36848752008526,-2.91028072265367,-1.5417932025684,0.374,"learner",13.2
"Speaker10","Tone2","i","Speaker10_Tone 2_i",2.48058970080502,1.68189375278131,1.25999167776425,1.29208676886234,1.45437891117443,1.43726074222456,1.25390432693091,1.21089071106977,1.35477419819132,1.46396915516791,1.50788109426209,1.62353949973255,1.90863583780177,2.31977842336576,2.75574404467036,3.130068512528,3.37673666336487,3.46583249229956,3.43986696619626,3.27186879969635,134.082183328606,301.2815013913,2.25494178122978,2.48058970080502,1.45437891117443,1.46396915516791,2.75574404467036,3.27186879969635,18,8,3.46583249229956,1.21089071106977,2.03751195387468,2.10295565489822,5.35488324795538,1.94399782887738,-2.37878951752006,0.38,4.32708875549352,0.903940016657623,-2.68279502840598,-1.77885501174836,0.37,"learner",7.6
"Speaker10","Tone2","u","Speaker10_Tone 2_u",3.10701193195761,2.60276342644402,2.04452579556976,1.85835349329245,2.04809492728856,2.35709963621046,2.4825899167549,2.30296585172391,1.90869434774747,1.51124746377699,1.33490965184355,1.4327813695825,1.6711856865401,1.95072960593791,2.21837731930349,2.44388158019933,2.60564890806527,2.71649080282133,2.75376095976266,2.65059672829671,134.082183328606,301.2815013913,1.77210228011406,3.10701193195761,2.04809492728856,1.51124746377699,2.21837731930349,2.65059672829671,1,11,3.10701193195761,1.33490965184355,2.16114252560955,0.118693389706705,4.43949567828961,2.70533616171509,-2.15103584975071,0.55,3.14082126038754,1.18306971736289,-1.4133695671744,-0.230299849811501,0.295,"learner",11
"Speaker10","Tone3","a","Speaker10_Tone 3_a",2.79792324250154,2.03188667200689,1.79267555283911,1.4680821164598,1.15561834715006,1.3929001149909,1.54676232549992,1.14501677243689,1.25581985812432,1.4535676116416,1.11187908191195,0.575829444323745,0.576719302320425,0.680322941796274,0.155760407717883,0,1.60121969718232,2.92292478305264,3.19370906337852,3.3723895872744,134.082183328606,301.2815013913,3.3723895872744,2.79792324250154,1.15561834715006,1.4535676116416,0.155760407717883,3.3723895872744,20,16,3.3723895872744,0,1.43339511285231,0.203086945926438,8.90969659370902,2.19443471992785,-2.49936264809641,0.77,15.6764045329422,1.92450923903424,-3.60557304257671,-1.68106380354247,0.488,"learner",15.4
"Speaker10","Tone3","i","Speaker10_Tone 3_i",2.38494019611824,1.85838715016584,2.3638174434972,2.97969322291152,2.93709224492263,2.71757106832663,2.64474917722924,2.8339679206494,2.82041766409096,2.45609639761298,2.50807897704057,2.41048675615984,1.91409351718211,1.63141647470592,1.91717119506908,2.55510560166012,3.02903416124472,3.19417812343182,3.21771219475107,3.45857787904615,134.082183328606,301.2815013913,1.82716140434023,2.38494019611824,2.93709224492263,2.45609639761298,1.91717119506908,3.45857787904615,20,14,3.45857787904615,1.63141647470592,2.57498801829701,0.461836015947989,1.89711389929224,2.67396959929086,-0.640447065562246,0.73,5.08804816110473,0.467526357860439,-1.37377300349828,-0.906246645637838,0.444,"learner",14.6
"Speaker10","Tone3","u","Speaker10_Tone 3_u",2.26053318567978,1.94670012283231,1.81255678677607,1.63052378273524,1.35112032215224,1.04357932354687,0.867277964857166,1.19736828804161,2.12007685955568,2.73606250381896,2.37890158007325,1.63156327841936,1.39876815376664,1.57806332429835,1.86491055459313,2.2336381339458,2.58634480523103,2.85107391986718,3.05021359101656,3.32221679846035,134.082183328606,301.2815013913,2.45493883360319,2.26053318567978,1.35112032215224,2.73606250381896,1.86491055459313,3.32221679846035,20,7,3.32221679846035,0.867277964857166,1.95642160596575,1.25992314396399,4.17844861400925,2.23852774632062,-4.21833226029108,0.26,2.46921219832227,1.09676638767568,-1.82721702675848,-0.730450639082796,0.404,"learner",5.2
"Speaker11","Tone2","a","Speaker11_Tone 2_a",3.52138379469858,3.05276467256146,2.74619049118611,2.64192993512014,2.52760517361395,2.4012025420583,2.26973019308085,2.15012361350049,2.05113996606178,1.97918156934495,1.93195879309251,1.90965875466829,1.9198943479109,1.96731806086698,2.05946173679279,2.19804457189247,2.40838134807773,2.67952564831751,2.94209132798979,3.05634331802235,128.517878501387,333.828211501441,1.6117250400303,3.52138379469858,2.52760517361395,1.97918156934495,2.05946173679279,3.05634331802235,1,12,3.52138379469858,1.90965875466829,2.37450464107632,-0.3599121674193,5.26587111278957,3.14844328523278,-2.46978992885415,0.6,3.40570718736937,1.48187395731249,-1.36228287494775,0.119591082364744,0.295,"learner",12
"Speaker11","Tone2","i","Speaker11_Tone 2_i",3.6825504814985,3.04640443954982,2.56901782350211,2.31404273083962,2.15521044719554,2.01357005866917,1.89478976350687,1.81721032661781,1.79266513199783,1.79126541228846,1.78654909652364,1.79716535549974,1.88435740975466,2.10637791120101,2.44548799901417,2.82607489054045,3.19075419506616,3.51832961998888,3.82588601607799,3.92315355437659,128.517878501387,333.828211501441,2.13660445785295,3.6825504814985,2.15521044719554,1.79126541228846,2.44548799901417,3.92315355437659,20,11,3.92315355437659,1.78654909652364,2.44601543898802,0.807885404458464,8.32515713850743,3.1540582367251,-3.57882533101013,0.5,5.19459613992705,1.78941266550506,-2.59729806996353,-0.807885404458462,0.37,"learner",10
"Speaker11","Tone2","u","Speaker11_Tone 2_u",3.42060015217223,2.69085483857076,2.26684819085543,2.09702579287997,1.9153036325874,1.74645442141631,1.64898563126791,1.66084884069311,1.7301709760306,1.80027902075284,1.86251480678657,1.93448425427971,2.03314120304563,2.19492729397493,2.44128056837105,2.75773564079772,3.08580438081611,3.3794815287215,3.59424005405506,4.03994063937975,128.517878501387,333.828211501441,2.39095500811184,3.42060015217223,1.9153036325874,1.80027902075284,2.44128056837105,4.03994063937975,20,7,4.03994063937975,1.64898563126791,2.3494825116091,1.12210080165337,7.47424832105345,2.98325924221577,-4.35401603517657,0.39,4.01136505572647,1.69806625371886,-2.44693268399315,-0.748866430274283,0.33,"learner",7.8
"Speaker11","Tone3","u","Speaker11_Tone 3_u",4.75268597786662,3.73519764862023,2.02578948486011,1.545166870739,2.54298933488807,4.14234718697831,4.56542622158321,3.42069598810724,2.29925056524428,2.12507664388818,2.21786390794088,2.32051927444743,2.43467708319654,2.66261364998825,2.94365495471733,3.17029885880255,3.32762487963629,3.48381633536507,3.58428213728282,3.54330223279138,128.517878501387,333.828211501441,3.20751910712762,4.75268597786662,2.54298933488807,2.12507664388818,2.94365495471733,3.54330223279138,1,4,4.75268597786662,1.545166870739,3.0018978374994,-0.035464463389599,4.59033817564835,4.81578040343388,-23.0618598558796,0.1,0.890201673927767,2.30618598558796,-0.80118150653499,1.50500447905297,0.43,"learner",2
"Speaker12","Tone2","a","Speaker12_Tone 2_a",2.64179350900494,2.20082322418724,1.93678048996252,1.87067168957262,1.86651089240449,1.87018469993258,1.87564091274231,1.87913700811871,1.88258105594379,1.88893079199049,1.90093101259374,1.91908032075997,1.93991401308323,1.96156644330903,2.00661260747897,2.12074177851188,2.32999119813724,2.61969874730443,2.74381046637219,2.61030500284295,167.691333032906,370.981456954668,0.877299573967694,2.64179350900494,1.86651089240449,1.88893079199049,2.00661260747897,2.61030500284295,19,5,2.74381046637219,1.86651089240449,2.07697892231332,0.427124023435361,2.99892628252493,2.55473989628824,-5.0226616412778,0.18,1.03204877544609,0.904079095430005,-0.846279995865795,0.0577990995642099,0.259,"learner",3.6
"Speaker12","Tone2","i","Speaker12_Tone 2_i",2.716277957785,2.11773333135617,1.68466573517032,1.50661844482493,1.4442200760171,1.41838166288666,1.41895583775974,1.44297010628013,1.50164337381225,1.61309634682493,1.80592577117152,2.07041655758231,2.36983712846972,2.67469171953133,2.95590245721383,3.23054027886803,3.51155225690555,3.81413023839865,3.96832694109905,3.77612309692468,167.691333032906,370.981456954668,2.54994527821239,2.716277957785,1.4442200760171,1.61309634682493,2.95590245721383,3.77612309692468,19,6,3.96832694109905,1.41838166288666,2.29876440930314,2.26305858220095,6.08031045706839,2.35957058311557,-3.84767324317808,0.33,4.47578397111696,1.26973217024877,-2.99877526064836,-1.7290430903996,0.265,"learner",6.6
"Speaker12","Tone2","u","Speaker12_Tone 2_u",2.55296554397388,2.07704169437161,1.77081923529354,1.66703285132226,1.6329971266203,1.59491103431612,1.56116955391243,1.54580324142677,1.57125112089131,1.64678346765116,1.77772353580421,1.94244399065523,2.13432437331144,2.34296198145542,2.53996891177796,2.72022347418049,2.88175270008064,3.04852077180033,3.02817825211525,2.81895082967993,167.691333032906,370.981456954668,1.50271753037356,2.55296554397388,1.6329971266203,1.64678346765116,2.53996891177796,2.81895082967993,18,8,3.04852077180033,1.54580324142677,2.10906280920323,1.23292292916437,3.84503478748156,2.32039058655234,-3.29662271456824,0.3,2.57386618249312,0.988986814370473,-1.80170632774518,-0.81271951337471,0.247,"learner",6
"Speaker12","Tone3","a","Speaker12_Tone 3_a",2.07889219580927,1.39590908405267,0.934768411865939,0.666486610510899,0.403071712783462,0.185409778325427,0.0501200663242398,0,0.0011263868158486,0.0360738689884183,0.114276804086982,0.241620811971958,0.421689436717671,0.665290022687047,0.954615916678402,1.27005513606951,1.61405860834099,1.95785287507357,2.26844497967355,2.64869780680836,167.691333032906,370.981456954668,2.64869780680836,2.07889219580927,0.403071712783462,0.0360738689884183,0.954615916678402,2.64869780680836,20,8,2.64869780680836,0,0.815931330407264,1.09997308206373,9.06205326100187,1.71037239136152,-5.42172740494951,0.4,4.75408400721334,2.1686909619798,-2.852450404328,-0.683759442348201,0.337,"learner",8
"Speaker12","Tone3","i","Speaker12_Tone 3_i",2.77647400284087,1.9972021592673,1.44754324876026,1.19615278074422,0.945999534251864,0.690343706211537,0.482056022521235,0.356445243619649,0.358788658459859,0.469357656728761,0.578432394313915,0.673815733713617,0.881933347390988,1.26020285301963,1.74339718929041,2.13899329872841,2.40980707396638,2.56835088748025,2.86441820682856,3.40242501627881,167.691333032906,370.981456954668,3.04597977265916,2.77647400284087,0.945999534251864,0.469357656728761,1.74339718929041,3.40242501627881,20,8,3.40242501627881,0.356445243619649,1.37388282267833,1.29934856441706,10.0575505968444,2.36153790821835,-6.1023179508601,0.4,5.44650474425794,2.44092718034404,-3.26790284655476,-0.826975666210724,0.277,"learner",8
"Speaker12","Tone3","u","Speaker12_Tone 3_u",2.23981085292573,1.77366028938676,1.58421401146511,1.62147906061403,1.62393616939711,1.37487824820672,1.07090466684876,0.897266484858378,0.843582944697318,0.854915474953607,0.986198737925988,1.21813191516807,1.47207632143294,1.73933459048987,2.00681612938998,2.2766251392112,2.53343890093242,2.74030990566528,2.89320847894659,3.29040819876324,167.691333032906,370.981456954668,2.44682525406592,2.23981085292573,1.62393616939711,0.854915474953607,2.00681612938998,3.29040819876324,20,9,3.29040819876324,0.843582944697318,1.69239753187749,1.28379419359888,6.80150153725731,2.07771947528662,-2.98588282325097,0.46,4.68032992671568,1.37350609869545,-2.52737816042646,-1.15387206173102,0.343,"learner",9.2
"Speaker13","Tone2","a","Speaker13_Tone 2_a",2.53358504346941,1.66617713173202,1.1069639729026,0.966623658266456,0.893504958613505,0.842024064183177,0.795131667130927,0.745031375189676,0.704132235678555,0.68472776047117,0.697383221428984,0.75596142612582,0.870662291440113,1.07135268685127,1.3459331050075,1.71769235734384,2.14704603109528,2.57288408381925,2.82864520306131,2.71117898586889,135.527839738059,262.733991567952,2.14391744259014,2.53358504346941,0.893504958613505,0.68472776047117,1.3459331050075,2.71117898586889,19,10,2.82864520306131,0.68472776047117,1.31484150531093,1.09716603048228,7.75092357472914,1.79551104194146,-2.96149572280075,0.5,5.15582778376531,1.48074786140038,-2.57791389188265,-1.09716603048228,0.284,"learner",10
"Speaker13","Tone2","i","Speaker13_Tone 2_i",2.64318294095033,1.89832218669795,1.33873424633648,1.03255973348687,0.904871388332859,0.839797981662898,0.802280018605684,0.799580352729661,0.836556505799507,0.922618982729597,1.05322663355116,1.22775661232149,1.44154580191529,1.68927430150354,1.96201801014739,2.25309947964893,2.54121214272575,2.81250705516345,2.83100109697299,2.61356320492632,135.527839738059,262.733991567952,2.03142074424333,2.64318294095033,0.904871388332859,0.922618982729597,1.96201801014739,2.61356320492632,19,8,2.83100109697299,0.799580352729661,1.5637811308154,1.32379034857382,6.65809054143134,2.31302022084167,-6.5709347255559,0.29,3.50427862804866,1.90557107041121,-2.48803782591455,-0.582466755503337,0.235,"learner",5.8
"Speaker13","Tone2","u","Speaker13_Tone 2_u",2.46313531873086,1.62275421829372,1.05590209426409,0.842076299943604,0.768752235816208,0.700793728432975,0.639413883646517,0.589204858542004,0.562368118456384,0.56538762446709,0.600858337635165,0.672822063081986,0.780307623839962,0.952593298434348,1.20334285198244,1.55753058378993,1.99050850897925,2.42763196446483,2.58444792737242,2.42695482150024,135.527839738059,262.733991567952,2.02207980891604,2.46313531873086,0.768752235816208,0.56538762446709,1.20334285198244,2.42695482150024,19,9,2.58444792737242,0.562368118456384,1.18368853452022,0.969729094201948,7.59818932623663,1.79948239929035,-3.65151535464215,0.45,4.44045372831835,1.64318190958897,-2.44224955057509,-0.799067640986127,0.248,"learner",9
"Speaker13","Tone3","a","Speaker13_Tone 3_a",1.76550254044311,0.870601660588651,0.523751840886567,0.364772268459917,0.322208764432708,0.302039553782116,0.140762569856492,0,0.0660457889590741,0.099590496829772,0.154320038061924,0.618007806058244,1.13610353251816,1.32488359096078,1.62032970395378,2.3130823927002,2.97687569000026,3.35118793324907,3.60797899063932,3.86753615531871,135.527839738059,262.733991567952,3.86753615531871,1.76550254044311,0.322208764432708,0.099590496829772,1.62032970395378,3.86753615531871,20,8,3.86753615531871,0,1.18271276902104,3.03267344034711,10.0965578424853,1.1777197630367,-3.32608258983496,0.45,7.80833320918044,1.49673716542573,-4.29458326504924,-2.79784609962351,0.397,"learner",9
"Speaker13","Tone3","i","Speaker13_Tone 3_i",2.17378855661999,2.03417343513727,1.56664980301467,0.768531967230023,0.600565229108052,0.620149388863049,0.578154342679158,0.565905757174185,0.585797782945139,0.603120588397697,0.682324595749648,0.861607622731033,1.20619941258039,1.74269416709406,2.37186473658372,2.95926290768302,3.39720106192536,3.65475616879663,3.78471835144858,3.89140112906187,135.527839738059,262.733991567952,3.32549537188769,2.17378855661999,0.600565229108052,0.603120588397697,2.37186473658372,3.89140112906187,20,8,3.89140112906187,0.565905757174185,1.64283531607953,2.59798841914161,10.2153158944275,1.91986264145725,-4.12698724042867,0.44,7.36411922345496,1.81587438578861,-4.12390676513478,-2.30803237934617,0.422,"learner",8.8
"Speaker13","Tone3","u","Speaker13_Tone 3_u",1.83356535941265,1.02179064042531,0.713594183966383,0.848007764913637,2.47708673978326,4.45052209028742,4.57883463264452,3.03421302309992,1.77287464285242,1.72175016017272,1.89021304866778,1.57300665207924,1.13974953980397,1.10664747165942,1.42116229812528,1.94735752072095,2.54362022051371,3.03145522639463,3.34930845736009,3.73651807953507,135.527839738059,262.733991567952,3.86524044867813,1.83356535941265,2.47708673978326,1.72175016017272,1.42116229812528,3.73651807953507,7,3,4.57883463264452,0.713594183966383,2.19873885878136,0.931925056615678,1.23405328770976,2.15402549267243,-0.489805601426512,0.76,8.42954239478157,0.372252257084149,-2.02309017474758,-1.65083791766343,0.422,"learner",15.2
"Speaker14","Tone2","a","Speaker14_Tone 2_a",4.13602539492986,3.94873050136166,3.89558321512303,3.87725697460969,3.84957126898415,3.79329328941526,3.72759909612399,3.68677617555227,3.66212334670926,3.64661176024859,3.6420557375831,3.63678526874057,3.62778032658269,3.63232450002125,3.67998126672873,3.77750741550509,3.92476907880926,4.18632052241182,4.66058152482985,5,94.386331565783,249.184470110237,1.37221967341731,4.13602539492986,3.84957126898415,3.64661176024859,3.67998126672873,5,20,13,5,3.62778032658269,3.86824523001922,0.437724565609014,3.57260076414855,3.96960631404494,-0.557518674966028,0.77,6.13615267757408,0.429289379723842,-1.41131511584204,-0.982025736118196,0.407,"learner",15.4
"Speaker14","Tone2","i","Speaker14_Tone 2_i",3.9281599965541,3.63014739029285,3.46200848568522,3.43105695572111,3.41382612212205,3.40996773489539,3.42501765915488,3.45394399296462,3.47423942564795,3.47133770295476,3.44675701274951,3.4143802032337,3.38797711689581,3.38051059516548,3.41195241661264,3.50225768524418,3.67659196280214,3.89717157217501,4.05993013761491,3.96878434564923,94.386331565783,249.184470110237,0.679419542449438,3.9281599965541,3.41382612212205,3.47133770295476,3.41195241661264,3.96878434564923,19,14,4.05993013761491,3.38051059516548,3.54347998020186,0.256323398153765,2.14558778756039,3.61916635231527,-0.40732761463509,0.7,2.49805700356496,0.285129330244563,-0.749417101069489,-0.464287770824927,0.305,"learner",14
"Speaker14","Tone2","u","Speaker14_Tone 2_u",4.40760704028373,4.0352932141668,3.69996612186687,3.5027881742747,3.15824466921473,2.32096495475521,1.13236079576913,0.196078384252489,0,0.451708905732016,1.40202373631415,2.42827453526626,3.07117309528443,3.28814263592852,3.34821105424623,3.42096449583555,3.52393489438773,3.65550724040025,3.82574683324059,4.05561368658355,94.386331565783,249.184470110237,4.40760704028373,4.40760704028373,3.15824466921473,0.451708905732016,3.34821105424623,4.05561368658355,1,9,4.40760704028373,0,2.63611702482876,0.55991542577608,12.5529046359982,4.80648458470651,-10.7884316850924,0.39,6.54743808594391,4.20748835718602,-3.99393723242579,0.21355112476023,0.348,"learner",7.8
"Speaker14","Tone3","a","Speaker14_Tone 3_a",4.64850243490177,3.95319008446211,3.78994681998764,3.74640594081363,3.64247115991262,3.54670543963256,3.43654239815171,2.58246373912491,0.954841806172579,0.0303095639371222,0.186478698690106,1.19579034769613,1.19888114273403,0.403465768682689,0.288993883216556,0.312961031441955,0.59043201827555,2.61836322823294,3.88140807987968,4.05279252458272,94.386331565783,249.184470110237,4.61819287096464,4.64850243490177,3.64247115991262,0.0303095639371222,0.288993883216556,4.05279252458272,1,10,4.64850243490177,0.0303095639371222,2.13225810398977,-2.34792353275878,13.769968975182,4.60177089701949,-6.39512128391252,0.77,20.8249697857941,4.92424338861264,-4.78974305073264,0.134500337880001,0.563,"learner",15.4
"Speaker14","Tone3","i","Speaker14_Tone 3_i",3.49295435760143,3.4491911815804,3.76570235232857,3.91872806932546,4.10888037359925,4.08957744245905,3.455514322968,2.61373926159409,2.15470914915608,2.4027534094272,2.88742772681541,2.41078043474651,1.19541108817504,0.545999780247969,0.497798434289949,0.55993403277945,0.916900254363503,1.96805975856106,3.13689666561755,3.69040233344182,94.386331565783,249.184470110237,3.6110819393093,3.49295435760143,4.10888037359925,2.4027534094272,0.497798434289949,3.69040233344182,5,15,4.10888037359925,0.497798434289949,2.51525442097252,-2.35879530065621,5.45075045487559,4.40761971078503,-4.59301341750968,0.82,17.7693443143921,3.76627100235794,-3.19848197659059,0.567789025767353,0.424,"learner",16.4
"Speaker14","Tone3","u","Speaker14_Tone 3_u",4.25722739551655,4.1915005479419,3.99523194630151,3.88448139215245,3.79464410522701,3.68783029172632,3.57748933285216,3.15361621168868,2.40436322102092,1.96161192964424,1.75272947106809,1.87879264220464,2.26653383575394,2.07663473726692,1.61457928717591,2.08725273135639,3.07596130493783,3.61547855592079,3.80509811538441,4.00209508190881,94.386331565783,249.184470110237,2.64264810834064,4.25722739551655,3.79464410522701,1.96161192964424,1.61457928717591,4.00209508190881,1,15,4.25722739551655,1.61457928717591,2.97960308211664,-1.1684424242693,8.49921581988514,4.45529154233482,-4.08183801698894,0.71,9.37986340851522,2.89810499206214,-2.72016038846942,0.177944603592729,0.424,"learner",14.2
"Speaker15","Tone2","a","Speaker15_Tone 2_a",3.84256542016303,3.55327393752437,3.34481422045138,3.2412168354783,3.13977059742427,3.05506444376849,2.98182953631184,2.91799705562417,2.86504296678456,2.82856453447301,2.80824812352204,2.80045606702808,2.8028924835363,2.81587347836777,2.83880412137242,2.87671318090498,2.93719190536446,3.0298269303536,3.1435905455866,3.24443444172994,85.6693566651517,309.05090948703,1.04210935313495,3.84256542016303,3.13977059742427,2.82856453447301,2.83880412137242,3.24443444172994,1,12,3.84256542016303,2.80045606702808,3.02908885860524,-0.482821522223747,2.77244382588918,3.6653999675039,-2.13904125849557,0.45,0.761060445462728,0.962568566323007,-0.418583245004501,0.543985321318506,0.304,"learner",9
"Speaker15","Tone2","i","Speaker15_Tone 2_i",3.95483539704704,3.95540240368636,3.84505851806231,3.29912861954269,2.25296454755055,1.29230061409976,0.84451603364846,0.771132263744806,0.738124431738255,0.69559080801966,0.658174647307468,0.635754410564515,0.642206446642582,0.68002909065906,0.737912592298855,0.802980669487963,0.889554633470959,1.00064374728336,1.38520950194614,2.21777798552138,85.6693566651517,309.05090948703,3.31964799312185,3.95483539704704,2.25296454755055,0.69559080801966,0.737912592298855,2.21777798552138,2,12,3.95540240368636,0.635754410564515,1.47184231684559,-2.48239903278221,10.6159708448389,4.46749529965814,-10.5386603002825,0.39,1.7681800536817,4.11007751711018,-1.07858983274583,3.03148768436434,0.345,"learner",7.8
"Speaker15","Tone2","u","Speaker15_Tone 2_u",3.88025519025902,3.37200713827384,3.17579098887972,3.03369353271524,2.88912115234885,2.86379485148937,3.074687178178,3.26744507254931,3.28848244248798,3.26631971770882,3.2498609105825,3.24455850288398,3.24468861420555,3.26106115579929,3.32637290838742,3.42902893849152,3.54431351398236,3.67574498474375,3.80456507937608,3.85893771396738,85.6693566651517,309.05090948703,1.01646033876966,3.88025519025902,2.88912115234885,3.26631971770882,3.32637290838742,3.85893771396738,1,6,3.88025519025902,2.86379485148937,3.31734446690231,0.460437367556765,2.30188942080318,3.77919920382913,-5.28074938596857,0.17,1.03356854055688,0.897727395614657,-0.85786188866221,0.0398655069524474,0.456,"learner",3.4
"Speaker15","Tone3","a","Speaker15_Tone 3_a",3.28156671381237,3.16471196556908,2.67486176981597,1.3184068087421,0.186458753110875,0.0515707593554317,0.019071544170739,0,0.00193975900177662,0.00738831985599555,0.0109796851264083,0.0254119188127256,0.0590133087874504,0.195097375626486,0.942998944263518,2.36959035299979,3.42313863699329,3.82342792972774,3.98053713571734,4.1378733200147,85.6693566651517,309.05090948703,4.1378733200147,3.28156671381237,0.186458753110875,0.00738831985599555,0.942998944263518,4.1378733200147,20,8,4.1378733200147,0,1.32757583184208,1.54810594354412,17.7984116785751,2.94294365773031,-7.8813592140373,0.5,10.9775711011255,3.94067960701865,-5.48878555056277,-1.54810594354411,0.497,"learner",10
"Speaker15","Tone3","i","Speaker15_Tone 3_i",3.18094322338016,3.34687680144653,3.17482964810285,2.61010259006807,1.49980350590924,0.803631668649724,0.715738881995641,0.714713640002096,0.719749176044322,0.723665463848255,0.727342061246493,0.736038836287938,0.745837854326048,0.757564304364728,1.09579276124721,2.42923592270139,3.59401136264724,3.98226325605575,4.15559131404922,4.38012799358038,85.6693566651517,309.05090948703,3.66541435357829,3.18094322338016,1.49980350590924,0.723665463848255,1.09579276124721,4.38012799358038,20,8,4.38012799358038,0.714713640002096,1.87046485521761,1.06841609336137,15.3020100211263,3.24606224272012,-6.06955471109976,0.55,10.572571978239,3.33825509110487,-4.75765739020756,-1.41940229910269,0.468,"learner",11
"Speaker15","Tone3","u","Speaker15_Tone 3_u",3.63082815553697,3.30764427261948,2.98826923629087,2.40493989209007,1.48360568326891,0.871667798954245,0.63301189959967,0.524420527963385,0.569427093914938,0.705224695859614,0.781733756743903,0.782149233163693,0.80416976378894,1.56945067883628,3.0030320425714,3.77964848447065,3.97649631849938,4.0650996341865,4.09967259120769,4.22125125193175,85.6693566651517,309.05090948703,3.69683072396837,3.63082815553697,1.48360568326891,0.705224695859614,3.0030320425714,4.22125125193175,20,8,4.22125125193175,0.524420527963385,2.08078316675667,1.63389216967777,14.7406541552807,3.75304348078947,-9.6417850645798,0.4,7.95165782791501,3.85671402583192,-4.770994696749,-0.914280670917085,0.469,"learner",8
"Speaker16","Tone2","a","Speaker16_Tone 2_a",3.09047185678289,1.89002756351786,1.31426731573146,1.31019918433514,1.262266762858,1.04174815251866,0.790191200996091,0.589398627752476,0.460457739744048,0.382006059318574,0.325148306198222,0.297990188019387,0.37576657278954,0.691468223325043,1.35658988243353,2.37612191325724,3.50945936406748,4.2440783688287,4.24720095763889,3.77346917180743,200.164209883111,313.675214631418,3.9492107696195,3.09047185678289,1.262266762858,0.382006059318574,1.35658988243353,3.77346917180743,19,12,4.24720095763889,0.297990188019387,1.5481444405808,1.97669922164746,13.4830000217364,2.22550078513447,-4.12813767849859,0.57,11.1101805040254,2.3530384767442,-4.77737761673091,-2.42433913998671,0.411,"learner",11.4
"Speaker16","Tone2","i","Speaker16_Tone 2_i",3.60907073725425,2.78188933259035,1.94150734084455,1.42123565202009,1.1252292124087,0.910808102054441,0.740629159276796,0.622428789907757,0.519066605339457,0.421010103749061,0.348497183368212,0.310408679379282,0.29661613675899,0.315350894942831,0.403869914904293,0.621902193780515,1.06607173043582,1.75255079009294,2.52781433740013,2.90147080271583,200.164209883111,313.675214631418,3.31245460049526,3.60907073725425,1.1252292124087,0.421010103749061,0.403869914904293,2.90147080271583,1,13,3.60907073725425,0.29661613675899,1.12994156218654,-0.580267023141962,11.6199997963128,2.66633366635489,-4.9534688842547,0.61,7.70840519115445,3.02161601939537,-3.00627802455023,0.0153379948451344,0.302,"learner",12.2
"Speaker16","Tone2","u","Speaker16_Tone 2_u",3.20463016378577,2.15011114064371,1.36004669500135,0.9275884421165,0.727802187698806,0.724678258514804,0.794562979573063,0.825225655059835,0.787079974951914,0.738088636985106,0.778972946728998,0.990600332421458,1.40912905144224,2.02555009179039,2.73489968697178,3.2688091608629,3.26134551239623,2.83885890868762,2.4809082834994,2.24314700128311,200.164209883111,313.675214631418,2.5441309023481,3.20463016378577,0.727802187698806,0.738088636985106,2.73489968697178,2.24314700128311,16,6,3.2688091608629,0.724678258514804,1.65160268089528,1.40153340243472,7.06789450730406,3.06697750877082,-14.756702410402,0.19,3.37931368387362,2.80377345797639,-2.73724408393763,0.0665293740387538,0.347,"learner",3.8
"Speaker16","Tone3","a","Speaker16_Tone 3_a",2.46104054763188,1.41317452419319,1.12229849166586,1.3458451267781,1.32848208147149,0.855710449736954,0.479297609955481,0.262148631812763,0.150887558170784,0.0555052863404316,0,0.0570353869225755,0.186619214943789,0.314655652403866,0.448545214794035,0.625075572393193,0.938941303988801,1.51245344147181,2.42785795217519,3.3981220292036,200.164209883111,313.675214631418,3.3981220292036,2.46104054763188,1.32848208147149,0.0555052863404316,0.448545214794035,3.3981220292036,20,11,3.3981220292036,0,0.87808598109752,0.319251138210662,10.3852657883893,1.78879756373715,-3.28854070271619,0.66,9.64993513299732,2.17043686379268,-3.28097794521909,-1.1105410814264,0.518,"learner",13.2
"Speaker16","Tone3","i","Speaker16_Tone 3_i",2.38039576823216,1.29333881653247,0.911881903732443,1.16472395027609,1.52728865257396,1.36697182270465,1.08541759568093,0.868420452209527,0.593704635680938,0.354223019439269,0.232277226166219,0.178380498259728,0.207669202361806,0.334925907217915,0.586649881426959,0.96756660639519,1.5768770645217,2.28717255814452,2.5801604465917,2.5719331502,200.164209883111,313.675214631418,2.40177994833197,2.38039576823216,1.52728865257396,0.354223019439269,0.586649881426959,2.5719331502,19,12,2.5801604465917,0.178380498259728,1.08197127899483,0.405679600232684,8.15415539717372,1.80181392048942,-2.75127903462142,0.65,8.06607246442781,1.78833137250392,-2.82312536254973,-1.03479399004581,0.563,"learner",13
"Speaker16","Tone3","u","Speaker16_Tone 3_u",1.76134945419537,0.904783648475143,0.372086423049025,0.403267272578758,0.728163550262555,0.930143645337333,0.845736946013272,0.61459752310761,0.37383547035069,0.237958318805017,0.183680351325871,0.146504676650771,0.140630789997269,0.225937737775989,0.512326319770229,1.0853679208913,1.79982806693736,2.44062988461499,2.65787666954117,2.70752930216156,200.164209883111,313.675214631418,2.56689851216429,1.76134945419537,0.728163550262555,0.237958318805017,0.512326319770229,2.70752930216156,20,13,2.70752930216156,0.140630789997269,0.884878560568568,1.2812519199236,7.83557773467868,1.10928785461741,-1.65255100810138,0.66,8.86882604597083,1.09068366534691,-3.01540085563008,-1.92471719028318,0.514,"learner",13.2
"Speaker17","Tone2","a","Speaker17_Tone 2_a",2.79756294277263,2.3984245347289,2.12234048636336,2.01748446811983,1.93413046889837,1.89307234267475,1.88750470370194,1.90953520135102,1.94168517524411,1.98220900566028,2.03145662010128,2.09063730974353,2.15723933490067,2.23645329290032,2.34297142609989,2.496777253676,2.71684873456794,2.96585231799415,3.145338861445,3.27607019168787,87.1066829877769,435.999722600651,1.38856548798593,2.79756294277263,1.93413046889837,1.98220900566028,2.34297142609989,3.27607019168787,20,7,3.27607019168787,1.88750470370194,2.28113698305701,0.827843791647242,4.10887356550185,2.57606260608374,-2.71783733716607,0.34,2.19881289254149,0.924064694636466,-1.45121650907738,-0.527151814440916,0.305,"learner",6.8
"Speaker17","Tone2","i","Speaker17_Tone 2_i",2.72388724299574,2.4404990337801,2.26947884987463,2.21138925628287,2.15810488904713,2.12018267633244,2.0933794854789,2.07493322037228,2.06683605411232,2.0692011317831,2.08272969844005,2.1088811059134,2.15589809017693,2.2181132498152,2.28773715195735,2.37850753444205,2.52747000934544,2.71028304712278,2.78719804830645,2.50671128031258,87.1066829877769,435.999722600651,0.720361994194133,2.72388724299574,2.15810488904713,2.0692011317831,2.28773715195735,2.50671128031258,19,9,2.78719804830645,2.06683605411232,2.27845614986725,0.254838521512992,2.40709893371618,2.54084416618423,-1.50678356213145,0.4,1.24187595364414,0.602713424852581,-0.745125572186481,-0.1424121473339,0.308,"learner",8
"Speaker17","Tone2","u","Speaker17_Tone 2_u",2.89805577194951,2.45849543787368,2.17395626575246,2.09493671952915,2.053262027019,2.01978663979421,2.00153531856663,1.99451528705389,1.99638464147843,2.00567705393585,2.02963643854081,2.08390123733639,2.16982927938344,2.28969656740475,2.44130178016503,2.62269443654691,2.82739412311119,3.02126296081678,3.14734639459758,3.13241615149124,87.1066829877769,435.999722600651,1.15283110754369,2.89805577194951,2.053262027019,2.00567705393585,2.44130178016503,3.13241615149124,19,8,3.14734639459758,1.99451528705389,2.33848547631919,0.737606582742406,3.94653753399013,2.55273343881756,-1.74366476973287,0.44,2.49613544969274,0.767212498682464,-1.39783585182794,-0.630623353145471,0.281,"learner",8.8
"Speaker17","Tone3","a","Speaker17_Tone 3_a",3.77654974776739,4.64621753873821,5,4.48048752453738,3.33576293099779,2.59197450612313,2.55231438923253,2.52591055318716,2.45591813064616,2.42926467924291,2.39346979585939,2.34668895291515,2.32766921644432,2.37178476585448,2.46619501249638,2.62372455152059,2.8434642286401,3.10338654420457,3.33477508498911,3.56206951283981,87.1066829877769,435.999722600651,2.67233078355568,3.77654974776739,3.33576293099779,2.42926467924291,2.46619501249638,3.56206951283981,3,13,5,2.32766921644432,2.99421561726204,-1.25261407059688,7.31489732967564,4.71856968711004,-5.8732937851541,0.45,2.21768642728892,2.64298220331934,-1.21972753500891,1.42325466831044,0.436,"learner",9
"Speaker17","Tone3","i","Speaker17_Tone 3_i",1.59023194867096,0.557006053406837,0.194979806608962,0.132861078475323,0.0760522441405889,0.0387377921314484,0.0170008661775488,0.00343040141809003,0,0.00602163203196771,0.0145115117849298,0.0262698523977424,0.0524831913878827,0.104209190163643,0.269219438614166,1.02974368782765,2.1082064172482,2.75285640160105,2.93171917183647,3.21096688013571,87.1066829877769,435.999722600651,3.21096688013571,1.59023194867096,0.0760522441405889,0.00602163203196771,0.269219438614166,3.21096688013571,20,9,3.21096688013571,0,0.668373973519049,2.12456696276661,9.96946014536579,0.640314193990222,-1.36361080488281,0.66,11.1458979881219,0.899983131222656,-3.78960531596145,-2.88962218473879,0.385,"learner",13.2
"Speaker17","Tone3","u","Speaker17_Tone 3_u",2.80898177918262,2.51164567239726,2.40960845967515,2.32381087696895,2.27396179125925,2.3367953651943,2.38617387394097,2.26829019184162,1.86229218342177,1.19181571847187,0.82810905990881,0.778989872578587,0.750810276628957,0.897829036949356,1.40181039410425,2.13958260749001,2.60161554940918,2.82614894532598,3.02389557681163,3.35232789542631,87.1066829877769,435.999722600651,2.60151761879735,2.80898177918262,2.27396179125925,1.19181571847187,1.40181039410425,3.35232789542631,20,13,3.35232789542631,0.750810276628957,1.98181052924668,-0.0374438596744206,7.62822188970393,2.9379217565323,-3.26606209717756,0.65,7.79683177343734,2.12294036316541,-2.72889112070307,-0.605950757537656,0.468,"learner",13
"Speaker18","Tone2","a","Speaker18_Tone 2_a",3.08695905606521,1.9047898410639,1.17058595996664,1.08595504348424,1.03961715903926,0.991288992951828,0.942770992308885,0.902762798897245,0.882682215987629,0.877965755366501,0.893165993876027,0.934076720429146,1.04815642301732,1.24772217791175,1.54762275315133,1.88004782917022,2.18208233379571,2.42728768232686,2.60290189583436,2.5312291994723,119.907688535145,227.881749721017,2.20899330069871,3.08695905606521,1.03961715903926,0.877965755366501,1.54762275315133,2.5312291994723,1,10,3.08695905606521,0.877965755366501,1.44531232178145,0.738456709288221,7.25851901437846,2.48303605407387,-7.10112210510654,0.29,2.90371383481154,2.0593254104809,-2.0616368227162,-0.00231141223530029,0.291,"learner",5.8
"Speaker18","Tone2","i","Speaker18_Tone 2_i",1.80539343678739,1.21886083996765,0.869493916297462,0.734437446177395,0.626316607489699,0.563940604401736,0.53683055037846,0.533016718029575,0.545557217635965,0.571190842352707,0.617317551248363,0.697325423912815,0.828403197164356,1.00844164420893,1.24109849146859,1.52802702801298,1.83478156836643,2.08955352075173,2.17586627693763,1.9184922549316,119.907688535145,227.881749721017,1.64284955890805,1.80539343678739,0.626316607489699,0.571190842352707,1.24109849146859,1.9184922549316,19,8,2.17586627693763,0.533016718029575,1.05050925315651,1.03308878025818,5.32471241833051,1.41805819032906,-3.02762837562366,0.39,3.17557135942509,1.18077506649323,-1.9370985292493,-0.756323462756076,0.309,"learner",7.8
"Speaker18","Tone2","u","Speaker18_Tone 2_u",2.46295846840612,1.47906365716602,0.917866733071907,0.810821749569281,0.696572551691207,0.599114490938739,0.546107138865619,0.530967558837275,0.530364842015512,0.536985595092937,0.584594618622782,0.700387090271068,0.901452114531361,1.12392060384598,1.32556554303005,1.50337061470301,1.69109732280467,1.92581216912351,2.04750928458188,1.75642762520046,119.907688535145,227.881749721017,1.93259362639061,2.46295846840612,0.696572551691207,0.536985595092937,1.32556554303005,1.75642762520046,1,9,2.46295846840612,0.530364842015512,1.08206328483178,0.638141208593962,5.86925623168303,2.11423400229445,-7.9908843192788,0.24,2.27441438561456,1.91781223662691,-1.72855493306706,0.18925730355985,0.309,"learner",4.8
"Speaker18","Tone3","a","Speaker18_Tone 3_a",1.80141861048927,1.27631246456606,1.03499041300601,0.975018462727111,0.884471729241808,0.782760832643123,0.700886446651645,0.65928355820367,0.632958567084007,0.600659211307687,0.568122570816983,0.554222229708295,0.567430122483579,0.644828366652358,0.818501062775233,1.05950084825577,1.33563916955538,1.67848012584916,2.05215233242591,2.57813983734351,119.907688535145,227.881749721017,2.02391760763521,1.80141861048927,0.884471729241808,0.600659211307687,0.818501062775233,2.57813983734351,20,12,2.57813983734351,0.554222229708295,1.00631181104896,0.620199413348457,6.15338222260236,1.32659607341164,-1.50344726656648,0.66,6.11249967914582,0.992275195933875,-2.07824989090958,-1.0859746949757,0.336,"learner",13.2
"Speaker18","Tone3","i","Speaker18_Tone 3_i",1.28475447497831,0.660206399069534,0.368142815952396,0.265014174671945,0.199758856296333,0.175663254037004,0.167469686796309,0.161859758088986,0.160537268495426,0.176391646167681,0.222382043928065,0.303579005883226,0.440767771134568,0.673526703014842,0.976038191030116,1.23972837996515,1.41614237629683,1.5411593426276,1.70792288664476,2.26335775734782,119.907688535145,227.881749721017,2.10282048885239,1.28475447497831,0.199758856296333,0.176391646167681,0.976038191030116,2.26335775734782,20,9,2.26335775734782,0.160537268495426,0.671000404097738,1.32885215938611,5.61104984969128,0.818210931687285,-2.07858376261767,0.45,3.88796192399286,0.935362693177954,-2.13837905819607,-1.20301636501812,0.359,"learner",9
"Speaker18","Tone3","u","Speaker18_Tone 3_u",0.970474585427594,0.300663834384564,0.00469565771392452,0,0.0101827674396797,0.0363553998350637,0.0773483640787773,0.127244054690799,0.200427263915445,0.303893889051964,0.426032530012661,0.544248342020414,0.680048063629155,0.837121980095907,1.00322464963939,1.14851881438151,1.34002261058935,1.65922716226088,2.07018685464477,2.6181298597302,119.907688535145,227.881749721017,2.6181298597302,0.970474585427594,0.0101827674396797,0.303893889051964,1.00322464963939,2.6181298597302,20,4,2.6181298597302,0,0.674219048972055,1.91550235798179,4.97989451337535,0.480545023544027,-1.57789029851288,0.39,3.75865779615071,0.615377216420022,-2.29278125565193,-1.67740403923191,0.323,"learner",7.8
"Speaker19","Tone2","a","Speaker19_Tone 2_a",3.40127456394714,2.95813065671805,2.65207525836821,2.57115849510397,2.62470536640128,2.77566401355143,2.93438315667304,3.00852536350042,2.99055972807082,2.94738427065878,2.88939769611349,2.81023820316808,2.68714640371639,2.60506235926113,2.60429712571243,2.7136098448462,2.88570891910498,3.06520543825375,3.12903005745694,3.01470969086078,101.680252009819,270.141954952856,0.830116068843167,3.40127456394714,2.62470536640128,2.94738427065878,2.60429712571243,3.01470969086078,1,4,3.40127456394714,2.57115849510397,2.85345388642546,0.0110174453786098,1.13537663297511,3.37290153621334,-6.74257304242185,0.1,0.282513261953726,0.674257304242185,-0.254261935758353,0.419995368483832,0.268,"learner",2
"Speaker19","Tone2","i","Speaker19_Tone 2_i",3.56295068510403,3.20261079531157,2.92381408415309,2.76266433578512,2.66188828976355,2.54210783862287,2.34755641516508,2.0198299023588,1.5008707342181,0.859331915970671,0.291922727699441,0,0.135849043958627,0.63659313558125,1.32842391023729,2.02514118539281,2.5448412937766,2.82044433448534,2.85108731322126,2.70253112283639,101.680252009819,270.141954952856,3.56295068510403,3.56295068510403,2.66188828976355,0.859331915970671,1.32842391023729,2.70253112283639,1,12,3.56295068510403,0,1.89523195132399,-1.01571655447584,10.3501742118244,3.75648095935301,-5.87876196204356,0.6,7.66363835635062,3.52725717722613,-3.06545534254025,0.461801834685886,0.229,"learner",12
"Speaker19","Tone3","a","Speaker19_Tone 3_a",2.67867392598254,2.35141985319167,2.10010685752086,1.91109467784937,1.68162968772625,1.45533257977526,1.29193555832319,1.24643635605456,1.31964301562117,1.42729278809604,1.51841300633613,1.63646835946271,1.87790239066309,2.22542987829707,2.58731441141531,2.84160497129473,2.9617553741298,2.99646315724792,3.00729851396452,3.24564740956368,101.680252009819,270.141954952856,1.99921105350912,2.67867392598254,1.68162968772625,1.42729278809604,2.58731441141531,3.24564740956368,20,8,3.24564740956368,1.24643635605456,2.06496193115539,1.18153311764814,6.05695765162597,2.60250194108953,-4.28035771769391,0.36,3.57669299940928,1.54092877836981,-2.28908351962194,-0.748154741252132,0.31,"learner",7.2
"Speaker19","Tone3","i","Speaker19_Tone 3_i",2.46560105148618,2.24221842966215,2.03569805956137,1.79626868703495,1.53593893567237,1.37637188358325,1.41484288319632,1.75228067462223,2.20847720251792,2.57776975014568,2.65889452967264,2.54187880117895,2.43320832893022,2.46771856056756,2.60625454930455,2.74073608227701,2.84205986156994,2.87903419182622,2.96757090479493,3.31977785019687,101.680252009819,270.141954952856,1.94340596661363,2.46560105148618,1.53593893567237,2.57776975014568,2.60625454930455,3.31977785019687,20,6,3.31977785019687,1.37637188358325,2.32355663724032,1.29976412426399,2.23137029607047,2.47687364112335,-4.39319572522799,0.21,2.13047793742739,0.922571102297878,-1.68307757056764,-0.76050646826976,0.273,"learner",4.2
"Speaker19","Tone3","u","Speaker19_Tone 3_u",2.89913615786933,2.73430089133449,2.59454900869226,2.48970799196946,2.4262880043605,2.3579078525031,2.29978845940814,2.26523009624049,2.25764382735521,2.27189327454566,2.29909632470182,2.32865375690781,2.35474389208165,2.37832829460746,2.40356349698192,2.43746340379539,2.48306191234895,2.67493312692385,2.99359099837934,3.3990756328545,101.680252009819,270.141954952856,1.1414318054993,2.89913615786933,2.4262880043605,2.27189327454566,2.40356349698192,3.3990756328545,20,9,3.3990756328545,2.25764382735521,2.4893361930549,0.239965077734232,3.20472549375139,2.62323972113043,-0.537855400860474,0.77,4.69350357021897,0.414148658662565,-1.07950582115036,-0.665357162487797,0.199,"learner",15.4
"Speaker20","Tone2","a","Speaker20_Tone 2_a",2.78283199886343,2.40872511501166,2.01022210697113,1.57821498628697,1.07149452944034,0.598607767635774,0.263647769891301,0.105446270558665,0.0299143435410273,0,0.00574948187267523,0.0349297319580523,0.136565197282484,0.602763753999701,1.32006090198113,2.09374241355289,2.59918029430201,2.87315792632812,3.09491339134258,3.48015389504121,84.010426872289,364.650762202571,3.48015389504121,2.78283199886343,1.07149452944034,0,1.32006090198113,3.48015389504121,20,10,3.48015389504121,0,1.2354361620503,1.02027014462003,13.5751122186748,2.60037717277897,-6.39393582751833,0.5,8.43447611675838,3.19696791375916,-4.21723805837919,-1.02027014462002,0.266,"learner",10
"Speaker20","Tone2","i","Speaker20_Tone 2_i",3.74822852928978,3.73123333009074,3.34581938343222,2.74960220176848,2.24558015746095,2.00946647562595,1.94084118587562,1.91412494325492,1.91305728332382,1.92524034854772,1.94754531391807,1.9571603509672,1.88827324233573,1.70126362979947,1.46359802136877,1.43029853250409,1.75279146265396,2.26081257807785,2.76840281943543,3.23358878199697,84.010426872289,364.650762202571,2.31792999678569,3.74822852928978,2.24558015746095,1.92524034854772,1.46359802136877,3.23358878199697,1,16,3.74822852928978,1.43029853250409,2.23541237835658,-1.01303595371681,6.94648172619812,3.2944488204681,-2.70660421279102,0.77,8.68376637921253,2.08408524384908,-1.99726626721888,0.0868189766302021,0.266,"learner",15.4
"Speaker20","Tone2","u","Speaker20_Tone 2_u",2.68783091249749,2.48323850317579,2.3327431363547,2.24352725043439,2.22750495306207,2.22030993452254,2.21787801203589,2.22410163981134,2.24032849068495,2.26882148618437,2.30963611154602,2.36036577322897,2.41698111374479,2.47487036965704,2.53032713521464,2.58141644030985,2.62724840437055,2.70772658587449,2.93380497961015,3.30130108252546,84.010426872289,364.650762202571,1.08342307048957,2.68783091249749,2.22750495306207,2.26882148618437,2.53032713521464,3.30130108252546,20,7,3.30130108252546,2.21787801203589,2.44809472744956,0.568230594083514,2.43998626536874,2.53159979870322,-1.08600345162448,0.4,1.49509847328358,0.434401380649792,-0.897059083970149,-0.462657703320357,0.191,"learner",8
"Speaker20","Tone3","a","Speaker20_Tone 3_a",4.24185399367028,4.70221104019175,5,4.99539480330452,4.72693101152915,4.16464303185599,3.53872598757879,3.01891845488395,2.62118859459335,2.25871896953871,1.76825791375524,1.21422684773476,0.759268487491017,0.528974007440137,0.550266017129927,0.76087540568405,1.18282405338597,1.73105425955987,2.24688863531978,2.60238661322679,84.010426872289,364.650762202571,4.47102599255986,4.24185399367028,4.72693101152915,2.25871896953871,0.550266017129927,2.60238661322679,3,14,5,0.528974007440137,2.56672356665176,-4.06745473939883,7.29107973058134,5.45299693916993,-6.81235163395468,0.75,9.3233958566941,5.10926372546601,-2.33084896417353,2.77841476129249,0.249,"learner",15
"Speaker20","Tone3","i","Speaker20_Tone 3_i",3.73276220325694,3.82422755487774,3.73952453937466,3.47791467255463,3.08072871854836,2.63164826179807,2.148456015816,1.67600753395577,1.25225293487904,0.920503719044226,0.689766373721945,0.532369904479794,0.424634432445905,0.358240278567903,0.330585201181579,0.329125949419752,0.333888925429148,0.484537231546479,0.851702460520475,1.38520512600771,84.010426872289,364.650762202571,3.49510160545799,3.73276220325694,3.08072871854836,0.920503719044226,0.330585201181579,1.38520512600771,2,16,3.82422755487774,0.329125949419752,1.54905938937082,-3.67128022160903,6.97049722505555,4.1707380161185,-6.35993315812385,0.65,2.85276400937509,4.1339565527805,-0.998467403281283,3.13548914949922,0.209,"learner",13
"Speaker21","Tone2","a","Speaker21_Tone 2_a",3.05505856147962,2.70665271396954,2.48110658471541,2.38322603122894,2.29498710690058,2.24012036595942,2.21900140638591,2.21583699643884,2.23555647650791,2.28692886778259,2.35587763158529,2.40910694093348,2.43090587635528,2.44042885360319,2.50456235921028,2.69307380385262,3.06195057655821,3.50902034019078,3.83646235255356,3.78679417585586,67.8286056539375,377.116248023438,1.62062535611472,3.05505856147962,2.29498710690058,2.28692886778259,2.50456235921028,3.78679417585586,19,8,3.83646235255356,2.21583699643884,2.6149818421638,0.961796203477154,4.82802071911041,2.61165918497836,-0.641693918206218,0.66,5.10883690700784,0.423517986016104,-1.73700454838267,-1.31348656236656,0.319,"learner",13.2
"Speaker21","Tone2","i","Speaker21_Tone 2_i",2.97138828674493,2.60593114739381,2.42332516104206,2.39390335232736,2.36532580078325,2.33691189382877,2.30929429939834,2.29785983958388,2.31243346835158,2.33439642190252,2.33837510434612,2.31755822682946,2.29550828232331,2.31287406756974,2.43798952181302,2.69593441995111,3.06024065160368,3.41401336120811,3.61956390118852,3.51743742767313,67.8286056539375,377.116248023438,1.32405561886521,2.97138828674493,2.36532580078325,2.33439642190252,2.43798952181302,3.51743742767313,19,13,3.61956390118852,2.29550828232331,2.58195113264388,0.795834934238681,4.11107930301542,2.61181452354481,-0.647368114786817,0.66,4.52833175903056,0.4272629557593,-1.53963279807039,-1.11236984231109,0.319,"learner",13.2
"Speaker21","Tone2","u","Speaker21_Tone 2_u",3.12376861269688,2.56013475878717,2.3591565523866,2.32459508037992,2.32264464499908,2.28554623046471,2.03137775654346,1.56088069276483,1.36685312367886,1.80601051929962,2.33509838134036,2.59117980660755,2.63663483292798,2.63262475994142,2.69413860723595,2.8869405823708,3.23599182667343,3.65095719320362,3.94675156630024,3.87398779150947,67.8286056539375,377.116248023438,2.57989844262138,3.12376861269688,2.32264464499908,1.80601051929962,2.69413860723595,3.87398779150947,19,9,3.94675156630024,1.36685312367886,2.55896905293595,1.32465673966701,5.96158588993974,2.89918518051176,-3.14708219478394,0.41,3.98274036062481,1.29030369986142,-2.34981681276864,-1.05951311290722,0.375,"learner",8.2
"Speaker21","Tone3","a","Speaker21_Tone 3_a",3.24715107895325,2.38448241953996,2.1534906798392,1.59463718687002,0.775906021709035,0.210110687576892,0.443422633944111,0.908587243524136,0.523149935467495,0,0.635378013810478,1.45571131831388,1.64460085914433,1.74920938599301,2.20388758228739,2.58543989679901,2.7311139524117,3.015477324985,3.36811828641147,3.80502763101065,67.8286056539375,377.116248023438,3.80502763101065,3.24715107895325,0.775906021709035,0,2.20388758228739,3.80502763101065,20,10,3.80502763101065,0,1.67337135177315,1.55897091483303,11.2146080878296,3.21837409605261,-11.4329506375312,0.29,5.14728240215986,3.31555568488405,-3.6545705055335,-0.339014820649448,0.663,"learner",5.8
"Speaker21","Tone3","i","Speaker21_Tone 3_i",3.06787884503257,2.43547057758472,2.20606416954666,1.80748660195843,1.6201521800466,1.70963940033974,1.66147365824925,1.48743008572453,1.18119615781194,0.951038449018868,0.939797351817813,1.2776259703908,1.36384328454816,1.08710962126403,1.51801889673507,2.44408150471742,2.88833118096988,3.2296234876853,3.50439859057627,3.85792003696108,67.8286056539375,377.116248023438,2.91812268514327,3.06787884503257,1.6201521800466,0.951038449018868,1.51801889673507,3.85792003696108,20,11,3.85792003696108,0.939797351817813,1.92783256427166,0.936644746877437,9.58699396361125,2.64787207051946,-3.46223587197717,0.56,7.14343308436506,1.93885208830721,-3.14311055712062,-1.20425846881341,0.674,"learner",11.2
"Speaker21","Tone3","u","Speaker21_Tone 3_u",3.15223951525344,2.54360009993552,2.47302966641387,2.25365302368077,1.9953474619225,1.87030718963114,1.70111244550369,1.52538519886118,1.65354153725809,1.89978881667735,1.46482802372536,0.910003143575259,1.51997710396412,3.67282971413097,4.78542867924182,4.98704868813576,5,4.71196097809522,3.7612978678234,3.17837390898677,67.8286056539375,377.116248023438,4.08999685642474,3.15223951525344,1.9953474619225,1.89978881667735,4.78542867924182,3.17837390898677,17,12,5,0.910003143575259,2.69089853249726,2.29625867470206,7.07815975336526,2.93008261119412,-4.03569866499896,0.4,5.84405645208499,1.61427946599958,-3.506433871251,-1.89215440525141,0.548,"learner",8
"Speaker22","Tone2","a","Speaker22_Tone 2_a",3.1757339355221,2.77701924017722,2.47746351481956,2.36075893263434,2.32630945177687,2.31836508532828,2.31500527112182,2.31545495647516,2.31748170899944,2.32149704819499,2.33289795555087,2.35522004514288,2.38161588560531,2.40012827593706,2.4136063778208,2.45329946115616,2.5443945017352,2.6814573674179,2.817341507854,2.85579838240875,78.4195304411094,406.837827022101,0.860728664400283,3.1757339355221,2.32630945177687,2.32149704819499,2.4136063778208,2.85579838240875,1,7,3.1757339355221,2.31500527112182,2.47456102212198,0.0479888079912338,2.56288224046315,3.10606813536021,-5.1395865960021,0.18,0.623808291153018,0.925125587280379,-0.511522798745474,0.413602788534904,0.329,"learner",3.6
"Speaker22","Tone2","i","Speaker22_Tone 2_i",2.47166268366624,2.40488286576206,2.35839262777496,2.32516790598496,2.29733940719356,2.28139390993135,2.27702608561034,2.28328505010808,2.30477387039557,2.33772666814081,2.36766191589854,2.39530493969065,2.43138055155868,2.48066315113288,2.54323783716831,2.6317578304922,2.76174722114976,2.92729089276478,3.09091219660056,3.10361392427291,78.4195304411094,406.837827022101,0.826587838662569,2.47166268366624,2.29733940719356,2.33772666814081,2.54323783716831,3.10361392427291,20,7,3.10361392427291,2.27702608561034,2.48684467792407,0.66258915272489,1.9284694678506,2.37140146352402,-0.103631318137031,0.6,2.03010659276405,0.0621787908822187,-0.812042637105618,-0.7498638462234,0.355,"learner",12
"Speaker22","Tone2","u","Speaker22_Tone 2_u",2.56450210594087,2.39987462912814,2.33254165051021,2.3045511093706,2.29072560713838,2.27524197735426,2.26367070941233,2.27027552673419,2.27978297449102,2.28327101147787,2.29424491480194,2.32449904779497,2.38261729236836,2.47443441386648,2.59938612291585,2.7638377213727,2.92843382863385,3.05406234936928,3.13987843504439,3.15946995885593,78.4195304411094,406.837827022101,0.895799249443599,2.56450210594087,2.29072560713838,2.28327101147787,2.59938612291585,3.15946995885593,20,7,3.15946995885593,2.26367070941233,2.49836813635945,0.758877816978405,2.38225035853818,2.41782915890176,-0.358717744997651,0.55,2.24694812830966,0.197294759748708,-1.01112665773935,-0.813831897990638,0.487,"learner",11
"Speaker22","Tone3","a","Speaker22_Tone 3_a",2.75721469464489,2.59109941014202,2.51862490685007,2.39308239468786,2.2486373202296,2.15685393749014,2.12843320253398,2.05649983682146,1.57326067954364,0.914832867033733,0.433827264376055,0.244420899007103,0.0425902500719224,0,0.174549125628629,0.438871283928254,1.35182537412041,2.43989019827411,2.85985358948079,3.11364377053506,78.4195304411094,406.837827022101,3.11364377053506,2.75721469464489,2.2486373202296,0.914832867033733,0.174549125628629,3.11364377053506,20,14,3.11364377053506,0,1.53994187272061,-1.00800947724522,9.34328924062863,3.10094744039981,-4.4633595834989,0.72,12.4397434079584,3.21361890011921,-3.48312815422834,-0.269509254109134,0.574,"learner",14.4
"Speaker22","Tone3","i","Speaker22_Tone 3_i",2.80102894418708,2.37478933933315,1.93323276713345,1.43572412257673,1.23930690456208,1.26484729830825,1.19140395554691,0.858314552565152,0.713421121488449,0.656776567003624,0.711917275350852,0.919341819964845,0.924418945586213,1.04459069346282,1.49106987964666,2.32437512981413,2.66984454878692,2.82092592073224,2.99618829019132,3.11792058513926,78.4195304411094,406.837827022101,2.46114401813564,2.80102894418708,1.23930690456208,0.656776567003624,1.49106987964666,3.11792058513926,20,10,3.11792058513926,0.656776567003624,1.59226525754454,0.855588169021516,9.37156100978947,2.45204262407597,-4.23372977205332,0.5,5.94490611009635,2.11686488602666,-2.97245305504817,-0.855588169021514,0.633,"learner",10
"Speaker22","Tone3","u","Speaker22_Tone 3_u",3.1476411711006,3.0021014561164,2.79065456580674,2.52463418301324,2.29505216149091,2.18728256159252,3.22147253333455,3.76751890280001,1.57951240964489,0.727701141313895,1.20092325405804,1.2369371634456,0.784049853095305,0.8761343518139,1.77121914899813,2.36965407668962,2.53799889083644,2.62372952859383,2.71894655084352,2.89117642178463,78.4195304411094,406.837827022101,3.03981776148612,3.1476411711006,2.29505216149091,0.727701141313895,1.77121914899813,2.89117642178463,8,10,3.76751890280001,0.727701141313895,2.15642612109152,-0.668996625347424,6.41716205589193,3.32885234500927,-3.60450871534062,0.63,5.62797113636896,2.27084049066459,-2.08234932045651,0.188491170208074,0.633,"learner",12.6
"Speaker23","Tone2","a","Speaker23_Tone 2_a",4.10006002956022,3.83411495613632,3.67407433314713,3.61567527282957,3.5741845038887,3.55443884893543,3.55527407644529,3.5622362009702,3.5677587459725,3.57298350663755,3.58330715693326,3.60613759628298,3.64355041221743,3.69231919679374,3.74644952186829,3.81286309616451,3.91363130591699,4.04677509116448,4.11915164145454,3.82658232688083,77.118887830955,326.879529681464,0.564712792519116,4.10006002956022,3.5741845038887,3.57298350663755,3.74644952186829,3.82658232688083,19,6,4.11915164145454,3.55443884893543,3.71475325750195,0.213691353874716,1.7470652199175,4.00974692047632,-2.35235901880533,0.24,0.700276934382918,0.564566164513279,-0.532210470131018,0.0323556943822609,0.315,"learner",4.8
"Speaker23","Tone2","i","Speaker23_Tone 2_i",4.40384604450319,4.13327362392293,3.85425290622912,3.6574921487745,3.56135986541685,3.51616070570171,3.51086820255605,3.52454555721962,3.55457047217387,3.59153874196324,3.62969557382617,3.6679259563033,3.70785765944313,3.75662656187039,3.81978134134593,3.89795429019046,3.99402163809023,4.11201339999295,4.18953403502356,4.03486989800854,77.118887830955,326.879529681464,0.892977841947141,4.40384604450319,3.56135986541685,3.59153874196324,3.81978134134593,4.03486989800854,1,7,4.40384604450319,3.51086820255605,3.78248799013539,0.166248395382164,2.67004427313303,4.35906694223227,-4.18548802735285,0.23,0.926288914345157,0.962662246291156,-0.713242464045771,0.249419782245385,0.318,"learner",4.6
"Speaker23","Tone2","u","Speaker23_Tone 2_u",4.26189881599179,3.85293194306915,3.57357898365071,3.48082597880265,3.42896303050222,3.41286673326411,3.41376925317793,3.42185042740521,3.43524402778395,3.45670943252554,3.48882036212726,3.53017322074905,3.58507426128234,3.65231820763183,3.72463020024954,3.80028999511514,3.89273202973567,4.03079229390343,4.20083282177213,4.26088702480424,77.118887830955,326.879529681464,0.84903208272768,4.26189881599179,3.42896303050222,3.45670943252554,3.72463020024954,4.26088702480424,1,6,4.26189881599179,3.41286673326411,3.66928944139029,0.397162819913972,2.96058122970734,4.13174434540268,-3.94626105068917,0.23,1.15575153301777,0.907640041658509,-0.889928680423679,0.0177113612348299,0.313,"learner",4.6
"Speaker23","Tone3","a","Speaker23_Tone 3_a",2.52010793564892,1.13111955120095,0.504582862841111,0.34474819649733,0.248569847469789,0.20866818016036,0.171055369179824,0.113989323655012,0.0641243821647256,0.0392698596351031,0.020765855330752,0,0.0758003849560687,0.356991499204405,0.7521360780424,1.09489202628171,1.83594685900631,2.95603558497014,3.70586229154099,3.77973252553959,77.118887830955,326.879529681464,3.77973252553959,2.52010793564892,0.248569847469789,0.0392698596351031,0.7521360780424,3.77973252553959,20,12,3.77973252553959,0,0.886145887346211,1.98516219074291,12.5484409384873,1.27868942511645,-2.88761017981003,0.61,11.2206866959202,1.76144220968412,-4.37606781140886,-2.61462560172474,0.375,"learner",12.2
"Speaker23","Tone3","i","Speaker23_Tone 3_i",3.47195629050576,2.77363862666586,2.10437622896114,1.51583178375056,1.12982904506784,1.01371612908793,1.00954805348919,1.01891103723451,1.02423903521327,1.03653808529445,1.05958723132834,1.07834566421937,1.07805064190752,1.04207372653274,0.979734075911675,0.963840942555691,1.06686021688531,1.2490386578208,1.44615274697089,2.04227703823974,77.118887830955,326.879529681464,2.50811534795007,3.47195629050576,1.12982904506784,1.03653808529445,0.979734075911675,2.04227703823974,1,16,3.47195629050576,0.963840942555691,1.34876878755098,-0.997440293181717,6.4362661877514,3.37235199888463,-11.0403342609336,0.23,0.756573645544658,2.53927688001473,-0.582561707069387,1.95671517294534,0.361,"learner",4.6
"Speaker23","Tone3","u","Speaker23_Tone 3_u",3.92291198583928,3.54220394365187,3.2777286745715,3.15703924589511,3.02302871974318,2.83959226672081,2.54880588140883,2.12873928430544,1.66694876828003,1.36027953642578,1.24897858423548,1.27479594706293,1.57495330891235,2.1945103305779,2.94315816036323,3.40829622219056,3.61405978650527,3.72617921752012,3.85521368174164,4.01823733844271,77.118887830955,326.879529681464,2.76925875420723,3.92291198583928,3.02302871974318,1.36027953642578,2.94315816036323,4.01823733844271,20,11,4.01823733844271,1.24897858423548,2.67757527064824,0.263337854860462,10.1126861871466,3.94030131028914,-5.03111050490844,0.54,6.91882045679377,2.71679967265056,-3.18265741012513,-0.465857737474573,0.323,"learner",10.8
"Speaker24","Tone2","a","Speaker24_Tone 2_a",3.8327083225228,3.44964668761165,3.24237182915866,3.18372071715578,3.13889971812808,3.11396828225007,3.1063968032893,3.11796095446761,3.15687297060586,3.2318387129621,3.34070043003583,3.4892777216566,3.69369465380924,3.92632113904963,4.15776500627722,4.39619474583994,4.63473239390502,4.85827684714891,5,4.87773130114152,71.4881692455432,261.393790156287,1.89360319671069,3.8327083225228,3.13889971812808,3.2318387129621,4.15776500627722,4.87773130114152,19,7,5,3.1063968032893,3.70938610121119,1.74659715157547,4.33973611291398,3.57513743739302,-1.65266213977976,0.39,3.54008670877125,0.644538234514108,-2.15945289235046,-1.51491465783636,0.328,"learner",7.8
"Speaker24","Tone2","i","Speaker24_Tone 2_i",3.7497533125262,3.53543165334809,3.41958373948528,3.39250026756982,3.3644678674032,3.33218880887716,3.31139321812058,3.30897716017304,3.32182356766625,3.35290867960639,3.41939609197863,3.53976158008942,3.72427806791148,3.95328861018444,4.1837843025889,4.40262734897801,4.59353244705204,4.75156632621021,4.74597554628018,4.55121800431318,71.4881692455432,261.393790156287,1.44258916603717,3.7497533125262,3.3644678674032,3.35290867960639,4.1837843025889,4.55121800431318,18,8,4.75156632621021,3.30897716017304,3.76953367974859,1.39677742759215,3.21356313072733,3.59038836797018,-0.824897690930712,0.44,2.97132501788706,0.362954984009513,-1.66394201001675,-1.30098702600724,0.269,"learner",8.8
"Speaker24","Tone2","u","Speaker24_Tone 2_u",3.67402751648277,3.33777134255772,3.15240240191199,3.12184015498851,3.1003987699483,3.08543353955158,3.08089642289606,3.08546675402077,3.10115566629817,3.13118023582452,3.18851667921272,3.27818118005875,3.40601210656095,3.57859487115235,3.78325841837234,4.00191897200343,4.20405729212039,4.3927946692613,4.50268242789352,4.41867517320907,71.4881692455432,261.393790156287,1.42178600499746,3.67402751648277,3.1003987699483,3.13118023582452,3.78325841837234,4.41867517320907,19,7,4.50268242789352,3.08089642289606,3.49978672818341,1.26426679626601,3.5883211747448,3.40511303996644,-0.997101523401244,0.45,2.96263761840304,0.44869568553056,-1.62945069012167,-1.18075500459111,0.287,"learner",9
"Speaker24","Tone3","a","Speaker24_Tone 3_a",4.29156788441272,3.53697822918367,3.21450077572959,2.76718507881342,1.74032527433762,0.635910318720032,0.265413453215077,0.298849974883487,0.371732516442276,0.347177477106458,0.293481041744202,0.276710822165555,0.301203889442532,0.469039379526671,0.674290729849023,1.4201209371256,2.90051662662896,3.67958631933679,3.91408902437926,4.10515418539569,71.4881692455432,261.393790156287,4.02615443119764,4.29156788441272,1.74032527433762,0.347177477106458,0.674290729849023,4.10515418539569,1,7,4.29156788441272,0.265413453215077,1.61657053734501,0.135716886318917,18.0828121917692,3.96473912600798,-9.39555235205098,0.5,9.6669861246888,4.69777617602549,-4.8334930623444,-0.135716886318915,0.497,"learner",10
"Speaker24","Tone3","i","Speaker24_Tone 3_i",4.13198106548123,3.54750847934603,3.30818918201078,3.10191090169591,2.91495854659806,2.77223712627861,2.61585935580174,2.15267443763387,1.29282005997871,0.635137381232851,0.297645700041448,0.0232693657687197,0.142623023889337,0.467732454751426,0.65079458387001,1.00277937536881,2.32106250079946,3.45158732314048,3.85177039951861,4.10262691585319,71.4881692455432,261.393790156287,4.10871169971251,4.13198106548123,2.91495854659806,0.635137381232851,0.65079458387001,4.10262691585319,1,12,4.13198106548123,0.0232693657687197,2.01161330576178,-1.03922251714004,14.5515417637949,4.19760107837901,-6.70834561499485,0.66,13.6225979220458,4.4275081058966,-4.63168329349557,-0.204175187598972,0.486,"learner",13.2
"Speaker24","Tone3","u","Speaker24_Tone 3_u",4.00272018966814,3.45977481568517,3.29273577455,3.07891537516605,2.51071396783124,0.913861087837201,0,1.20879345920891,2.52028052997586,3.13586352687107,3.23875911213021,3.23136612609352,3.23855624523996,3.29693944286124,3.4123876823788,3.56075597459225,3.68959658332402,3.8392647723018,4.00759748270362,4.18450093934363,71.4881692455432,261.393790156287,4.18450093934363,4.00272018966814,2.51071396783124,3.13586352687107,3.4123876823788,4.18450093934363,20,7,4.18450093934363,0,2.93156988732296,1.40577648692172,6.79431644543054,4.19125897674964,-9.95497250319318,0.28,4.32487870163502,2.78739230089409,-3.11391266517722,-0.326520364283125,0.527,"learner",5.6
"Speaker25","Tone2","a","Speaker25_Tone 2_a",3.54519303570544,3.12968631130266,2.85600306421161,2.76858188698801,2.73901130850734,2.70988688408181,2.67868887937147,2.64948853437908,2.63610328246951,2.64173828591298,2.66358446176422,2.69458063459221,2.73167899499495,2.78378551268928,2.8661533119318,2.99769273563252,3.15396661914044,3.30618315642376,3.38915379883612,3.35749001309602,104.364396329002,309.388624473854,0.909089753235931,3.54519303570544,2.73901130850734,2.64173828591298,2.8661533119318,3.35749001309602,1,9,3.54519303570544,2.63610328246951,2.88739069840863,0.260044189674339,3.13976943999461,3.26082538630262,-2.0478013499458,0.39,1.47769089448908,0.79864252647886,-0.901391445638338,-0.102748919159478,0.257,"learner",7.8
"Speaker25","Tone2","i","Speaker25_Tone 2_i",3.53601193160461,2.94266936738255,2.51693364049448,2.38038665098991,2.33614901585849,2.32757937381946,2.34017305255391,2.37106927193496,2.40372117388823,2.42086066742214,2.42412616157394,2.4418275146397,2.5015772120653,2.59792159370922,2.70711391348856,2.80450769049253,2.89164467258698,2.98185097775819,3.0485586162793,3.00571625845645,104.364396329002,309.388624473854,1.20843255778515,3.53601193160461,2.33614901585849,2.42086066742214,2.70711391348856,3.00571625845645,1,6,3.53601193160461,2.32757937381946,2.62120144468013,0.23552477234698,3.17130822135921,3.50015187527674,-9.42959319340345,0.14,0.925834726786081,1.32014304707648,-0.79621786503603,0.523925182040453,0.295,"learner",2.8
"Speaker25","Tone2","u","Speaker25_Tone 2_u",3.52645109402464,2.91310663383502,2.51473398533049,2.42969366624838,2.38913103729109,2.37865826963702,2.38572051165537,2.40111775036221,2.42354727231989,2.45500479603077,2.49749910614277,2.5424701866247,2.60200238485445,2.6891158630023,2.82250161342186,2.97840238648322,3.1283373568198,3.24584924100433,3.32500266225655,3.30291794606096,104.364396329002,309.388624473854,1.14779282438762,3.52645109402464,2.38913103729109,2.45500479603077,2.82250161342186,3.30291794606096,1,6,3.52645109402464,2.37865826963702,2.71648033554096,0.525831830064074,3.54344519974363,3.3965600054938,-6.94725805327024,0.18,1.35534280949593,1.25050644958864,-1.11138110378666,0.139125345801979,0.291,"learner",3.6
"Speaker25","Tone3","a","Speaker25_Tone 3_a",3.15356018069941,2.71503340249559,2.2795277590776,1.91431420355474,1.69626546681935,1.43205848781981,0.959292250884455,0.624638907216071,0.608774266386377,0.726291307399091,0.86930492798139,1.00015808436018,1.28839908360014,2.00926778810856,2.74073916176399,3.05453215655149,3.17450485990959,3.32444137093995,3.47620772129897,3.71997422950321,104.364396329002,309.388624473854,3.11119996311683,3.15356018069941,1.69626546681935,0.726291307399091,2.74073916176399,3.71997422950321,20,9,3.71997422950321,0.608774266386377,1.94404278023321,1.34946953467174,10.7526510667227,3.0166872401059,-6.21825588847345,0.43,6.40775213087386,2.67385003204358,-3.6524187145981,-0.978568682554517,0.413,"learner",8.6
"Speaker25","Tone3","i","Speaker25_Tone 3_i",2.6627179714196,2.3444083248194,2.18896783165742,2.18742487188469,2.1590963640796,1.85008178875657,1.64436122135115,2.1098741359904,2.63790171673984,2.77930822554887,2.6480800310263,2.1465929127368,1.07684039485315,0.216744905105422,0.53860417708429,1.64723927930339,2.61557432128371,3.11380597088305,3.27308999719387,3.54226093227703,104.364396329002,309.388624473854,3.32551602717161,2.6627179714196,2.1590963640796,2.77930822554887,0.53860417708429,3.54226093227703,20,14,3.54226093227703,0.216744905105422,2.12532888579732,0.253429366481457,4.99546665087495,2.64546758828311,-1.85455838684991,0.74,9.80292066483709,1.37237320626894,-2.54875937285764,-1.17638616658871,0.363,"learner",14.8
"Speaker25","Tone3","u","Speaker25_Tone 3_u",3.03264476826207,2.7381793875118,2.43057138823682,1.92376384367239,1.143461718912,0.399381139667827,0.0517653998237949,0,0.0153231079174813,0.0583672585511004,0.103784485888801,0.148757775292691,0.193295721504098,0.237406672061226,0.281574495876379,0.547437264831275,1.56661243961078,2.83096861525366,3.49858715351431,3.7943227836052,104.364396329002,309.388624473854,3.7943227836052,3.03264476826207,1.143461718912,0.0583672585511004,0.281574495876379,3.7943227836052,20,8,3.7943227836052,0,1.11468299483865,0.34081377742355,15.4045094823574,2.65771286825906,-5.73822340402663,0.6,11.1904186632446,3.44293404241597,-4.47616746529784,-1.03323342288186,0.38,"learner",12
"Speaker26","Tone2","a","Speaker26_Tone 2_a",3.82381921380572,3.53593991489282,3.34301370583021,3.27158669246157,3.23406445972526,3.20487562720844,3.18829837166817,3.19277909314945,3.22510945322193,3.28503461761569,3.36997072400103,3.48028130954141,3.61049853165411,3.75785676027284,3.91368779496349,4.05772126308031,4.18784421155307,4.3022937850535,4.24571603174495,4.02424756587022,95.4940941257845,237.343758359636,1.11399541338533,3.82381921380572,3.23406445972526,3.28503461761569,3.91368779496349,4.02424756587022,18,7,4.3022937850535,3.18829837166817,3.59066402462496,0.922005336386453,2.51574421844584,3.69714514246351,-2.26111941417599,0.29,1.80117036690182,0.655724630111038,-1.27883096050029,-0.623106330389253,0.26,"learner",5.8
"Speaker26","Tone2","i","Speaker26_Tone 2_i",4.36050867170967,4.08411924727228,3.85384325531518,3.71867851048162,3.60377317002385,3.50053717472771,3.40859042076218,3.33014307335744,3.25840835980053,3.2012395738474,3.18791282494431,3.22667290764847,3.3151695274582,3.43079835047012,3.57714858097108,3.74980541347391,3.93526073974001,4.12019927435255,4.31112973281821,4.55635743365933,95.4940941257845,237.343758359636,1.36844460871502,4.36050867170967,3.60377317002385,3.2012395738474,3.57714858097108,4.55635743365933,20,11,4.55635743365933,3.18791282494431,3.64341169052908,0.237987514349785,4.91375586383921,4.14427826007978,-2.10071294453313,0.54,3.17789346064333,1.13438499004789,-1.46183099189593,-0.327446001848038,0.292,"learner",10.8
"Speaker26","Tone2","u","Speaker26_Tone 2_u",3.53261566448308,3.45853902202712,3.50586103742265,3.5965537449587,3.54540438270283,3.43045916359151,3.30497348172051,3.2224887058645,3.18827267205204,3.20889769117508,3.27973957132171,3.40041738131856,3.56593123200212,3.77411234409807,4.00775221917965,4.24070865689265,4.43091553470922,4.5729670387158,4.64720935686475,4.66488267006762,95.4940941257845,237.343758359636,1.47660999801557,3.53261566448308,3.54540438270283,3.20889769117508,4.00775221917965,4.66488267006762,20,9,4.66488267006762,3.18827267205204,3.6980793404563,1.24466010394512,3.51755414364029,3.59266298981584,-0.807584629692599,0.5,3.29690483758283,0.403792314846299,-1.64845241879142,-1.24466010394512,0.269,"learner",10
"Speaker26","Tone3","a","Speaker26_Tone 3_a",3.64915317862074,3.50456729632494,3.47811440745391,3.51035790588707,3.57684765938156,3.63115219771138,3.62855633472207,3.58035700150423,3.53203853346992,3.49977074221018,3.47832720889719,3.45488018056562,3.42069192037546,3.37086143328625,3.30279877453275,3.21694681002209,3.1045638480029,3.12650034382914,3.28695978111386,3.57722549908873,95.4940941257845,237.343758359636,0.544589330617848,3.64915317862074,3.57684765938156,3.49977074221018,3.30279877453275,3.57722549908873,1,17,3.64915317862074,3.1045638480029,3.44747095849103,-0.362638369083495,-0.106864243077672,3.67240246267773,-0.506654462146372,0.9,3.21983199259344,0.455989015931735,-0.321983199259344,0.134005816672391,0.173,"learner",18
"Speaker26","Tone3","i","Speaker26_Tone 3_i",4.8292759167359,4.69582261890112,4.44655425542866,4.28489286711216,4.14140521305837,3.93394183322243,3.7213886807649,3.60369749826032,3.39826300438978,2.81814455892097,2.06476066776179,1.57628812959094,1.29031121975754,0.991124254765767,0.589867281493362,0.127933715716182,0,1.27268326591114,3.41736398503468,4.55995465486227,95.4940941257845,237.343758359636,4.8292759167359,4.8292759167359,4.14140521305837,2.81814455892097,0.589867281493362,4.55995465486227,1,17,4.8292759167359,0,2.71537678732806,-3.44722173132769,8.29998588822439,5.34173329583161,-6.19090159594442,0.85,30.9122424807231,5.26226635655276,-4.63683637210847,0.625429984444293,0.379,"learner",17
"Speaker26","Tone3","u","Speaker26_Tone 3_u",4.60278529387427,4.44649949799693,4.13633716215359,3.70832450667311,3.42010898028248,3.33797507856748,3.33107481955719,3.36048166176519,3.36282140368332,3.32586045110813,3.28350210404469,3.15073864146187,2.6636532694423,1.74484514168846,0.948127720097844,0.868008002784007,1.61870137035834,2.7604882133001,3.66725210753222,4.26305464269434,95.4940941257845,237.343758359636,3.73477729109026,4.60278529387427,3.42010898028248,3.32586045110813,0.948127720097844,4.26305464269434,1,16,4.60278529387427,0.868008002784007,3.05124043957367,-1.89075737620495,5.56223828227667,4.64944658146834,-3.9196827819578,0.82,16.3878939011495,3.2141398812054,-2.94982090220691,0.264318978998489,0.369,"learner",16.4
"Speaker27","Tone2","a","Speaker27_Tone 2_a",2.43705517647275,2.00761424468358,1.73778006792288,1.60985030785769,1.49391623886843,1.40587115369035,1.33924057534608,1.28100900837262,1.23352510206883,1.19970396702154,1.18923782301202,1.21775595329871,1.30378891148884,1.47753907141904,1.72690925808841,2.06335975169277,2.47055007435035,2.91644261318202,3.26519860819832,3.27761259960034,133.170272390509,277.079760131615,2.08837477658831,2.43705517647275,1.49391623886843,1.19970396702154,1.72690925808841,3.27761259960034,20,11,3.27761259960034,1.18923782301202,1.77137374537629,1.09137139058413,6.9909679149253,2.08249718811407,-2.07747080401537,0.56,5.56258451977791,1.16338365024861,-2.44753718870228,-1.28415353845368,0.316,"learner",11.2
"Speaker27","Tone2","i","Speaker27_Tone 2_i",2.89324649067365,2.31402260214093,1.9060875719522,1.6482179479797,1.42983653242297,1.26121614639611,1.15049338377203,1.08264691691434,1.03113031870823,0.990162858707106,0.965387882730096,0.975108559792107,1.04207419286879,1.19786371839404,1.43900073900214,1.75044388866607,2.12031099619142,2.47392131137321,2.73008998620027,2.67969908218856,133.170272390509,277.079760131615,1.92785860794355,2.89324649067365,1.42983653242297,0.990162858707106,1.43900073900214,2.67969908218856,1,11,2.89324649067365,0.965387882730096,1.58713210328219,0.324758445819841,7.62841865015237,2.44401457045917,-3.69625688824513,0.5,4.34577377988481,1.84812844412256,-2.17288688994241,-0.324758445819839,0.334,"learner",10
"Speaker27","Tone2","u","Speaker27_Tone 2_u",2.88220554262678,2.36289231527071,2.10597398908417,1.98866136830117,1.83574514514972,1.65259297173878,1.46884198700811,1.328538443471,1.24559291873607,1.2036046123688,1.19232369220792,1.22474469194644,1.31772258898367,1.48546496489076,1.72500203632502,2.00548806423641,2.30229298669796,2.57875533318806,2.76568762389467,2.79509211844073,133.170272390509,277.079760131615,1.68988185041886,2.88220554262678,1.83574514514972,1.2036046123688,1.72500203632502,2.79509211844073,1,11,2.88220554262678,1.19232369220792,1.81466349308076,0.269551515017582,6.69153513782491,2.57913262620487,-3.2415606753123,0.51,3.98719971654333,1.65319594440927,-1.95372786110623,-0.300531916696962,0.338,"learner",10.2
"Speaker27","Tone3","a","Speaker27_Tone 3_a",2.64472689170283,1.82447444295723,1.53108451270203,1.2812072164695,0.993925555955908,0.793007372988552,0.653558876184142,0.48359703601885,0.264975413773838,0.117963907035928,0.0724610580773207,0.0842830823475478,0.20310085817471,0.440859019329027,0.720476356667567,1.0447341413926,1.44433168712706,1.88579317001673,2.2777537872981,2.64263639964362,133.170272390509,277.079760131615,2.57226583362551,2.64472689170283,0.993925555955908,0.117963907035928,0.720476356667567,2.64263639964362,1,11,2.64472689170283,0.0724610580773207,0.983656860781876,0.164777614934417,9.87133735028575,2.13197764327627,-4.43467716333788,0.55,6.28891798979063,2.43907243983584,-2.83001309540578,-0.390940655569946,0.512,"learner",11
"Speaker27","Tone3","i","Speaker27_Tone 3_i",2.11269996546439,1.46030177473021,1.16253224055813,0.841136104299111,0.508400038958517,0.160400051703108,0,0.0195621932547374,0.0691350803581892,0.109429760098448,0.136327784255136,0.183019629607542,0.293247246329764,0.564597280401009,0.98037801111989,1.34389653668801,1.52263941221846,1.74875420952584,2.01823499451236,2.14971468755789,133.170272390509,277.079760131615,2.14971468755789,2.11269996546439,0.508400038958517,0.109429760098448,0.98037801111989,2.14971468755789,20,7,2.14971468755789,0,0.795223607666836,0.71572054290575,8.43562863533287,1.83488407929172,-5.70241990455358,0.39,4.10200763739362,2.2239437627759,-2.50222465881011,-0.27828089603421,0.582,"learner",7.8
"Speaker27","Tone3","u","Speaker27_Tone 3_u",2.64165933605014,2.5327316836199,2.56259081633991,2.34809404631313,1.81427658523744,1.19468940438985,0.791927611430896,0.596199418461312,0.471253488333783,0.397341722716308,0.311782710262046,0.264551062941439,0.335699478113298,0.562183817869865,0.961403810571337,1.43735229249382,1.87430010380318,2.23038229901204,2.51188269253665,2.53754353425201,133.170272390509,277.079760131615,2.3771082731087,2.64165933605014,1.81427658523744,0.397341722716308,0.961403810571337,2.53754353425201,1,12,2.64165933605014,0.264551062941439,1.32823542393851,-0.333388460071033,10.3348833850752,2.82917286326399,-5.33271070264873,0.55,6.32317251696445,2.9329908864568,-2.845427632634,0.0875632538227999,0.552,"learner",11
"Speaker28","Tone2","a","Speaker28_Tone 2_a",3.8561059737756,3.65883751491381,3.12566805164844,2.6970546071149,2.54065560173573,2.46893405511988,2.47324345598151,2.50960645204051,2.55850104446712,2.62997632108796,2.71849984763874,2.83539516940063,3.01208514717239,3.23288064692581,3.45066838858571,3.63608239547576,3.77653738477166,3.86545818237438,3.92327256079737,3.91413248589857,85.3635416450812,330.849053596048,1.45433850567749,3.8561059737756,2.54065560173573,2.62997632108796,3.45066838858571,3.91413248589857,19,6,3.92327256079737,2.46893405511988,3.09916636334232,0.862319871810535,5.13152771445601,3.88531258879319,-6.69340645951011,0.25,2.41111541650933,1.67335161487753,-1.808336562382,-0.134984947504469,0.413,"learner",5
"Speaker28","Tone2","i","Speaker28_Tone 2_i",4.04963008286065,3.65085662273923,3.18228555944577,2.99139374526957,2.90139511789013,2.86526515597599,2.88091367933638,2.96119436324743,3.07812576081807,3.13697882176865,3.12869779273832,3.11863801396856,3.14664979903325,3.20331402040045,3.31883301733828,3.57776875558792,3.86392890235348,4.07131553961798,4.20760902692328,4.32209106811647,85.3635416450812,330.849053596048,1.45682591214048,4.04963008286065,2.90139511789013,3.13697882176865,3.31883301733828,4.32209106811647,20,6,4.32209106811647,2.86526515597599,3.34301367809348,0.773421605705694,4.5406843162938,3.93718349231559,-5.47416722528475,0.24,1.95811644664485,1.31380013406834,-1.48816849945008,-0.174368365381744,0.448,"learner",4.8
"Speaker28","Tone2","u","Speaker28_Tone 2_u",3.12929812763849,2.55696115205029,2.5635201289223,2.64484535602422,2.69372524022512,2.73261354285548,2.73197905432602,2.68883910630964,2.61710369235719,2.563381079655,2.59706409456674,2.73083854040764,2.90148564028238,3.07182280696778,3.24307242803803,3.44649770556764,3.64613885857809,3.78170953353962,3.87810450093586,4.0149822554479,85.3635416450812,330.849053596048,1.4580211033976,3.12929812763849,2.69372524022512,2.563381079655,3.24307242803803,4.0149822554479,20,2,4.0149822554479,2.55696115205029,2.98360632318693,1.24669636492462,3.20258137145434,2.79396272503073,-0.428656578533434,0.52,3.12512239243819,0.222901420837386,-1.50005874837033,-1.27715732753295,0.43,"learner",10.4
"Speaker28","Tone3","a","Speaker28_Tone 3_a",3.4893664341631,3.07561111835961,2.94825390982641,2.86547008697522,2.32432298273489,1.18675679975563,0.977741757654178,0.97789458394983,0.817550593903156,0.544538162910539,0.268359701310011,0.301261894961608,0.546499860777863,1.56509345608721,2.65858398939275,3.05203788920376,3.23617725404072,3.36295584525127,3.45118965277492,3.56122299140612,85.3635416450812,330.849053596048,3.29286329009611,3.4893664341631,2.32432298273489,0.544538162910539,2.65858398939275,3.56122299140612,20,11,3.56122299140612,0.268359701310011,1.9461295928025,0.573865489550571,13.0432935235161,3.51534216587533,-6.70164617353786,0.51,8.27734842693832,3.41783954850431,-4.05590072919978,-0.638061180695467,0.564,"learner",10.2
"Speaker28","Tone3","i","Speaker28_Tone 3_i",4.64144008800962,5,4.79965004500469,4.49596191085158,2.89385136639231,0.433799820632506,0.145106248654895,0.000455798591944009,0,0.199990193137429,0.805674719581781,1.91057209823014,2.63872910831896,2.86344907347277,3.08567921998264,3.27735109759016,3.45608028852584,3.59060353797271,3.68074114377973,3.70561703444408,85.3635416450812,330.849053596048,5,4.64144008800962,2.89385136639231,0.199990193137429,3.08567921998264,3.70561703444408,2,9,5,0,2.43914597182787,-0.0745659784054516,16.1984501327133,5.83909476845224,-16.741037150788,0.35,6.79392771545269,5.8593630027758,-4.41605301504425,1.44330998773155,0.593,"learner",7
"Speaker29","Tone2","a","Speaker29_Tone 2_a",3.42171970599617,3.14128300391255,2.94971035555788,2.65399031128205,2.22993915672322,1.80083577850193,1.41414663714815,1.12118054628242,0.977267205456274,0.922134386008344,0.856842160029291,0.807730924960924,0.902068371566069,1.27251856026517,1.90686919613842,2.57325633734648,3.05859033155087,3.37240510846766,3.59763208711579,3.64464818358849,129.393433858268,290.228284248458,2.83691725862757,3.42171970599617,2.22993915672322,0.922134386008344,1.90686919613842,3.64464818358849,20,12,3.64464818358849,0.807730924960924,2.02757248475201,0.366624690174387,11.8179163212902,3.39554921380113,-5.50336163212407,0.54,7.74559775533978,2.971815281347,-3.5629749674563,-0.591159686109301,0.433,"learner",10.8
"Speaker29","Tone2","i","Speaker29_Tone 2_i",3.38814739621953,2.83444124168229,2.60365235368911,2.35394421599518,1.98663918629182,1.65384430516124,1.41178088037711,1.22843582675885,1.07056290268084,0.954311019457734,0.896088726004768,0.894715362285864,1.00644618472285,1.29814310676509,1.74155155833062,2.26209855742597,2.7511642354099,3.08408685680687,3.23464738966645,3.13901836418752,129.393433858268,290.228284248458,2.49343203393367,3.38814739621953,1.98663918629182,0.954311019457734,1.74155155833062,3.13901836418752,1,12,3.38814739621953,0.894715362285864,1.90141334865487,0.225266736102547,10.063080371886,3.16452322204718,-5.15272234805649,0.51,5.91960811932976,2.62788839750881,-2.90060797847158,-0.272719580962773,0.363,"learner",10.2
"Speaker29","Tone2","u","Speaker29_Tone 2_u",3.03273611191431,2.56070075401443,2.1981998424219,1.97074279125526,1.83683171041366,1.67657442206098,1.5030385558599,1.33413395072711,1.18456897602939,1.06611492323694,0.977393998273513,0.910322948892123,0.855696102654292,0.802304092447065,0.751542636544945,0.708951485339103,0.68181178820525,0.675724318526862,0.697613159316748,0.759614592390367,129.393433858268,290.228284248458,2.35701179338744,3.03273611191431,1.83683171041366,1.06611492323694,0.751542636544945,0.759614592390367,1,18,3.03273611191431,0.675724318526862,1.28143620485251,-2.04851131307121,3.16859046180106,2.80355084210168,-4.29449131752738,0.4,-0.790087978805295,1.71779652701095,0.474052787283177,2.19184931429413,0.218,"learner",8
"Speaker29","Tone3","a","Speaker29_Tone 3_a",3.07057941623245,2.53471631676078,2.13832700900288,1.72757138265239,1.25610733165517,0.798330093330579,0.552320246349494,0.493284021972658,0.428782032499989,0.287981416428618,0.109493605232175,0,0.104525791321103,0.408202714729186,0.76295024268011,1.20407925328557,1.81311669839162,2.5091340236489,3.12934018004756,3.59248802670245,129.393433858268,290.228284248458,3.59248802670245,3.07057941623245,1.25610733165517,0.287981416428618,0.76295024268011,3.59248802670245,20,12,3.59248802670245,0,1.22899346090442,0.305584118541277,13.3463253335613,2.602848206307,-5.12354842295923,0.6,9.99526707158782,3.07412905377554,-3.99810682863513,-0.923977774859592,0.435,"learner",12
"Speaker29","Tone3","i","Speaker29_Tone 3_i",2.58249475084272,2.09784461988616,1.74140404725471,1.49519505473808,1.32792743056873,1.22638510230164,1.18101950068419,1.1845299364538,1.23155414773361,1.31868333957809,1.43426664901854,1.59633497042726,1.81660214060995,2.07826562108385,2.39185774580276,2.78967058228808,3.21775488673263,3.56456363069337,3.7626307566889,3.66670941381295,129.393433858268,290.228284248458,2.58161125600472,2.58249475084272,1.32792743056873,1.31868333957809,2.39185774580276,3.66670941381295,19,7,3.7626307566889,1.18101950068419,2.02001783934893,1.94087932273018,7.44042397926234,2.2649781527746,-3.5544875637463,0.4,5.01993519436458,1.42179502549852,-3.01196111661875,-1.59016609112023,0.373,"learner",8
"Speaker29","Tone3","u","Speaker29_Tone 3_u",0.879859264679948,1.09543359399399,1.1554146673194,1.00867201924119,0.786154963008328,0.60341733225476,0.465357219697049,0.3401482907882,0.255406251667634,0.258979482597666,0.331759132792287,0.41448806972196,0.512776647917887,0.663918341528047,0.887765981563015,1.20991890228333,1.68904949843755,2.31890013574417,2.90456586425652,3.32236628232631,129.393433858268,290.228284248458,3.06696003065868,0.879859264679948,0.786154963008328,0.258979482597666,0.887765981563015,3.32236628232631,20,9,3.32236628232631,0.255406251667634,0.985351596711551,1.62119581577558,7.96472404325285,1.04100057013568,-1.33260484293394,0.65,8.78862374416813,0.866193147907063,-3.07601831045884,-2.20982516255178,0.378,"learner",13
"Speaker30","Tone2","a","Speaker30_Tone 2_a",2.52449739281029,2.38774407116195,2.31982365084143,2.25488157413078,2.237765156475,2.27406456705991,2.30844854474719,2.30572552186643,2.26787412027851,2.23534804339416,2.25631070904353,2.32986437656065,2.41123857821204,2.4650933346168,2.5075015959926,2.57075853184964,2.68743576535274,2.86717665967741,3.06880186403679,3.1236542096848,87.3247205040281,375.202454142172,0.888306166290635,2.52449739281029,2.237765156475,2.23534804339416,2.5075015959926,3.1236542096848,20,10,3.1236542096848,2.23534804339416,2.45151556085962,0.634147632181993,2.13007318842122,2.39557408524135,-0.340511772306518,0.55,1.93189949593736,0.187281474768585,-0.869354773171811,-0.682073298403226,0.468,"learner",11
"Speaker30","Tone2","i","Speaker30_Tone 2_i",4.12866365148498,3.576456729954,2.39327658932892,2.16405687872684,2.09183594936927,2.05817781675526,2.04863225981667,2.0263461903603,1.98842585252454,1.96225918243803,1.99192273693642,2.05536565065132,2.12769793591336,2.19888050462175,2.25715810157921,2.33309358163791,2.45974818739136,2.67680833202073,2.89473120206092,3.06245035649182,87.3247205040281,375.202454142172,2.16640446904695,4.12866365148498,2.09183594936927,1.96225918243803,2.25715810157921,3.06245035649182,1,10,4.12866365148498,1.96225918243803,2.37178362482468,-0.250239821676948,6.04379660334874,4.10808723596936,-13.0193663625056,0.18,1.16712981106272,2.343485945251,-0.957046445071427,1.38643950017957,0.532,"learner",3.6
"Speaker30","Tone2","u","Speaker30_Tone 2_u",3.81164603586693,3.30494920355036,2.29550086117823,2.13828201394834,2.11492865097437,2.12376313832161,2.13181761937977,2.09712425763949,2.07114095511096,2.09560220351764,2.10987811643662,2.10420762664807,2.14650020209522,2.27546678706794,2.45261608156753,2.58573959653733,2.65902536708114,2.75724086778218,2.89919403789114,3.18865433256358,87.3247205040281,375.202454142172,1.74050508075597,3.81164603586693,2.11492865097437,2.09560220351764,2.45261608156753,3.18865433256358,1,9,3.81164603586693,2.07114095511096,2.42281304828647,0.0637940032121074,5.16999683974612,3.79611253632563,-11.5560062776622,0.17,1.22377538875321,1.96452106720257,-1.01573357266516,0.948787494537405,0.507,"learner",3.4
"Speaker30","Tone3","a","Speaker30_Tone 3_a",2.76625216153927,2.34751848626714,2.19899322519323,2.14768815873019,2.09763519096386,2.02916025415339,1.78257276280701,0.852939022030068,0.0583049632309255,0.0531557304875005,1.02406812435641,2.03859084627137,2.30602068764816,2.36059828449799,2.42010055360777,2.48498910431398,2.54745570305395,2.66491986640935,2.84973226222226,2.9947486960935,87.3247205040281,375.202454142172,2.941592965606,2.76625216153927,2.09763519096386,0.0531557304875005,2.42010055360777,2.9947486960935,20,10,2.9947486960935,0.0531557304875005,1.93980806294329,0.729537982958236,7.0069121025659,2.87630375625768,-5.01414847790682,0.42,4.34841524519168,2.10594236072086,-2.52208084221117,-0.41613848149031,0.571,"learner",8.4
"Speaker30","Tone3","i","Speaker30_Tone 3_i",4.05711670345236,3.26570960421809,2.29356763529341,2.25142800012108,2.10306194430717,2.09031606078668,2.0966531090244,2.08113405908218,2.05781671354902,2.0886333933019,2.16224874029449,2.2295141929483,2.26521222310311,2.3156060966198,2.41671630316756,2.56907157530676,2.73256394146719,2.8845750597004,2.96180108531259,2.98346113629058,87.3247205040281,375.202454142172,1.99929998990334,4.05711670345236,2.10306194430717,2.0886333933019,2.41671630316756,2.98346113629058,1,9,4.05711670345236,2.05781671354902,2.44979521283591,0.00942079495747817,5.18872892758452,4.09415943494214,-16.9943169841496,0.13,1.08276449767931,2.20926120793945,-0.942005112980997,1.26725609495846,0.65,"learner",2.6
"Speaker30","Tone3","u","Speaker30_Tone 3_u",4.42733703159644,4.32920037845544,2.91366486389222,2.4231508383251,2.27488318176498,2.20532894810621,2.1283115396961,2.07949610520911,2.07280288194922,2.11770152285525,2.16028237079644,2.17781358288492,2.18334773290977,2.1747317486317,2.18493689329441,2.25884969456584,2.37162737087927,2.56900518882039,2.83394859269257,3.03288663795006,87.3247205040281,375.202454142172,2.35453414964721,4.42733703159644,2.27488318176498,2.11770152285525,2.18493689329441,3.03288663795006,1,9,4.42733703159644,2.07280288194922,2.48738453852811,-0.813023176297415,6.67821310786514,4.63408881350074,-14.0408697082928,0.19,0.806075241371209,2.66776524457564,-0.652920945510679,2.01484429906496,0.561,"learner",3.8
"Speaker31","Tone2","a","Speaker31_Tone 2_a",3.49442966618689,3.26772026135104,3.17072262595325,3.12403312557573,3.08848956844054,3.07454582982834,3.08869797761718,3.11030707270096,3.12434705180442,3.13377229547169,3.14393148237592,3.15776070774388,3.19405196342571,3.27086060807077,3.39311202655475,3.59149161690805,3.82653314566411,4.03378711219273,4.26007768980872,4.22802007241815,58.5543555540043,352.523672229656,1.18553185998038,3.49442966618689,3.08848956844054,3.13377229547169,3.39311202655475,4.22802007241815,19,6,4.26007768980872,3.07454582982834,3.36137696685973,0.901302041173109,3.13016960851957,3.26119425079268,-0.333125448838801,0.61,3.24095275064709,0.203206523791669,-1.26397157275237,-1.0607650489607,0.409,"learner",12.2
"Speaker31","Tone2","i","Speaker31_Tone 2_i",3.33733989347735,2.92705248260076,2.81753162679846,2.75869190261224,2.67773336499314,2.60199829941928,2.54550839137441,2.50223522712014,2.47901728836747,2.48481078658124,2.52328508687067,2.58769503475424,2.65279335593285,2.71495890635735,2.79641615333021,2.91628880823364,3.07699837554873,3.27621047184603,3.49936414365832,3.53055559040734,58.5543555540043,352.523672229656,1.05153830203987,3.33733989347735,2.67773336499314,2.48481078658124,2.79641615333021,3.53055559040734,20,9,3.53055559040734,2.47901728836747,2.80360974174058,0.444226937896772,3.61545502619159,3.09480308324897,-1.68096473898948,0.46,2.13482073264526,0.773243779935161,-1.15280319562844,-0.379559415693278,0.413,"learner",9.2
"Speaker31","Tone2","u","Speaker31_Tone 2_u",3.21950549073491,2.99558221666283,2.88240671513852,2.82589376667052,2.77878511729741,2.74353162142644,2.72323364555748,2.71410771924557,2.71378153257574,2.721919338547,2.74500724589028,2.78479532359918,2.84047079014811,2.91984471165174,3.02642284369075,3.16999731769942,3.33808565804828,3.50955796750554,3.62581646748824,3.57222672407474,58.5543555540043,352.523672229656,0.912034934912504,3.21950549073491,2.77878511729741,2.721919338547,3.02642284369075,3.57222672407474,19,9,3.62581646748824,2.71378153257574,2.96807967002338,0.6082146624756,2.78945923515559,3.03905217273363,-0.87214244252152,0.5,2.08857176747272,0.43607122126076,-1.04428588373636,-0.6082146624756,0.438,"learner",10
"Speaker31","Tone3","a","Speaker31_Tone 3_a",3.59593205387952,2.87725362505458,2.58877087644248,2.24515981518197,1.94578835987213,1.93871419852532,2.08787613190363,2.35766372369346,2.71612016938105,2.64716345253651,1.87843043725639,1.59075073311178,2.23466697608769,2.80994764454435,3.0631126306521,3.20023241731091,3.36705305368255,3.56628541160102,3.72549710046097,3.95421990868009,58.5543555540043,352.523672229656,2.36346917556831,3.59593205387952,1.94578835987213,2.64716345253651,3.0631126306521,3.95421990868009,20,12,3.95421990868009,1.59075073311178,2.66726362521461,1.06697263569059,5.95858742872812,2.84526554497587,-1.5337392968719,0.57,4.95791258141594,0.874231399216986,-2.13190241000885,-1.25767101079187,0.444,"learner",11.4
"Speaker31","Tone3","i","Speaker31_Tone 3_i",2.52707847245759,1.54205332844025,1.15200242465219,0.904434132472627,0.673592965961199,0.475966752210887,0.252893076854051,0.0560993013180687,0,0.25995136017506,0.799174050530213,1.41276919093887,2.02459234486133,2.52167630264443,2.83492833714492,3.03205752958584,3.17609509235024,3.30120683725907,3.42770603110801,3.74385168250389,58.5543555540043,352.523672229656,3.74385168250389,2.52707847245759,0.673592965961199,0.25995136017506,2.83492833714492,3.74385168250389,20,9,3.74385168250389,0,1.62598907117748,2.78028125899203,9.11058240253928,2.08201736771472,-6.36007044258847,0.35,6.54715232441483,2.22602465490596,-4.25564901086964,-2.02962435596368,0.402,"learner",7
"Speaker31","Tone3","u","Speaker31_Tone 3_u",3.15962473833168,2.64315799671645,2.19772506513748,1.72371401251776,1.31290391403631,1.06957927293282,0.954242862732231,0.854817120478729,0.756111672075109,0.8538852568269,1.46696803219783,2.19043761436112,2.59043069572627,2.783844435358,2.93176587247172,3.0892571063428,3.26539086209492,3.46072216302589,3.64983098033877,3.93078815588122,58.5543555540043,352.523672229656,3.17467648380611,3.15962473833168,1.31290391403631,0.8538852568269,2.93176587247172,3.93078815588122,20,9,3.93078815588122,0.756111672075109,2.16851139679515,1.90647435951312,8.63532839398216,3.02036896377058,-7.37146828272408,0.33,5.26606202070318,2.43258453329895,-3.52826155387113,-1.09567702057218,0.371,"learner",6.6
"Speaker32","Tone2","a","Speaker32_Tone 2_a",1.8535971892688,1.36609481982472,1.07748543717832,1.03509546417667,0.999972558505897,0.960985485049039,0.908986099018884,0.844488047011497,0.785797310566886,0.754430719804336,0.759125009329204,0.805224729255879,0.903653606914197,1.06328916772183,1.29935718733046,1.62109390068707,2.06449671077288,2.60169982821243,3.08609160488138,3.1933232730915,144.780396704182,399.583285985626,2.43889255328717,1.8535971892688,0.999972558505897,0.754430719804336,1.29935718733046,3.1933232730915,20,10,3.1933232730915,0.754430719804336,1.33631883637587,1.46081112743441,7.17009510018189,1.41780312128579,-1.40156833467781,0.61,6.88597234062969,0.854956684153465,-2.68552921284558,-1.83057252869211,0.295,"learner",12.2
"Speaker32","Tone2","i","Speaker32_Tone 2_i",2.23208890732107,1.58703032134613,1.13575197041523,0.984299887504131,0.890847565082477,0.800389983110172,0.759288687289276,0.756819918808703,0.76029585399138,0.761396900670498,0.773285965010165,0.831179881040639,0.959330410906243,1.15751098185657,1.44359316000657,1.83241804723234,2.26788015283172,2.60066234995926,2.73001222913052,2.52617210524656,144.780396704182,399.583285985626,1.97319231032181,2.23208890732107,0.890847565082477,0.761396900670498,1.44359316000657,2.52617210524656,19,8,2.73001222913052,0.756819918808703,1.32982986803046,1.19784608427143,6.80385013345741,1.7263706230343,-2.98439800828985,0.45,4.33886529643862,1.34297910373043,-2.38637591304124,-1.04339680931081,0.428,"learner",9
"Speaker32","Tone2","u","Speaker32_Tone 2_u",2.00928009510911,1.40977210969679,1.05612227933209,0.92832795015881,0.884695139565172,0.865104288876825,0.851277495543822,0.843224338541877,0.83637131562669,0.83437013319763,0.847181198043695,0.873937873620558,0.905180631995043,0.9514621052192,1.04510167750333,1.19928293759363,1.41666413823386,1.68598044688636,1.98231774650637,2.23348186017815,144.780396704182,399.583285985626,1.39911172698052,2.00928009510911,0.884695139565172,0.83437013319763,1.04510167750333,2.23348186017815,20,10,2.23348186017815,0.83437013319763,1.14081350327179,0.5143768438591,4.80433446716069,1.44497596106577,-1.57288159535388,0.55,3.29354617947873,0.865084877444633,-1.48209578076543,-0.617010903320794,0.372,"learner",11
"Speaker32","Tone3","a","Speaker32_Tone 3_a",2.36252847438188,1.33185947483366,0.902814121554334,0.717957654686546,0.572849817275478,0.469476736180262,0.338981110631687,0.205474316364861,0.120394309262448,0.0510918366886195,0,0.020496046253308,0.123541980586857,0.251559580356424,0.386053468372816,0.574028692544848,0.834328681624966,1.16897661639508,1.5919702220093,2.18769546074177,144.780396704182,399.583285985626,2.36252847438188,2.36252847438188,0.572849817275478,0.0510918366886195,0.386053468372816,2.18769546074177,1,11,2.36252847438188,0,0.639696113996537,0.0642153630971106,8.08349102864211,1.57612202882986,-3.54431618303126,0.55,4.86894870670619,1.94937390066719,-2.19102691801779,-0.241653017350596,0.395,"learner",11
"Speaker32","Tone3","i","Speaker32_Tone 3_i",1.6874722836689,0.868820104835546,0.666386994937393,0.513285999332857,0.367276386718396,0.257399131212473,0.220892655600692,0.213185992564318,0.159284751227613,0.0763955423034081,0.0381765930349042,0.117499184837841,0.292723333472012,0.529527233783666,0.808120831146621,1.18312671019908,1.69802410315809,2.24796606703107,2.5991337896331,2.63389281161062,144.780396704182,399.583285985626,2.59571621857571,1.6874722836689,0.367276386718396,0.0763955423034081,0.808120831146621,2.63389281161062,20,11,2.63389281161062,0.0381765930349042,0.785297237335553,1.46925722949515,8.39408079550594,1.07505187795053,-2.318093029116,0.56,6.81318070729331,1.29813209630496,-2.99779951120906,-1.6996674149041,0.513,"learner",11.2
"Speaker32","Tone3","u","Speaker32_Tone 3_u",2.05005372931288,1.61916735920431,1.39621457296039,1.28149606922195,1.14221977674741,0.96781090316592,0.790849759422188,0.638597371628041,0.528311386986755,0.470599286439819,0.434774079543555,0.408136169338411,0.412741162889209,0.477910976160771,0.628171190983724,0.904350264388451,1.32799807047361,1.81098692748802,2.24910805574129,2.63342285001103,144.780396704182,399.583285985626,2.22528668067262,2.05005372931288,1.14221977674741,0.470599286439819,0.628171190983724,2.63342285001103,20,12,2.63342285001103,0.408136169338411,1.04114109200477,0.274708443380368,7.69555929547036,1.70948501997487,-2.44500491154252,0.66,7.30859149154069,1.61370324161806,-2.48492110712383,-0.871217865505772,0.424,"learner",13.2
"Speaker33","Tone2","a","Speaker33_Tone 2_a",2.7291042663467,2.84410219325467,2.88016580843734,2.85418845223151,2.82025301389908,2.79446510309548,2.76637959809099,2.72707718514536,2.66661935811807,2.57181713432039,2.43747021910874,2.26151865078372,2.05520919272175,1.84735429658774,1.67672962099767,1.56405042103262,1.50958588794208,1.5225720913676,1.77879344219511,2.36161466744142,139.514176834811,442.656744684685,1.37057992049526,2.7291042663467,2.82025301389908,2.57181713432039,1.67672962099767,2.36161466744142,3,17,2.88016580843734,1.50958588794208,2.33424113781864,-1.39937577441841,-0.0897872735527198,3.14145569904553,-1.74952382966206,0.9,7.31072740524173,1.57457144669585,-0.731072740524173,0.843498706171679,0.249,"learner",18
"Speaker33","Tone2","i","Speaker33_Tone 2_i",1.88143708613436,1.76558450219954,1.63672357079567,1.44252645913871,1.24334596590074,1.08907783583368,0.974666093804851,0.885791378280216,0.813385868076724,0.756870157001839,0.70804203158528,0.662650483035269,0.63127660378948,0.618843067062785,0.629570412509977,0.680167885349818,0.804421373088443,1.03215838401597,1.35155229591988,1.54378699083209,139.514176834811,442.656744684685,1.26259401907158,1.88143708613436,1.24334596590074,0.756870157001839,0.629570412509977,1.54378699083209,1,14,1.88143708613436,0.618843067062785,1.02119850425595,-0.648751975342981,4.14907764764664,1.77144969928132,-2.08370602555101,0.66,3.0624108022996,1.37524597686366,-1.04121967278186,0.334026304081802,0.402,"learner",13.2
"Speaker33","Tone2","u","Speaker33_Tone 2_u",1.06037557442163,1.13403405569056,1.20945747726028,1.24287284483361,1.23731093873078,1.23337614051759,1.23762918291599,1.2521722981668,1.27280611998527,1.30626860390183,1.36366410809443,1.44685718139058,1.55621623297069,1.7073554750917,1.8777339606068,2.04157113676193,2.16915530262282,2.27023594712667,2.41204516654275,2.29269590554468,139.514176834811,442.656744684685,1.35166959212112,1.06037557442163,1.23731093873078,1.30626860390183,1.8777339606068,2.29269590554468,19,1,2.41204516654275,1.06037557442163,1.55179886545564,1.33039370202692,1.64078116116786,1.1267383555705,0.387423663516666,0.51,2.32883256633189,-0.1975860683935,-1.14112795750263,-1.33871402589613,0.333,"learner",10.2
"Speaker33","Tone3","a","Speaker33_Tone 3_a",3.02947330510018,3.2180186329023,2.21193309096111,0.89334730784766,0.327598194132296,0.214323080023259,0.199501761333237,0.201841287706885,0.209792293507841,0.225511681431909,0.257758324604823,0.302388263156171,0.35345134549886,0.456997812586049,0.66807854882979,0.955423754724573,1.25539227688669,1.51340548319779,1.71287401192472,2.177773639681,139.514176834811,442.656744684685,3.01851687156906,3.02947330510018,0.327598194132296,0.225511681431909,0.66807854882979,2.177773639681,2,7,3.2180186329023,0.199501761333237,0.925771234772505,-0.481152059041491,10.6559185833461,3.36855721867102,-13.0702785422211,0.28,2.75357718551193,3.6596779918219,-1.98257557356859,1.67710241825331,0.386,"learner",5.6
"Speaker33","Tone3","i","Speaker33_Tone 3_i",0.912943113337225,0.426068508796613,0.223461362739175,0.134718707646795,0.0691667462469224,0.0541544941519386,0.0513421720973692,0.0401442685435968,0.0220896538895297,0.00624704516173784,0,0.00561847357255888,0.026850924963327,0.0884192997961936,0.245912959387949,0.513453898624208,0.80731705078017,1.0142303953506,1.10835511584887,1.55849386583841,139.514176834811,442.656744684685,1.55849386583841,0.912943113337225,0.0691667462469224,0.00624704516173784,0.245912959387949,1.55849386583841,20,11,1.55849386583841,0,0.324648184038272,0.731714971720974,4.65133894324414,0.471222344862055,-1.07068231074775,0.61,4.14785736550486,0.653116209556126,-1.6176643725469,-0.964548162990772,0.363,"learner",12.2
"Speaker33","Tone3","u","Speaker33_Tone 3_u",1.28897497870696,0.486607475308495,0.113844316791715,0.158329255307466,0.169627705920848,0.176806906165922,0.191265970948239,0.224013152836141,0.273493256339198,0.347912693241291,0.468318198897799,0.642982372860621,0.869497768281094,1.14180567673402,1.45134479381725,1.77997488629108,2.06978368810852,2.27855910113831,2.40178165309197,2.3809998926804,139.514176834811,442.656744684685,2.28793733630025,1.28897497870696,0.169627705920848,0.347912693241291,1.45134479381725,2.3809998926804,19,3,2.40178165309197,0.113844316791715,0.899433706025075,2.15601139464725,5.28532285090544,0.774452815397752,-2.5359661400637,0.35,4.08964316201791,0.887588149022296,-2.65826805531164,-1.77067990628935,0.333,"learner",7
"Speaker34","Tone2","a","Speaker34_Tone 2_a",2.30983944707783,2.08800312344482,1.88744650026975,1.75234743843259,1.65038627656387,1.57396310593183,1.52034134254035,1.49509293433545,1.49788492036014,1.5295611997713,1.58387131428483,1.66315009381015,1.7963186416153,2.02230998676744,2.35007789956317,2.77614467519598,3.24061883085009,3.69291576325345,4.20159404014331,4.79874199977014,130.466444945335,296.981816331897,3.30364906543469,2.30983944707783,1.65038627656387,1.5295611997713,2.35007789956317,4.79874199977014,20,8,4.79874199977014,1.49509293433545,2.20019620802325,2.2084021619957,8.13210662904601,2.01169970038832,-1.01846924533425,0.61,8.32439685478077,0.621266239653892,-3.2465147733645,-2.62524853371061,0.271,"learner",12.2
"Speaker34","Tone2","i","Speaker34_Tone 2_i",2.23545549154064,2.13729762533542,2.04623168387918,1.94863898175765,1.83210907943803,1.72848341802101,1.67372908362225,1.66168565561445,1.70937304300616,1.84139493069738,2.06243014611405,2.39007848664489,2.77212366903729,3.17635376986512,3.57520438209554,3.95695542505721,4.34343104340362,4.70776010887125,4.8592896697998,4.46951453959157,130.466444945335,296.981816331897,3.19760401418535,2.23545549154064,1.83210907943803,1.84139493069738,3.57520438209554,4.46951453959157,19,8,4.8592896697998,1.66168565561445,2.70168154157822,3.11576746772529,6.23528359041973,2.21642498793354,-1.67447237950007,0.41,5.96317387159052,0.686533675595028,-3.5182725842384,-2.83173890864338,0.319,"learner",8.2
"Speaker34","Tone2","u","Speaker34_Tone 2_u",1.89373976997692,1.3914753011399,1.29250262016606,1.28245652595432,1.30996381891286,1.36174820258242,1.46978060844374,1.68593621799296,1.97911519425378,2.32759645493942,2.66263158152736,2.96407191562176,3.31407368636277,3.66595775591442,3.964919100946,4.2428465377133,4.54360792805433,4.84262419621222,4.9931915705149,4.81078506009664,130.466444945335,296.981816331897,3.71073504456058,1.89373976997692,1.30996381891286,2.32759645493942,3.964919100946,4.81078506009664,19,4,4.9931915705149,1.28245652595432,2.76783897013739,4.21134156595079,3.66079447409599,1.68591649871043,-2.37208561147926,0.24,5.45971952803949,0.569300546755022,-4.14938684131001,-3.58008629455499,0.461,"learner",4.8
"Speaker34","Tone3","a","Speaker34_Tone 3_a",5,2.46980197661328,1.02320748610022,0.900199201230146,0.838613140145314,0.815739990673639,0.846464760013725,0.885865080015543,0.921802189652532,0.96295296091889,1.01167389835165,1.08754777400576,1.17441799872995,1.29534156116718,1.47665818586496,1.81421312086082,2.29717516767843,2.7089784386652,2.96812488458826,3.09649629252084,130.466444945335,296.981816331897,4.18426000932636,5,0.838613140145314,0.96295296091889,1.47665818586496,3.09649629252084,1,6,5,0.815739990673639,1.58553962247639,0.536612775464345,10.7415454521308,4.82681557208566,-38.0735957837402,0.12,2.65834896508749,4.56883149404882,-2.33934708927699,2.22948440477183,0.552,"learner",2.4
"Speaker34","Tone3","i","Speaker34_Tone 3_i",3.3549120573514,1.90951575478657,1.63414363595118,1.51561623024402,1.4550376532257,1.44903135653876,1.46700303570387,1.48538169324347,1.50287623470858,1.52361705685557,1.55266170306383,1.58763489390225,1.66069221835526,1.78665474807869,1.95135910411507,2.17647251636659,2.46471407494758,2.71841459509198,2.89815748805762,3.18047587636445,130.466444945335,296.981816331897,1.90588070081263,3.3549120573514,1.4550376532257,1.52361705685557,1.95135910411507,3.18047587636445,1,6,3.3549120573514,1.44903135653876,1.91136384867098,0.827844669340323,5.96844123513695,3.15568983791208,-16.2006435547383,0.13,1.90275071879996,2.10608366211598,-1.65539312535597,0.450690536760018,0.525,"learner",2.6
"Speaker34","Tone3","u","Speaker34_Tone 3_u",2.21120997946345,0,0.894866189737871,1.19304977229258,1.28517778109694,1.32736664731482,1.33520821822765,1.39377567529235,1.48542226467208,1.56804180833504,1.63957709599166,1.73964979979299,1.84554856383134,1.99247552610546,2.29927238665777,2.77230796168986,3.31117912070927,3.78295531469576,4.14058810904393,4.26794812981244,130.466444945335,296.981816331897,4.26794812981244,2.21120997946345,1.28517778109694,1.56804180833504,2.29927238665777,4.26794812981244,20,2,4.26794812981244,0,1.97802698269237,3.04463683208044,5.27295993822072,1.00949971067993,1.17472611856476,0.66,7.88071017987052,-0.775319238252741,-2.67944146115598,-3.45476069940872,0.619,"learner",13.2
"Speaker35","Tone2","a","Speaker35_Tone 2_a",2.44401740022698,1.6756306694237,1.30903735023357,1.1346404264001,1.04697251576205,1.02871312296403,1.02466503227795,1.01356965397686,0.998332975054833,0.991604534642259,1.02259066452698,1.12609578669715,1.31125921822363,1.59975753391424,2.02401899046555,2.5549488684864,3.12436739763438,3.72983886171038,4.38306863666263,4.31471375089099,147.586985256734,307.914873712239,3.39146410202037,2.44401740022698,1.04697251576205,0.991604534642259,2.02401899046555,4.31471375089099,19,10,4.38306863666263,0.991604534642259,1.80720279295959,2.50317159984081,9.76858892660205,1.7420653593021,-1.88174094410565,0.56,8.69025108592988,1.05377492869916,-3.82371047780915,-2.76993554910998,0.379,"learner",11.2
"Speaker35","Tone2","i","Speaker35_Tone 2_i",2.56894447452186,2.14654203513812,1.95183383661074,1.83095156493095,1.69563522134028,1.54985362282433,1.47607087238769,1.51680157730355,1.55825561490247,1.51296542963384,1.43643445248173,1.40755710011804,1.4507241436752,1.52337636846247,1.58399740363263,1.66876398513818,1.8387005908177,2.11503052268741,2.44428120190616,2.4713954401491,147.586985256734,307.914873712239,1.16138737440382,2.56894447452186,1.69563522134028,1.51296542963384,1.58399740363263,2.4713954401491,1,12,2.56894447452186,1.40755710011804,1.74958272219657,0.0748665288797122,4.31182778396728,2.18559281271429,-1.60297425576514,0.6,3.06940481370231,0.961784553459086,-1.22776192548093,-0.26597737202184,0.396,"learner",12
"Speaker35","Tone2","u","Speaker35_Tone 2_u",2.33595343048269,2.2065851821865,2.9360580433352,3.04850334712084,3.07244475944266,3.07697247692179,3.09716042713871,3.13459299840017,3.17651816211893,3.22262099093086,3.25656836159802,3.28589741456332,3.31238733700203,3.35730903510892,3.41935284329244,3.45220977972381,3.45530263289573,3.44522673204371,3.45574103564898,3.65972200970721,147.586985256734,307.914873712239,1.45313682752071,2.33595343048269,3.07244475944266,3.22262099093086,3.41935284329244,3.65972200970721,20,2,3.65972200970721,2.2065851821865,3.18116057541849,0.994915845100839,-1.23168169963185,2.18900320483772,5.82196900820006,0.14,0.650154109041115,-0.815075661148008,-0.559132533775359,-1.37420819492337,0.547,"learner",2.8
"Speaker35","Tone3","a","Speaker35_Tone 3_a",2.77112990978645,0.690720396904687,0.369101204378287,0.307874806239568,0.23912757865693,0.156036974503495,0.0972550720322551,0.0489134857238505,0.0107485118338238,0,0.0101179753768942,0.0219381973653056,0.0490712368911431,0.111971497302621,0.265865830324725,0.50824057327631,0.918538224335901,1.51982244617173,2.15643839724817,2.68917794939353,147.586985256734,307.914873712239,2.77112990978645,2.77112990978645,0.23912757865693,0,0.265865830324725,2.68917794939353,1,10,2.77112990978645,0,0.564015347690092,0.752225074691889,9.47216488947995,1.1184863416277,-2.39115703713177,0.65,8.37967436496913,1.55425207413565,-2.9328860277392,-1.37863395360355,0.523,"learner",13
"Speaker35","Tone3","i","Speaker35_Tone 3_i",1.67855847904913,0.803965252160993,0.776971005197784,0.683831053581931,0.568162823788537,0.518907207767696,0.508754234676,0.452134291200214,0.429840501452097,0.440717274683212,0.435940558558533,0.405650432210313,0.42008116925046,0.585529420097853,0.915584817733196,1.47069229159327,2.17124499087162,2.83380928889883,3.33891558337072,3.7015514781751,147.586985256734,307.914873712239,3.29590104596478,1.67855847904913,0.568162823788537,0.440717274683212,0.915584817733196,3.7015514781751,20,12,3.7015514781751,0.405650432210313,1.07571858895483,2.07882449220194,9.27088113875913,1.01534342476397,-1.22860698037368,0.66,10.6326987914151,0.810880607046628,-3.61511758908113,-2.8042369820345,0.689,"learner",13.2
"Speaker35","Tone3","u","Speaker35_Tone 3_u",3.40447980945733,1.28727512885101,0.389476643721954,0.2395850281913,0.171792124473448,0.173889076410958,0.192342553774819,0.206479461150075,0.235278485846495,0.282541299541142,0.336304513519161,0.420165936057293,0.526088530803062,0.724529775903401,1.08314207805049,1.60435213220544,2.30734934293276,3.0302716705027,3.49811568297785,4.03041806771724,147.586985256734,307.914873712239,3.85862594324379,3.40447980945733,0.171792124473448,0.282541299541142,1.08314207805049,4.03041806771724,20,5,4.03041806771724,0.171792124473448,1.09706546525852,2.08347423411468,12.5546378104299,1.65317439747091,-4.1980002772305,0.5,8.36494874545987,2.09900013861525,-4.18247437272993,-2.08347423411468,0.562,"learner",10
"Speaker36","Tone2","a","Speaker36_Tone 2_a",2.83956870710096,2.69390023654584,2.55993184954252,2.46629732545053,2.41481629059682,2.37966461085106,2.3550772456205,2.3442232740356,2.34766893585124,2.36386850915086,2.39248878543803,2.43245139763064,2.4985732370489,2.59033893657445,2.73423049820672,2.91410277531207,3.09280545058711,3.31128510991107,3.60020020836573,3.82911215523088,80.5763791709833,395.329409395619,1.48488888119528,2.83956870710096,2.41481629059682,2.36386850915086,2.73423049820672,3.82911215523088,20,8,3.82911215523088,2.3442232740356,2.67404137340712,0.928687474273555,3.87473500418207,2.6456211463719,-0.6194090425909,0.6,3.69166375353499,0.37164542555454,-1.476665501414,-1.10502007585946,0.611,"learner",12
"Speaker36","Tone2","i","Speaker36_Tone 2_i",2.9730246009557,2.84686866579709,2.68391366467901,2.55846715439644,2.48763390888111,2.46703544356926,2.44296981389294,2.45819152875505,2.47261604906942,2.49092302741868,2.49801415587227,2.51473745266036,2.55991339041935,2.6236120728286,2.72036714528072,2.82854837832456,2.95699102613945,3.16204035772626,3.43634955873608,3.72849563502884,80.5763791709833,395.329409395619,1.2855258211359,2.9730246009557,2.48763390888111,2.49092302741868,2.72036714528072,3.72849563502884,20,7,3.72849563502884,2.44296981389294,2.71548270927944,0.638063435644268,3.42603541560149,2.76744828442551,-0.664899933320238,0.61,3.10761243328285,0.405588959325345,-1.21196884898031,-0.806379889654965,0.687,"learner",12.2
"Speaker36","Tone2","u","Speaker36_Tone 2_u",2.76020826061666,2.6671545841821,2.65905900225853,2.64239021272036,2.44714624800166,2.38519058729441,2.3964807210394,2.35004803597391,2.33173268985699,2.34588725540731,2.41798529643557,2.50984705255462,2.62676839583959,2.67913556816044,2.77974926027811,3.05725684979639,3.31845022891212,3.62333008563481,3.85534131868225,3.92897486278818,80.5763791709833,395.329409395619,1.59724217293119,2.76020826061666,2.44714624800166,2.34588725540731,2.77974926027811,3.92897486278818,20,9,3.92897486278818,2.33173268985699,2.75269140158422,1.14127797033987,4.15135836306989,2.70157412010433,-0.800850127713221,0.55,3.72720731888264,0.440467570242272,-1.67724329349719,-1.23677572325492,0.869,"learner",11
"Speaker36","Tone3","a","Speaker36_Tone 3_a",4.17354238658572,4.07351266229252,3.34252121439235,2.34576953332419,2.03860248202852,2.21530780123834,2.07900363210958,1.4338308151569,1.2695734792023,1.12064953422855,0.60516394671942,0.804149118601104,1.24578114910207,1.39211548408253,1.09615453445104,1.74118018974034,3.26953014583032,3.61901669890081,3.82920305540708,4.11444353323463,80.5763791709833,395.329409395619,3.5683784398663,4.17354238658572,2.03860248202852,1.12064953422855,1.09615453445104,4.11444353323463,1,11,4.17354238658572,0.60516394671942,2.16952804759464,-0.144629570750691,13.7853955349926,3.95187861483378,-6.47491073236717,0.56,8.78735078773637,3.62595001012561,-3.866434346604,-0.240484336478387,0.689,"learner",11.2
"Speaker36","Tone3","i","Speaker36_Tone 3_i",4.69838832606496,4.44281621162239,3.51528271289257,1.37019819140652,0.34393917113444,0,0.360380458701031,0.493361125958737,3.55196131333264,3.92621782443419,1.5949639636883,1.18973292162647,1.56592988019224,2.66361084570112,2.89119262256722,3.13765910425896,3.42159602276898,3.61145920606247,3.89225136225118,4.13797308156534,80.5763791709833,395.329409395619,4.69838832606496,4.69838832606496,0.34393917113444,3.92621782443419,2.89119262256722,4.13797308156534,1,6,4.69838832606496,0,2.44314143269574,1.09889282046051,11.0926884461949,5.23442202207958,-22.4642402537488,0.21,4.53721324492295,4.71749045328725,-3.58439846348913,1.13309198979812,0.845,"learner",4.2
"Speaker37","Tone2","a","Speaker37_Tone 2_a",3.40312193100001,2.63179006642659,2.3321593397549,2.21350743118752,2.14658208689444,2.0982906040052,2.05826006190216,2.02919688299921,1.99878086556146,1.99321513197808,2.04854306361987,2.151902831909,2.26569193990507,2.35909912015616,2.43756974192052,2.57491734806509,2.87788390767627,3.38942333072293,3.97388605701849,4.12744721816429,114.480908574593,260.782349674495,2.13423208618621,3.40312193100001,2.14658208689444,1.99321513197808,2.43756974192052,4.12744721816429,20,10,4.12744721816429,1.99321513197808,2.49777551606868,1.03774155703093,6.58782424511335,2.75970238607797,-1.86881864597112,0.55,4.90780519484353,1.02785025528412,-2.20851233767959,-1.18066208239547,0.415,"learner",11
"Speaker37","Tone2","i","Speaker37_Tone 2_i",2.68680294103626,2.21786715202851,1.93152812201094,1.8463507606587,1.72931077472307,1.6145592692644,1.53226744476157,1.49170009998835,1.47916617119529,1.49004167071853,1.51924993747535,1.56116688953924,1.61346046306525,1.6756716235846,1.75930867126288,1.99402087558959,2.45865875352559,2.99247640071713,3.24861706262615,3.0533870090747,114.480908574593,260.782349674495,1.76945089143086,2.68680294103626,1.72931077472307,1.49004167071853,1.75930867126288,3.0533870090747,19,9,3.24861706262615,1.47916617119529,1.94200506001576,0.778063872531502,6.0164120874265,2.27317212882269,-1.88064119477429,0.56,4.52947725116274,1.0531590690736,-1.99296999051161,-0.939810921438003,0.303,"learner",11.2
"Speaker37","Tone2","u","Speaker37_Tone 2_u",3.12549772632911,2.6979142060288,2.40401235816792,2.28601227919741,2.22169881926759,2.1944950900273,2.20152778593202,2.21592584880178,2.2416084523982,2.28590706615519,2.35896578956485,2.46553689884331,2.59238510944564,2.75714952958782,2.99016354214941,3.2945223016327,3.60152107370275,3.83326963615761,4.02688235599948,4.42282623472861,114.480908574593,260.782349674495,2.22833114470131,3.12549772632911,2.22169881926759,2.28590706615519,2.99016354214941,4.42282623472861,20,6,4.42282623472861,2.1944950900273,2.761854549914,1.58943915220253,5.59016730327341,2.71729630736339,-1.40132697395279,0.49,4.41405160468255,0.686650217236867,-2.2511663183881,-1.56451610115123,0.282,"learner",9.8
"Speaker37","Tone3","a","Speaker37_Tone 3_a",2.96306509857331,1.61967299034064,1.27044712540033,1.22216807146233,1.34793180939371,1.52961965596948,1.57383583280384,1.50259226808734,1.36980767923601,1.2810803441177,1.27854396151771,1.33630185459202,1.4546747235254,1.64011730442532,1.88677488229468,2.22823600949027,2.67407982365101,3.15352535871158,3.64717308983942,4.15923947272076,114.480908574593,260.782349674495,2.93707140125843,2.96306509857331,1.34793180939371,1.2810803441177,1.88677488229468,4.15923947272076,20,4,4.15923947272076,1.22216807146233,1.88887833224897,1.67621304340572,7.75952805368904,1.89431237362315,-1.26259557840615,0.62,7.59806697828995,0.78280925861181,-2.88726545175018,-2.10445619313837,0.495,"learner",12.4
"Speaker37","Tone3","i","Speaker37_Tone 3_i",2.19267387726995,1.51680380808381,1.24514610849718,1.06638382737386,0.969893908638875,0.906623704303948,0.849707693782786,0.848346394360459,0.908634694507565,0.985784429939199,1.03084652956763,1.06072489129714,1.09882184642352,1.15164203560627,1.22746856093363,1.32107686657424,1.11861096704004,0.444430508801549,0,0.588064623769696,114.480908574593,260.782349674495,2.19267387726995,2.19267387726995,0.969893908638875,0.985784429939199,1.22746856093363,0.588064623769696,1,19,2.19267387726995,0,1.0230911738302,-0.814102216338152,0.398212260953852,2.14759478577897,-10.1768561286256,0.1,-0.437717458719214,1.01768561286256,0.393945712847293,1.41163132570985,0.436,"learner",2
"Speaker37","Tone3","u","Speaker37_Tone 3_u",5,4.33010960600002,2.8046278472066,1.60051143900721,1.28938223517293,1.23551948643409,1.2045112314056,1.20729160127503,1.2289195363945,1.24564697957882,1.25082243562818,1.25822378657608,1.27552624260116,1.29934559221598,1.3417865775375,1.44005894157068,1.62688643852233,1.93066697769228,2.38955900167737,3.05556665527291,114.480908574593,260.782349674495,3.7954887685944,5,1.28938223517293,1.24564697957882,1.3417865775375,3.05556665527291,1,7,5,1.2045112314056,1.80363459780276,-1.12840260490164,11.0709427375699,5.21593633401279,-22.7681359969461,0.19,1.52031712503196,4.32594583941975,-1.23145687127589,3.09448896814386,0.359,"learner",3.8
"Speaker38","Tone2","a","Speaker38_Tone 2_a",4.71988326629219,3.88808504758429,2.4613679631618,2.04424967553423,2.06385674471023,2.18223061825663,2.22023662198777,2.19016556666967,2.19690153027953,2.21025692390427,2.2097855178405,2.23068240064003,2.30473544406769,2.43219360564465,2.61065689059964,2.84472880769445,3.12218220074199,3.42635327194035,3.72155900910975,3.8599744921814,70.3236131745178,297.68183334131,2.67563359075797,4.71988326629219,2.06385674471023,2.21025692390427,2.61065689059964,3.8599744921814,1,4,4.71988326629219,2.04424967553423,2.67692305213555,0.341736310267519,7.98925996994188,4.68475237558721,-17.6762643945228,0.17,2.14043722741019,3.00496494706888,-1.77656289875046,1.22840204831842,0.4,"learner",3.4
"Speaker38","Tone2","i","Speaker38_Tone 2_i",2.74508964123318,2.61130486282897,2.5565267017884,2.58192065438616,2.67802439857807,2.80361746101395,2.92011546621213,3.03369930573717,3.13542976685043,3.22217020998339,3.29388332868328,3.35341254365527,3.40545325773496,3.45361991120971,3.49997002654038,3.55031609000561,3.59771623941629,3.60304352055515,3.56418133842907,3.47676541126184,70.3236131745178,297.68183334131,1.04651681876675,2.74508964123318,2.67802439857807,3.22217020998339,3.49997002654038,3.47676541126184,18,3,3.60304352055515,2.5565267017884,3.16003893616048,1.15978826603095,-0.652755946505305,2.51113666984287,1.37234992579976,0.82,-0.755186253403498,-1.12532693915581,0.13593352561263,-0.989393413543178,0.173,"learner",16.4
"Speaker38","Tone2","u","Speaker38_Tone 2_u",4.62968025932402,5,4.52886837904138,3.51943665324213,2.33859636406443,1.94991950695284,2.85510091579801,3.29982149004157,2.92909137728588,1.30592537476296,0,0.0638309274122498,0.324285166199986,1.16400974846351,2.13949563017389,2.6386378413225,2.96505970436906,3.23475322930101,3.44949101081041,3.49303179970462,70.3236131745178,297.68183334131,5,4.62968025932402,2.33859636406443,1.30592537476296,2.13949563017389,3.49303179970462,2,11,5,0,2.47542975067453,-1.51691408980788,13.2265100792451,4.95119194696152,-7.7721392652387,0.58,8.41104133568525,4.50784077383845,-3.53263736098781,0.97520341285064,0.51,"learner",11.6
"Speaker38","Tone3","a","Speaker38_Tone 3_a",3.28040038299796,2.29699691514252,0.867507593203665,0.378873261231847,0.503906459477324,1.09419544489373,1.18950752880637,0.54797873830214,0.168577903173291,0.482961137809528,1.10734787336121,1.64296671814573,2.3010954084385,2.45006047708943,2.43953416170257,2.52126165961887,2.72144085258655,2.97408312972592,3.35304774304492,3.62756996265535,70.3236131745178,297.68183334131,3.45899205948206,3.28040038299796,0.503906459477324,0.482961137809528,2.43953416170257,3.62756996265535,20,9,3.62756996265535,0.168577903173291,1.72290624024986,2.05052943778922,8.49977471453842,3.3215582614963,-21.9366052782949,0.15,3.96595565410625,3.29049079174424,-3.37106230599032,-0.080571514246075,0.676,"learner",3
"Speaker38","Tone3","u","Speaker38_Tone 3_u",2.89337861223464,2.10639921257209,2.25804584154515,3.53824292640029,3.64115815028026,0.972546999383111,0.235444642874672,0.878944724787506,0.745114125172718,0.484047610170818,0.701076954855169,1.25064354204324,1.75116121244465,2.22358996721838,2.38482298823633,2.44696196529926,2.69406543678592,3.2166702404869,3.52554792426256,3.73424794717199,70.3236131745178,297.68183334131,3.49880330429732,2.89337861223464,3.64115815028026,0.484047610170818,2.38482298823633,3.73424794717199,20,7,3.73424794717199,0.235444642874672,1.99502013603351,0.901330675008039,10.1557373302662,3.18469340921716,-6.0316164544391,0.45,6.10822908853332,2.7142274044976,-3.35952599869332,-0.645298594195727,0.707,"learner",9
"Speaker39","Tone2","a","Speaker39_Tone 2_a",2.53358652583308,2.51977036143424,2.48798591731987,1.53665150275148,1.46279524495898,1.94095778101084,2.25281371098297,2.3765238446841,2.50426047804677,2.6378622491546,2.7728390139326,2.91318253567363,3.05117427636118,3.19822443767341,3.36764676153509,3.51371261343211,3.65165435551194,3.7936908250788,3.92709411482655,3.94301300090476,90.623939289379,330.895551250158,2.48021775594578,2.53358652583308,1.46279524495898,2.6378622491546,3.36764676153509,3.94301300090476,20,5,3.94301300090476,1.46279524495898,2.79757062523351,2.06481970853001,2.47395416468976,2.71322554146687,-5.52669299113784,0.18,2.9074755889195,0.99480473840481,-2.38412998291399,-1.38932524450918,0.519,"learner",3.6
"Speaker39","Tone2","i","Speaker39_Tone 2_i",2.8461453842117,2.54652063904793,2.53644383334084,2.54524675089865,2.45794743975391,1.74328604381945,0.490421266671061,0,0.0180292889307211,0.0849173682619182,0.160680590658157,0.336712271885374,1.4556205085153,2.85903879016785,3.39258706417622,3.606785450365,3.88622621503801,4.21509566725426,4.57736909679948,5,90.623939289379,330.895551250158,5,2.8461453842117,2.45794743975391,0.0849173682619182,3.39258706417622,5,20,8,5,0,2.10726682079539,2.43473338146449,14.8983023471613,3.26674657888729,-7.47721855365851,0.46,10.3197089427823,3.43952053468291,-5.57264282910245,-2.13312229441954,0.524,"learner",9.2
"Speaker39","Tone2","u","Speaker39_Tone 2_u",3.84320228865774,4.32038867280648,4.33333269779105,4.14900938332035,3.81634327470231,3.44013658927588,3.15748611216555,2.94531973989355,2.7005257744564,2.5109918979703,2.43750399071214,2.41148996489102,2.3868751799475,2.33782342465164,2.34461444875001,2.54938967143256,2.91423808919182,3.32355883082677,3.76819731680198,4.0886386738374,90.623939289379,330.895551250158,1.99550927313942,3.84320228865774,3.81634327470231,2.5109918979703,2.34461444875001,4.0886386738374,3,14,4.33333269779105,2.33782342465164,3.12910392462868,-0.98841774872543,6.82282891820081,4.33154384302728,-3.31401811005795,0.7,6.86718162849455,2.31981267704056,-2.06015448854836,0.259658188492198,0.479,"learner",14
"Speaker39","Tone3","a","Speaker39_Tone 3_a",3.48412494171553,2.72240474627836,2.00901626233569,1.80441329741895,1.98847478029919,2.10088784677799,1.8862305693818,1.82598368934406,2.06978114951355,2.30940875354886,2.54273921363524,2.62991884559023,2.67977106919959,2.76998228687699,2.87507215130572,2.99649624789081,3.24906556638513,3.59701583718348,4.0450389738451,4.62030953052753,90.623939289379,330.895551250158,2.81589623310858,3.48412494171553,1.98847478029919,2.30940875354886,2.87507215130572,4.62030953052753,20,4,4.62030953052753,1.80441329741895,2.65702156180212,1.67282285042368,6.07451578116546,3.37814237792084,-11.1808786088532,0.17,2.95598211888417,1.90074936350504,-2.45346515867386,-0.552715795168822,0.628,"learner",3.4
"Speaker39","Tone3","i","Speaker39_Tone 3_i",3.78968617660913,1.26767811912519,0.451155816603531,0.266597907809746,0.228888306145214,0.229913611686454,0.26294422748866,1.02405575251142,1.70600953390939,0.929501233333299,0.372007892132488,1.00690074893469,2.622120993846,3.30544633920479,3.42034183417088,3.53756514166061,3.66889800488706,3.78806029258628,3.94523258277289,4.20920029043928,90.623939289379,330.895551250158,3.98031198429407,3.78968617660913,0.228888306145214,0.929501233333299,3.42034183417088,4.20920029043928,20,5,4.20920029043928,0.228888306145214,1.92351215143623,3.42164261331601,8.90318212965482,3.46197072326086,-30.2047648648653,0.13,5.54427548267324,3.9266194324325,-4.82351966992572,-0.896900237493224,0.542,"learner",2.6
"Speaker39","Tone3","u","Speaker39_Tone 3_u",3.90290121350191,3.49591633586335,3.24185432825668,3.03206088583427,2.83966932058653,2.67440356087188,2.44306755600524,1.729910462585,0.794474265342462,0.556734680664082,0.681577354053581,0.62439469872228,0.491065360911019,0.432709593239684,0.48883728554845,0.956294787193971,2.22737534856257,3.45414763819878,4.10800713350963,4.50864280584852,90.623939289379,330.895551250158,4.07593321260884,3.90290121350191,2.83966932058653,0.556734680664082,0.48883728554845,4.50864280584852,20,14,4.50864280584852,0.432709593239684,2.00439756445556,-0.662874602003675,14.7977319592762,3.87633206583808,-5.72271393908566,0.7,16.4286564306281,4.00589975735996,-4.92859692918843,-0.922697171828471,0.47,"learner",14
"Speaker40","Tone2","a","Speaker40_Tone 2_a",3.69815988253967,3.38183206629098,3.3296996287301,3.2700452211577,3.17782926381426,3.08497585285744,3.01852225296116,2.99371309131239,2.99546739351638,3.00698624242542,3.02725581207327,3.05668801066739,3.09562274909213,3.14500263725363,3.19899858364854,3.32614561595775,3.4715482859915,3.64053769706934,3.8548300278425,4.08029648078378,78.2304904810697,327.120680466341,1.08658338947139,3.69815988253967,3.17782926381426,3.00698624242542,3.19899858364854,4.08029648078378,20,8,4.08029648078378,2.99371309131239,3.26298288554045,0.383431406166956,3.38864478550537,3.47975477005871,-1.13922641053827,0.55,2.41083914510719,0.62657452579605,-1.08487761529823,-0.458303089502185,0.667,"learner",11
"Speaker40","Tone2","i","Speaker40_Tone 2_i",3.5701169141423,3.04484725266432,2.91385582491704,2.94269888690574,3.14447427169882,3.12012936140809,3.03580329041932,2.98989951367688,2.9692991070348,2.96609868845729,2.96482816598637,2.94978261487054,2.97906160439974,3.02016451947105,3.06098137941859,3.11243076797208,3.203241078478,3.08338218570197,1.84727384802732,1.26986468298605,78.2304904810697,327.120680466341,2.30025223115625,3.5701169141423,3.14447427169882,2.96609868845729,3.06098137941859,1.26986468298605,1,20,3.5701169141423,1.26986468298605,2.92866727885268,-0.846312681278163,-2.19513622497812,3.10257521544323,-0.0994313553829096,0.89,-16.7692109063258,0.0884939062907897,1.84461319969584,1.93310710598663,0.661,"learner",17.8
"Speaker40","Tone2","u","Speaker40_Tone 2_u",3.44190453794404,3.07621220443284,2.97826097559224,2.94418937518897,2.91636157665057,2.89801619930215,2.89076773312675,2.89127436444838,2.90696695861066,2.93878346379823,2.96371257118507,2.97324470339831,2.97988640182042,3.00394543916607,3.04153152752623,3.09557999368935,3.18483556185381,3.27791202787974,3.40622563012074,3.60336608977288,78.2304904810697,327.120680466341,0.712598356646135,3.44190453794404,2.91636157665057,2.93878346379823,3.04153152752623,3.60336608977288,20,7,3.60336608977288,2.89076773312675,3.05282427952848,0.30033244206752,2.03200294614575,3.27409202943485,-1.7633823773856,0.29,0.870321381991704,0.511380889441825,-0.61792818121411,-0.106547291772285,0.453,"learner",5.8
"Speaker40","Tone3","a","Speaker40_Tone 3_a",3.71628637564562,3.39604404148902,3.34698086862419,3.27857112903453,3.12016024392741,2.9003743545688,2.58248315666802,1.68370575620153,0.390119853870339,0,0.024977836861282,0.0492397520406761,0.327855478535763,0.78746213530156,1.07704276947453,1.13212639610184,1.1212553148744,1.28962752022192,2.50934272996521,3.56007480856073,78.2304904810697,327.120680466341,3.71628637564562,3.71628637564562,3.12016024392741,0,1.07704276947453,3.56007480856073,1,10,3.71628637564562,0,1.70874958541952,-1.93668236398693,12.0768112373887,4.26007374787047,-7.76382912376221,0.57,6.78134511661675,4.42538260054446,-2.9159784001452,1.50940420039926,0.543,"learner",11.4
"Speaker40","Tone3","u","Speaker40_Tone 3_u",3.37141628463105,3.09914018364745,3.00614894621887,2.97561824072239,2.981498535226,2.99472540381677,3.00322591793882,3.00194645109708,2.98798122271347,2.97513433904155,2.97399681555529,2.97913499846519,2.98680416583032,3.00235598850091,3.03215461125762,3.07189471722526,3.11799621595124,3.18938183480313,3.2745306083724,3.59820331623953,78.2304904810697,327.120680466341,0.624206500684241,3.37141628463105,2.981498535226,2.97513433904155,3.03215461125762,3.59820331623953,20,11,3.59820331623953,2.97399681555529,3.06717523015707,0.187310593827908,1.59476990644437,3.10274967571809,-0.211888637333818,0.76,2.29252163363361,0.161035364373702,-0.550205192072067,-0.389169827698365,0.417,"learner",15.2
"Speaker41","Tone2","a","Speaker41_Tone 2_a",2.81363471856796,1.53924241266795,0.712341941090575,0.625661880444709,0.551489970068468,0.488766528799734,0.424154647222149,0.361695261934379,0.316376504341878,0.29271756275177,0.290501184976718,0.310958471523035,0.358384108963457,0.432311505694886,0.545596558925604,0.724904110245932,0.993189147781282,1.40673246249458,1.95157433957436,2.31406275250443,99.3952117526578,279.47695547546,2.52313353359124,2.81363471856796,0.551489970068468,0.29271756275177,0.545596558925604,2.31406275250443,1,11,2.81363471856796,0.290501184976718,0.800865679756806,0.216465503999217,8.19080010999518,1.8161868327117,-4.48387204555805,0.45,3.74659196722737,2.01774242050112,-2.06062558197505,-0.0428831614739305,0.454,"learner",9
"Speaker41","Tone2","i","Speaker41_Tone 2_i",2.11358855744456,1.48167689402126,1.31847457004129,1.37009586693379,1.3955640041574,1.33116023839975,1.12678705201647,0.795882129367043,0.449402335577482,0.221757772652098,0.135137379968468,0.12790682819488,0.152879360658031,0.213818154119986,0.314479037051947,0.44689766699233,0.640868369978042,0.952894329977059,1.35657072269718,1.58533184340699,99.3952117526578,279.47695547546,1.98568172924968,2.11358855744456,1.3955640041574,0.221757772652098,0.314479037051947,1.58533184340699,1,12,2.11358855744456,0.12790682819488,0.825781925259661,-0.819567244360131,5.78854726823822,1.88450532493771,-3.03817199086849,0.65,4.56390017931344,1.97481179406452,-1.5973650627597,0.377446731304813,0.364,"learner",13
"Speaker41","Tone2","u","Speaker41_Tone 2_u",1.85496754269176,1.20218377595112,1.15526620329047,1.24268711545687,1.30021094126707,1.33805754402887,1.39450197157087,1.4797729413979,1.56325245913189,1.62269300263831,1.6647818608079,1.70877122681495,1.78471529147724,1.93911661915996,2.2173629145237,2.60135915131896,3.05042811944826,3.73364564775425,4.64095660814776,5,99.3952117526578,279.47695547546,3.84473379670953,1.85496754269176,1.30021094126707,1.62269300263831,2.2173629145237,5,20,3,5,1.15526620329047,2.06274035620331,2.97761596635439,7.06756573302799,1.26776770504317,0.724257293899939,0.71,11.1361772298519,-0.514222678668957,-3.22949139665706,-3.74371407532602,0.43,"learner",14.2
"Speaker41","Tone3","a","Speaker41_Tone 3_a",1.60693174432733,0.73633307930931,0.697391738183087,0.713163076616541,0.708621636991997,0.681023212045411,0.575521178964732,0.442698923483409,0.35497415649183,0.317507522590784,0.327554993840671,0.388759349241744,0.565766916078044,0.886247745121804,1.28166602684821,1.74488387869099,2.23649594989682,2.62347409201194,2.80536588523723,2.68391463694187,99.3952117526578,279.47695547546,2.48785836264644,1.60693174432733,0.708621636991997,0.317507522590784,1.28166602684821,2.68391463694187,19,10,2.80536588523723,0.317507522590784,1.0556955690295,1.77196134697162,7.20699086524538,1.09871063222642,-1.70853347343913,0.55,6.40621472736077,0.93969341039152,-2.88279662731234,-1.94310321692082,0.55,"learner",11
"Speaker41","Tone3","i","Speaker41_Tone 3_i",1.41015973461195,1.12379106347848,1.02964380939367,0.870882439592808,0.682427327117436,0.505797179589637,0.413401638533056,0.390000198971466,0.378942638770897,0.394770145581087,0.482138960995303,0.644680695167332,0.867562470655553,1.15958175673824,1.56554352394193,2.05015087064373,2.54565497181622,3.04908264397986,3.67086873986611,4.1616015399374,99.3952117526578,279.47695547546,3.7826589011665,1.41015973461195,0.682427327117436,0.394770145581087,1.56554352394193,4.1616015399374,20,9,4.1616015399374,0.378942638770897,1.28571446755549,2.58170959265558,9.58964009015244,1.19440929658958,-1.90241323676277,0.55,8.55228632170231,1.04632728021952,-3.84852884476604,-2.80220156454651,0.539,"learner",11
"Speaker41","Tone3","u","Speaker41_Tone 3_u",4.21897998780956,2.22129314030745,1.58412637942139,1.49108665890052,1.35177597465608,1.18627838935018,1.0417832920948,0.910911163436212,0.788466108162265,0.705202823519099,0.721933079772717,0.864770501656454,1.12387434879703,1.48587231549618,1.88881817216204,2.27919387045646,2.61854806458245,2.85814521366753,2.95730595539111,2.83655318010367,99.3952117526578,279.47695547546,3.51377716429046,4.21897998780956,1.35177597465608,0.705202823519099,1.88881817216204,2.83655318010367,1,10,4.21897998780956,0.705202823519099,1.66907371718522,0.585098953200408,9.99463237342157,3.00646562329059,-6.7839046318526,0.4,4.71395408250744,2.71356185274104,-2.82837244950447,-0.114810596763426,0.628,"learner",8
"Speaker42","Tone2","a","Speaker42_Tone 2_a",3.2953709195364,3.10436946980822,2.97170470275137,2.84176263717973,2.71320514164803,2.62252153981452,2.55674416085962,2.50957188142545,2.5049789300211,2.5516521564871,2.63176510473111,2.73273976165984,2.86020328759481,3.01842319285563,3.222344341549,3.47651630321853,3.76687814454555,4.0198392580147,4.14251316056191,4.01133355174511,93.1583742458156,369.970666210908,1.63753423054081,3.2953709195364,2.71320514164803,2.5516521564871,3.222344341549,4.01133355174511,19,9,4.14251316056191,2.5049789300211,3.03635158256474,1.12204837671927,4.71621416986372,3.18826150456062,-1.87934198724849,0.45,3.37620298553424,0.845703894261821,-1.85691164204383,-1.01120774778201,0.366,"learner",9
"Speaker42","Tone2","i","Speaker42_Tone 2_i",3.23037864695658,2.9756779015929,2.85643713403467,2.81144939831695,2.7545480018485,2.70577689487982,2.68020475094675,2.66678035529637,2.66935809519113,2.7157136801203,2.83009518899269,3.0023586825353,3.21719855692508,3.44170341260636,3.64459168328621,3.77719543835402,3.76036087904495,3.60633434180654,3.48654388899177,3.393680002114,93.1583742458156,369.970666210908,1.11041508305765,3.23037864695658,2.7545480018485,2.7157136801203,3.64459168328621,3.393680002114,16,8,3.77719543835402,2.66678035529637,3.09527035813165,0.91808821010997,1.82958469588486,3.12402988121864,-1.77293241878732,0.3,1.71474779601817,0.531879725636196,-1.20032345721272,-0.668443731576525,0.366,"learner",6
"Speaker42","Tone2","u","Speaker42_Tone 2_u",5,4.84803642931869,4.26688780901064,3.52753114453472,3.09420024736178,2.98431768431581,2.94009957089881,2.91012771626463,2.88937261800608,2.88267202380036,2.885875856752,2.90127297371897,2.9336267626911,2.99337692391676,3.08364450193874,3.20453475080041,3.35431695579854,3.50586182958834,3.62718902622888,3.69227358277712,93.1583742458156,369.970666210908,2.11732797619964,5,3.09420024736178,2.88267202380036,3.08364450193874,3.69227358277712,1,10,5,2.88267202380036,3.3191420391749,-0.809020277498377,6.51155245807891,5.09745033433474,-8.66957474981852,0.28,1.21071996929254,2.42748092994919,-0.871718377890628,1.55576255205856,0.304,"learner",5.6
"Speaker42","Tone3","a","Speaker42_Tone 3_a",3.51596616547757,3.05556792327959,2.83382985047798,2.6318178478303,2.44165248400131,2.28280482620985,2.15970974328208,1.67715070413898,0.74576864299747,0.100023834602953,0,0.0824472163610225,0.240354051319118,1.24758190311426,2.55563846582804,3.1352338703436,3.38931603319946,3.65690466077559,3.85496842884386,4.02521204003278,93.1583742458156,369.970666210908,4.02521204003278,3.51596616547757,2.44165248400131,0.100023834602953,2.55563846582804,4.02521204003278,20,11,4.02521204003278,0,2.06058309096911,0.569787293170676,13.795635174582,3.68091760448271,-6.60290313389693,0.55,10.1201721014434,3.63159672364331,-4.55407744564955,-0.922480722006238,0.469,"learner",11
"Speaker42","Tone3","i","Speaker42_Tone 3_i",3.10983545272131,2.81952681788984,2.74199279268588,2.76418249908469,2.74224818122715,2.67942197499095,2.60938321057727,2.5518882618412,2.51997545818224,2.52410463886232,2.58198640333768,2.69766008688482,2.82772600238452,2.95570835879671,3.10923881812232,3.29738386089226,3.48280025538682,3.62562345096207,3.77839637618683,3.97071106016734,93.1583742458156,369.970666210908,1.4507356019851,3.10983545272131,2.74224818122715,2.52410463886232,3.10923881812232,3.97071106016734,20,9,3.97071106016734,2.51997545818224,2.93740952609306,0.994616488484692,3.65713960414102,2.94493737400789,-1.00146406343296,0.5,2.99069704040234,0.500732031716479,-1.49534852020117,-0.994616488484692,0.411,"learner",10
"Speaker42","Tone3","u","Speaker42_Tone 3_u",3.55123257749713,3.21551907815436,3.00153281296897,2.96094245865138,2.94997489871391,2.93359355816691,2.92214397477229,2.91407494531989,2.90429492513418,2.89284009436387,2.88317178425766,2.88739169643991,2.93013669413998,3.02371410718877,3.14924753504317,3.29426533606477,3.44562041778708,3.56990316721987,3.63716346155722,3.81226346231842,93.1583742458156,369.970666210908,0.929091678060763,3.55123257749713,2.94997489871391,2.89284009436387,3.14924753504317,3.81226346231842,20,11,3.81226346231842,2.88317178425766,3.11776828280448,0.477327319850758,2.98486957911964,3.24162205571127,-0.874765275523422,0.55,2.27762871491861,0.481120901537882,-1.02493292171338,-0.543812020175494,0.353,"learner",11
"Speaker43","Tone2","a","Speaker43_Tone 2_a",2.8902225475805,2.60292026034373,2.55036552372971,2.5229348921816,2.53414400029721,2.57331239815147,2.64950061215928,2.74063234041046,2.81399520262015,2.88939308197354,2.99533268169625,3.13834498036961,3.30655311953601,3.48064713381187,3.642426158115,3.78940269842021,3.93183471359857,4.07163056128363,4.20342219410897,4.2643130399283,94.2594462610355,369.985244155044,1.7413781477467,2.8902225475805,2.53414400029721,2.88939308197354,3.642426158115,4.2643130399283,20,4,4.2643130399283,2.5229348921816,3.1591562567031,1.82296304956484,2.32675713564832,2.74511164790192,-1.02487920550847,0.28,2.55470552897108,0.28696617754237,-1.83938798085918,-1.55242180331681,0.462,"learner",5.6
"Speaker43","Tone2","i","Speaker43_Tone 2_i",3.33578560891424,3.21329798904885,3.20211712782491,3.21727770948765,3.22261243198448,3.22950180981192,3.24930490541139,3.28815119628632,3.33578622604146,3.37873459215782,3.42482195319145,3.48657580966935,3.56828658095832,3.67939662029751,3.81325053290783,3.97044575146127,4.1538457454063,4.32934959332034,4.47755904801618,4.49178897867667,94.2594462610355,369.985244155044,1.28967185085177,3.33578560891424,3.22261243198448,3.37873459215782,3.81325053290783,4.49178897867667,20,3,4.49178897867667,3.20211712782491,3.58429152975658,1.29900076484133,2.17773980973299,3.2061680347387,0.28483832630082,0.55,2.64935062932277,-0.156661079465451,-1.19220778319525,-1.3488688626607,0.435,"learner",11
"Speaker43","Tone2","u","Speaker43_Tone 2_u",3.750944496099,3.27576807690358,3.20281011008294,3.21777295429916,3.23328530079002,3.25284028528058,3.28640346965668,3.34171943108806,3.40898484913527,3.47709383097229,3.55344371764753,3.65187485026641,3.76222047668705,3.8709153027135,3.98217682601576,4.09841350100944,4.22569902059104,4.37562025303428,4.54739857595452,4.5891367795165,94.2594462610355,369.985244155044,1.38632666943357,3.750944496099,3.23328530079002,3.47709383097229,3.98217682601576,4.5891367795165,20,3,4.5891367795165,3.20281011008294,3.68489268223974,1.30454442704792,2.31801023880798,3.54916524136657,-1.98978032796837,0.24,1.92922854875048,0.477547278712408,-1.46621369705036,-0.988666418337953,0.425,"learner",4.8
"Speaker43","Tone3","a","Speaker43_Tone 3_a",3.74102495202302,3.29968999291979,3.26859722340156,3.19500638222532,3.06155579079519,2.88590519260899,2.72002353237532,2.56524342750564,2.46205868127152,2.42910759404758,2.4158339401108,2.40317924795435,2.41269347535195,2.45800273134022,2.56939462684269,2.76233083724597,3.02205937507102,3.31131644462443,3.54655365074507,3.67398731874724,94.2594462610355,369.985244155044,1.33784570406867,3.74102495202302,3.06155579079519,2.42910759404758,2.56939462684269,3.67398731874724,1,12,3.74102495202302,2.40317924795435,2.86423450588353,-0.108734750381619,5.23758350736167,3.52531526539841,-2.26860244457704,0.6,3.7461044927762,1.36116146674622,-1.49844179711048,-0.137280330364257,0.572,"learner",12
"Speaker43","Tone3","i","Speaker43_Tone 3_i",3.97925855734577,3.4860257854733,3.44519066906118,3.34916836154383,3.23055049177438,3.11764145376953,2.97413193784202,2.80651689822283,2.62621554531908,2.54250272311377,2.54284733586102,2.57881021556235,2.6680766966308,2.81682737008172,2.99775648477925,3.21233649009976,3.45273385585263,3.70170246480818,3.91373355643433,3.99333837580846,94.2594462610355,369.985244155044,1.45083565269469,3.97925855734577,3.23055049177438,2.54250272311377,2.99775648477925,3.99333837580846,20,10,3.99333837580846,2.54250272311377,3.12285070496415,0.135972198874425,5.57660166957692,3.76888464889082,-2.53779603571131,0.55,3.69607503449471,1.39578781964122,-1.66323376552262,-0.267445945881402,0.65,"learner",11
"Speaker43","Tone3","u","Speaker43_Tone 3_u",4.0973172338006,3.64214080379745,3.56922196632329,3.53532188161907,3.46146186938543,3.35461412029445,3.25221642827955,3.18434271810093,3.14154056233877,3.10084209259634,3.06507890508021,3.05992759565615,3.10442519151748,3.19883583581057,3.33145576724115,3.4690937604037,3.61133400211706,3.7852470242617,3.98261134959876,4.28182505002045,94.2594462610355,369.985244155044,1.2218974543643,4.0973172338006,3.46146186938543,3.10084209259634,3.33145576724115,4.28182505002045,20,12,4.28182505002045,3.05992759565615,3.42541297819656,0.17634075683295,4.10738918757752,3.81320946322243,-1.53053270472473,0.59,3.04784278711076,0.903014295787588,-1.24961554271541,-0.346601246927825,0.476,"learner",11.8
"乌罗舍维奇尼古拉","Tone2","bá","乌罗舍维奇尼古拉_Tone2_bá",2.67642658168023,2.67642658168023,2.43987648369296,2.41462663619591,2.18158923277958,1.74674547514558,1.40762666698687,1.28945822176601,1.09424550046335,0.781770788997255,0.446078905992602,0.343632360219402,0.353158508327644,0.561546063969424,0.605250124910795,0.857615114801318,0.860049543250769,1.16246015428987,1.80090788619881,2.45048374058397,86.68,163.92,2.33279422146083,2.67642658168023,2.18158923277958,0.781770788997255,0.605250124910795,2.45048374058397,1,12,2.67642658168023,0.343632360219402,1.34099698393879,-1.37966066421815,7.58119889099346,2.8819337267926,-4.28978298759732,0.65,5.68178133056396,2.78835894193826,-1.98862346569738,0.799735476240876,0.41,"learner",13
"乌罗舍维奇尼古拉","Tone2","bí","乌罗舍维奇尼古拉_Tone2_bí",2.83824710137315,2.65451011257252,2.48089998038335,2.37124686821795,2.14034502408245,1.83251004513785,1.64536520681451,1.57309298803019,1.52627830984441,1.5106111485895,1.50837042710361,1.48218129180392,1.43331122221191,1.37274262403615,1.40157100541976,1.52031355512959,1.86969471124036,2.30741116884405,2.87410724013789,3.52027019905212,86.68,163.92,2.14752757501597,2.83824710137315,2.14034502408245,1.5106111485895,1.40157100541976,3.52027019905212,20,14,3.52027019905212,1.37274262403615,1.93256881194155,-0.0838788055625396,6.9067127498072,2.58645993593083,-2.0030584289922,0.75,9.27874886011919,1.50229382174415,-2.3196872150298,-0.817393393285645,0.42,"learner",15
"乌罗舍维奇尼古拉","Tone2","bó","乌罗舍维奇尼古拉_Tone2_bó",1.94141914923108,1.94141914923108,1.94141914923108,1.94141914923108,1.67247949457527,1.48368017062499,1.30480612426027,1.06742491529912,0.830786438947078,0.729972712853784,0.599381043991133,0.587629697200622,0.627846979556829,0.588469662954047,0.774391963776711,0.910998858385324,1.59602666274166,2.2857911671013,3.1733845207253,3.1733845207253,86.68,163.92,2.58575482352467,1.94141914923108,1.67247949457527,0.729972712853784,0.774391963776711,3.1733845207253,19,12,3.1733845207253,0.587629697200622,1.3847234736815,0.31705776651145,8.42267372497476,2.09628221269469,-2.52248515096287,0.71,10.5979709365887,1.79096445718364,-3.07341157161073,-1.28244711442709,0.5,"learner",14.2
"乌罗舍维奇尼古拉","Tone2","bú","乌罗舍维奇尼古拉_Tone2_bú",2.20964861660141,2.04674526567502,1.91167272716495,1.7850589538892,1.75036795595766,1.68855720190949,1.66223104903152,1.58715706016548,1.54860584779327,1.53000398054244,1.39096234016813,1.28331064601577,1.27177094483743,1.39323683321642,1.49715721246333,1.67394246625061,2.00618662588454,2.48749663514626,3.35553576118177,3.35553576118177,86.68,163.92,2.08376481634434,2.20964861660141,1.75036795595766,1.53000398054244,1.49715721246333,3.35553576118177,19,13,3.35553576118177,1.27177094483743,1.82017510786766,0.693931641449359,5.88058584802266,2.06133101183362,-1.20744809137415,0.72,8.09384308361211,0.869362625789387,-2.26627606341139,-1.396913437622,0.38,"learner",14.4
"乌罗舍维奇尼古拉","Tone2","gé","乌罗舍维奇尼古拉_Tone2_gé",1.5374500196663,1.9031529977,1.92797639962156,1.83609316014639,1.68417563839875,1.40686996479797,1.05556310010586,0.83160077818341,0.908580186754569,0.969624597275324,0.804682863796026,0.696078261235311,0.705186273915098,0.829157506913444,1.17649980029591,1.36437776249675,1.51285123044796,1.71625043659943,2.16236890815822,3.37970242179526,86.68,163.92,2.68362416055995,1.5374500196663,1.68417563839875,0.969624597275324,1.17649980029591,3.37970242179526,20,12,3.37970242179526,0.696078261235311,1.36256717460814,0.334585204109463,6.59432325200191,1.92227106550423,-2.13075897061778,0.66,6.71060367940441,1.40630092060773,-2.2816052509975,-0.875304330389767,0.44,"learner",13.2
"乌罗舍维奇尼古拉","Tone2","jú","乌罗舍维奇尼古拉_Tone2_jú",2.15342915864211,2.16580456341377,1.99706706641095,1.72933425222663,1.62699156216729,1.63287581029668,1.73078666386207,1.8353766680168,1.87753817020803,1.89462400849647,1.95272152589923,1.96964462717006,1.94919128154447,1.9208920080202,1.86612690938583,1.8317932257682,1.8753998223923,1.99987421365743,2.26682468042118,2.40197118034153,86.68,163.92,0.774979618174235,2.15342915864211,1.62699156216729,1.89462400849647,1.86612690938583,2.40197118034153,20,5,2.40197118034153,1.62699156216729,1.92021467400732,0.213812936838747,1.56165133371109,2.22401485528205,-2.67040909295773,0.21,0.634677152242603,0.560785909521123,-0.501394950271657,0.0593909592494661,0.47,"learner",4.2
"乌罗舍维奇尼古拉","Tone3","bǎ","乌罗舍维奇尼古拉_Tone3_bǎ",1.93929814015186,1.93929814015186,1.93929814015186,1.46567470182211,1.07690147482114,0.757969691289988,0.595186154254281,0.233681725162971,0.131967288478725,0.19315401837587,0.299313945295583,0.374765934402287,0.490428960162804,0.578384135109088,0.657042687061055,1.15308641631224,1.79658862361264,2.94098428578769,3.68048476229418,3.68048476229418,86.68,163.92,3.54851747381546,1.93929814015186,1.07690147482114,0.19315401837587,0.657042687061055,3.68048476229418,19,9,3.68048476229418,0.131967288478725,1.19160648822453,1.19914658269933,11.9236260682599,1.94389503647375,-3.56745339380419,0.61,10.2334390843169,2.17614657022056,-3.99104124288358,-1.81489467266302,0.53,"learner",12.2
"乌罗舍维奇尼古拉","Tone3","bǐ","乌罗舍维奇尼古拉_Tone3_bǐ",2.39863740228729,1.88679761676181,1.55454914452259,1.48068212663672,1.31017080636842,1.19595773251617,1.13743859448964,1.11076547858787,1.03892637882533,1.00554674961885,0.792416857999777,0.796507657260357,0.978420764750792,1.31093689023136,1.60636187783992,1.82103307045026,2.07181456391255,2.35114426980128,2.84076895567102,3.43482959896337,86.68,163.92,2.64241274096359,2.39863740228729,1.31017080636842,1.00554674961885,1.60636187783992,3.43482959896337,20,11,3.43482959896337,0.792416857999777,1.53966166171313,0.920918767422497,7.5836978284267,1.99249394778064,-2.41969574390683,0.57,5.91883117850371,1.3792265740269,-2.54509740675659,-1.1658708327297,0.5,"learner",11.4
"乌罗舍维奇尼古拉","Tone3","bǒ","乌罗舍维奇尼古拉_Tone3_bǒ",1.73949549306684,1.73949549306684,1.73949549306684,1.54637595053635,1.38185776982205,1.3132346931985,1.24941262335404,1.22001875540748,1.07769067178906,1.08005778659577,0.983214521798986,0.780131649556547,0.691934758291027,0.81284956246614,0.980019009164434,1.06426351731343,1.31246883363181,1.73078666386207,2.35248604633594,3.16734017008844,86.68,163.92,2.47540541179741,1.73949549306684,1.38185776982205,1.08005778659577,0.980019009164434,3.16734017008844,20,13,3.16734017008844,0.691934758291027,1.34635268260828,0.302858623342304,5.90278211840831,1.74380021514521,-1.40970479335338,0.77,10.1084208410601,1.0854726908821,-2.32493679344381,-1.23946410256171,0.5,"learner",15.4
"乌罗舍维奇尼古拉","Tone3","bǔ","乌罗舍维奇尼古拉_Tone3_bǔ",1.8088203650288,1.56271383482945,1.28792177926598,1.08636660417512,1.00156351008159,0.94879437767962,0.848682410315031,0.772751282180963,0.709322787660061,0.71097678282771,0.748922770989912,0.894860281912962,1.1982894455162,1.46041531531599,1.65123569898569,1.96189273569667,2.36388189344566,2.87222394425016,3.50580497828556,3.6162198856177,86.68,163.92,2.90689709795764,1.8088203650288,1.00156351008159,0.71097678282771,1.65123569898569,3.6162198856177,20,9,3.6162198856177,0.709322787660061,1.47999702336881,1.88050492230496,8.04680523510261,1.55873050629821,-1.96517457580616,0.54,6.71478627761642,1.06119427093533,-3.08880168770355,-2.02760741676822,0.44,"learner",10.8
"乌罗舍维奇尼古拉","Tone3","gě","乌罗舍维奇尼古拉_Tone3_gě",1.5374500196663,2.11964134473395,1.9442462698755,1.70751575797512,1.39854142134821,1.1091936448232,1.01827954631776,0.974423729038718,0.947992110128558,0.871400234413946,0.794053433614437,0.925495254214358,0.987207083596564,1.16558224704793,1.2223433310978,1.43406537915294,1.74747010509612,2.27292605176174,2.8546246864749,3.07182841567288,86.68,163.92,2.27777498205844,1.5374500196663,1.39854142134821,0.871400234413946,1.2223433310978,3.07182841567288,20,11,3.07182841567288,0.794053433614437,1.44494270601415,0.706525979946709,6.87092789087781,1.88174442036225,-2.08247484746348,0.61,5.99261027195387,1.27030965695272,-2.33711800606201,-1.06680834910929,0.46,"learner",12.2
"乌罗舍维奇尼古拉","Tone3","jǔ","乌罗舍维奇尼古拉_Tone3_jǔ",1.30020490451903,1.62183922316431,1.55677672083802,1.50837042710361,1.5767965040949,1.68490606889622,1.69950041947407,1.61668349907749,1.24400622972383,0.66120464952608,0.696078261235311,0.539602418659751,0.208156042708203,0.330623493820056,0.41351000366558,0.547205241838521,0.776852343180424,1.49042158471732,2.05092904756399,2.62411267380905,86.68,163.92,2.41595663110085,1.30020490451903,1.5767965040949,0.66120464952608,0.41351000366558,2.62411267380905,20,13,2.62411267380905,0.208156042708203,1.16555281502005,-0.278963850804432,4.76932370612395,1.84891884234349,-1.99772868256933,0.78,10.4598038855359,1.55822837240408,-2.3011568548179,-0.742928482413827,0.61,"learner",15.6
"兰若","Tone2","bá","兰若_Tone2_bá",2.47263314256415,2.41737747584729,2.40178570194868,2.36788225180689,2.34758193700343,2.33080226172254,2.31811100743199,2.30932435082263,2.29689525193609,2.31390723237291,2.31526806426847,2.33595858394341,2.36727688675602,2.40917734572996,2.50902052673042,2.57410317441663,2.66082721351104,2.71208224855127,2.71208224855127,2.71208224855127,77.46,592.45,0.415186996615183,2.47263314256415,2.34758193700343,2.31390723237291,2.50902052673042,2.71208224855127,18,9,2.71208224855127,2.29689525193609,2.43359392156208,0.330910324617177,1.21011412238065,2.43759781305938,-0.339764416549142,0.5,1.0015850657835,0.169882208274571,-0.500792532891748,-0.330910324617177,0.35,"learner",10
"兰若","Tone2","bí","兰若_Tone2_bí",2.43416749875708,2.36473272394094,2.32945000671353,2.28064287492176,2.2461589780178,2.21839930410841,2.20627635522154,2.16954452152686,2.16020927051911,2.17845220320199,2.2017471689379,2.23199850624286,2.27524334686583,2.33963505887544,2.4614711965887,2.61078445962183,2.76723437494563,2.90888429082596,3.00863331796467,3.05638929606263,77.46,592.45,0.896180025543514,2.43416749875708,2.2461589780178,2.17845220320199,2.4614711965887,3.05638929606263,20,9,3.05638929606263,2.16020927051911,2.40142625542275,0.652641758062168,2.40271897881123,2.37363884922335,-0.452618021496582,0.56,2.21215521252042,0.253466092038086,-0.973348293508984,-0.719882201470898,0.35,"learner",11.2
"兰若","Tone2","bó","兰若_Tone2_bó",2.35866457151335,2.31365972741429,2.29714445093089,2.28765708013859,2.29190595826778,2.28715672883954,2.28978243742419,2.29826553381412,2.30025730819897,2.31167878988873,2.35975794528562,2.40739108242813,2.46391720784189,2.59184926098135,2.68733257676291,2.78108698528122,2.86754618022928,3.09379282545978,3.11478581699798,3.11478581699798,77.46,592.45,0.827629088158438,2.35866457151335,2.29190595826778,2.31167878988873,2.68733257676291,3.11478581699798,19,6,3.11478581699798,2.28715672883954,2.51094808176502,0.853835880683209,1.7069029015582,2.31761690122439,-0.0593525904188572,0.51,1.82074132067363,0.0302698211136172,-0.89216324713008,-0.861893426016462,0.34,"learner",10.2
"兰若","Tone2","bú","兰若_Tone2_bú",2.32477284707005,2.27033582013852,2.2366000375942,2.21324790991587,2.17491919335126,2.16139457663578,2.16888826889016,2.17544292281186,2.20278314765894,2.25479373077523,2.29277981616905,2.40631870092405,2.48027767846603,2.62336372624118,2.73929268391097,2.84910293490085,2.98331923725856,3.10493964804004,3.08865187169339,3.08512817046295,77.46,592.45,0.943545071404266,2.32477284707005,2.17491919335126,2.25479373077523,2.73929268391097,3.08512817046295,18,6,3.10493964804004,2.16139457663578,2.47577966601997,0.990933489721144,1.82832973430395,2.29347214893324,-0.428719825836392,0.4,1.78636570876183,0.171487930334557,-1.0718194252571,-0.90033149492254,0.39,"learner",8
"兰若","Tone2","gé","兰若_Tone2_gé",2.28765708013859,2.26087063595581,2.2318705628592,2.19733938084513,2.17975943753312,2.17871370570113,2.18576377567441,2.18771854456973,2.20317152711842,2.22019974410438,2.26150278362619,2.3156390695002,2.38236645748421,2.44169749464284,2.53256780587046,2.60078459587996,2.65717102939066,2.7304300688805,2.93651000869529,2.93651000869529,77.46,592.45,0.75779630299416,2.28765708013859,2.17975943753312,2.22019974410438,2.53256780587046,2.93651000869529,19,6,2.93651000869529,2.17871370570113,2.38303514905561,0.688996055827396,1.524982195504,2.24824804399557,-0.148499285980379,0.49,1.47996387864585,0.0727646501303858,-0.754781578109383,-0.682016927978997,0.41,"learner",9.8
"兰若","Tone2","jú","兰若_Tone2_jú",2.2516227147685,2.23889757638844,2.23928029078376,2.21685501931052,2.1669184588903,2.13145577875103,2.13731323352112,2.13837672701295,2.12718702581833,2.11889515737094,2.12945572399133,2.15770507867361,2.1978583546586,2.26339825161067,2.3338728042202,2.41880079663104,2.48305162465857,2.60287584303156,2.83442826566298,2.83442826566298,77.46,592.45,0.715533108292045,2.2516227147685,2.1669184588903,2.11889515737094,2.3338728042202,2.83442826566298,19,10,2.83442826566298,2.11889515737094,2.2854220146979,0.514091332461657,1.79114917551928,2.23709986432912,-0.229314948509162,0.6,1.8408909846801,0.137588969105497,-0.736356393872039,-0.598767424766542,0.4,"learner",12
"兰若","Tone3","bǎ","兰若_Tone3_bǎ",2.40727195203306,2.39520993841609,2.36473272394094,2.29365336345994,2.2734827979094,2.75836886022778,2.25289161219682,2.25454020000856,2.25808725287009,1.84794931008368,2.04712339256015,1.1601127095112,1.25483414184994,1.7886031105093,2.05840817214468,2.3530686071962,1.9165379612843,0.882838514987547,0.879291553542581,0.885495380635048,77.46,592.45,1.8790773066852,2.40727195203306,2.2734827979094,1.84794931008368,2.05840817214468,0.885495380635048,6,19,2.75836886022778,0.879291553542581,1.92792462565756,-1.40832546289707,-1.28814845936849,2.47724820613213,-0.926183338076436,0.82,-5.75195866928842,0.759470337222677,1.03535256047192,1.79482289769459,0.28,"learner",16.4
"兰若","Tone3","bǐ","兰若_Tone3_bǐ",2.41951214802331,2.3794764374721,2.3413488668142,2.29003235866146,2.21260322575264,2.12411427332403,1.98482098734433,1.92901606352323,1.84570458426047,1.8060102323817,1.75294817757819,1.70664953554879,1.69632980518142,2.95497858168131,3.41092041580163,3.38128353627573,3.37373773758104,3.63748290887273,3.64879482951909,3.35541933166717,77.46,592.45,1.95246502433767,2.41951214802331,2.21260322575264,1.8060102323817,3.41092041580163,3.35541933166717,19,13,3.64879482951909,1.69632980518142,2.47020081629866,1.4640716153804,4.82885595436042,2.46691783976641,-1.40311759802615,0.51,4.49991901781087,0.715589974993338,-2.20496031872733,-1.48937034373399,0.21,"learner",10.2
"兰若","Tone3","bǒ","兰若_Tone3_bǒ",2.43711164996404,2.4949210519887,2.41619074518316,2.3780301520194,2.31983988579001,2.23876999167799,2.1638950137685,2.08367899979701,2.05346025830709,1.96307908520475,4.69112932241534,4.81991674223183,4.77564338151342,4.83202777918486,4.78349318987349,4.68726924079477,4.64545776124056,4.72689826472039,4.80873239043615,4.80873239043615,77.46,592.45,2.86894869398011,2.43711164996404,2.31983988579001,1.96307908520475,4.78349318987349,4.80873239043615,14,10,4.83202777918486,1.96307908520475,3.49770758112446,3.43773087399719,0.992516342133234,2.49436166808826,-0.877964453715249,0.27,4.46602741454182,0.237050402503118,-3.26020001261553,-3.02314961011241,0.27,"learner",5.4
"兰若","Tone3","bǔ","兰若_Tone3_bǔ",2.23672773500321,2.2065349139261,2.21929968898186,2.14580832331992,2.02704088512347,1.95965107048935,1.7953362667335,0.0564557861811285,0.0555254055209223,0.0455793674729122,0.0768355526696602,0.106788024841658,0.268149413801656,0.499563227287468,0.421170094282894,0.328563375092124,0.549793306875342,0.569752341098076,0.548016942154289,0.548016942154289,77.46,592.45,2.1911483675303,2.23672773500321,2.02704088512347,0.0455793674729122,0.421170094282894,0.548016942154289,1,10,2.23672773500321,0.0455793674729122,0.888042761082291,-2.08754566439071,5.15139461577483,2.74896819316943,-5.38049240983086,0.49,1.02245959519165,2.63644128081712,-0.52145439354774,2.11498688726938,0.34,"learner",9.8
"兰若","Tone3","gě","兰若_Tone3_gě",2.4548197252024,2.1551983325587,2.18980191905887,2.16704982868772,2.15994579150685,2.10384501168296,2.03051511523157,1.94200705134446,1.88903759153549,1.81739541203457,0.0440216565222497,0,0.000634465082801594,0.0468248257459035,3.50613939709651,4.88884075302755,4.98819078759801,3.21868420571152,3.28366967483977,3.32878878831759,77.46,592.45,4.98819078759801,2.4548197252024,2.15994579150685,1.81739541203457,3.50613939709651,3.32878878831759,17,12,4.98819078759801,0,2.13493441658089,1.42146863344591,8.64531540665608,2.71081307818153,-3.30828955484115,0.58,8.92828527869017,1.91880794180787,-3.74987981704987,-1.831071875242,0.3,"learner",11.6
"兰若","Tone3","jǔ","兰若_Tone3_jǔ",2.25808725287009,2.27763064781314,2.26377716984108,2.1925336705735,2.0007561374074,1.87280308298639,1.86196976721216,1.04360733788627,0.287135871159999,0.424909515369978,0.409380448764031,2.28039199696273,3.3302622190223,2.40071087119261,1.78553647611516,0.642637907010642,0.606465311940787,0.623510606529037,0.623510606529037,0.623510606529037,77.46,592.45,3.0431263478623,2.25808725287009,2.0007561374074,0.424909515369978,1.78553647611516,0.623510606529037,13,9,3.3302622190223,0.287135871159999,1.49067825541099,-1.41365546637251,-0.0252943456746011,1.97859153834119,-0.625188489339489,0.69,-3.90471400677105,0.431380057644248,1.21046134209903,1.64184139974327,0.36,"learner",13.8
"叶茜","Tone2","bá","叶茜_Tone2_bá",2.49618527838896,2.36555414550882,2.22241227780288,2.14382976436581,2.06886273303169,1.9975744426482,1.92173652712151,1.87144378794418,1.89924641624948,1.88365333934121,1.87078222008458,1.83648811197752,1.85402311374342,1.87474917239405,1.87276643245076,1.87689548161014,1.88035895857826,1.91653826248711,1.98286361203053,1.98286361203053,80.2,521.05,0.659697166411436,2.49618527838896,2.06886273303169,1.88365333934121,1.87276643245076,1.98286361203053,1,12,2.49618527838896,1.83648811197752,1.97756873219161,-0.401773631121402,1.52448236195778,2.45542362962936,-1.79092154500365,0.34,0.135352748074931,0.608913325301241,-0.0893328137294542,0.519580511571787,0.27,"learner",6.8
"叶茜","Tone2","bí","叶茜_Tone2_bí",2.51275711925797,2.40904508658302,2.33667136921556,2.32539307624981,2.2922588124027,2.22545586527447,2.19808430126878,2.1869391179505,2.15887105621877,2.16317424256526,2.15366830894771,2.16969000902043,2.19559533305964,2.24881915781809,2.40823357338641,2.37734884782675,2.34014273150624,2.40688050343331,2.40688050343331,2.40688050343331,80.2,521.05,0.359088810310262,2.51275711925797,2.2922588124027,2.16317424256526,2.40823357338641,2.40688050343331,1,11,2.51275711925797,2.15366830894771,2.28590668876348,0.031411352517661,1.16653773841979,2.45854352877576,-0.783977912630556,0.43,0.57641914527068,0.337110502431139,-0.328558912804288,0.00855158962685154,0.33,"learner",8.6
"叶茜","Tone2","bó","叶茜_Tone2_bó",2.51106550338678,2.37159514884727,2.28235131601265,2.2103488147734,2.15098866033736,2.02410145233117,1.88315944109661,1.81360369874456,1.77993232508924,1.87276643245076,2.08707809127375,2.2034934660103,2.22791718502088,2.24479563328557,2.28844170051558,2.34388674404719,2.37625385998117,2.37049780002367,2.37488449382814,2.35343100886771,80.2,521.05,0.731133178297536,2.51106550338678,2.15098866033736,1.87276643245076,2.28844170051558,2.35343100886771,1,9,2.51106550338678,1.77993232508924,2.17208535947194,0.15898261899196,1.87464784296415,2.49521856865658,-1.83950011967726,0.35,0.982586244850069,0.643825041887042,-0.638681059152545,0.00514398273449723,0.39,"learner",7
"叶茜","Tone2","bú","叶茜_Tone2_bú",2.7261834869505,2.62284935652426,3.03918024007924,3.11811816900568,2.59297289261192,2.18134904418248,2.07913371048117,2.1157555270115,2.13200549124299,2.17456642753612,2.23773985317358,2.28079107819938,2.35066806236299,2.42522380497823,2.48910772163205,2.53064855350906,4.10643820306293,4.36289517605488,4.38757914427942,4.21957136800549,80.2,521.05,2.30844543379824,2.7261834869505,2.59297289261192,2.17456642753612,2.48910772163205,4.21957136800549,19,7,4.38757914427942,2.07913371048117,2.74895110720442,1.38956635008457,6.80440445073395,2.85032382984424,-1.42494283866994,0.61,6.72399747185666,0.869215131588665,-2.6223590140241,-1.75314388243543,0.24,"learner",12.2
"叶茜","Tone2","jú","叶茜_Tone2_jú",2.47238808826293,2.38677453798064,2.30677051141785,2.27709961756322,2.24033393801744,2.2103488147734,2.20174034187548,2.19427670475367,2.19530236078091,2.21049448233126,2.24623330196663,2.28815873443861,2.35204989275131,2.40186817830714,2.42401379340378,2.4697455134463,2.49710136833769,2.49644705042594,2.52249558410002,2.55623938942721,80.2,521.05,0.361962684673541,2.47238808826293,2.24033393801744,2.21049448233126,2.42401379340378,2.55623938942721,20,8,2.55623938942721,2.19427670475367,2.33817371814841,0.236516917490708,1.06252469594133,2.42982186625504,-0.820572434412134,0.34,0.645249904381765,0.278994627700126,-0.425864936891965,-0.146870309191839,0.21,"learner",6.8
"叶茜","Tone3","bǎ","叶茜_Tone3_bǎ",2.32706694141296,2.22864067130493,2.12374239630159,2.01909875765471,1.95752369221079,1.9408181943235,1.89515178955654,1.85002524689387,1.82944176219919,1.8319604494361,1.90904799429653,1.95191330221556,1.99125712754241,2.09895054785856,2.14905168585795,2.19193086862467,2.2391813223385,2.24177400875366,2.24177400875366,2.24177400875366,80.2,521.05,0.497625179213768,2.32706694141296,1.95752369221079,1.8319604494361,2.14905168585795,2.24177400875366,1,9,2.32706694141296,1.82944176219919,2.04864498813669,0.146629739777159,1.63718257726658,2.28627013773027,-1.35999040574912,0.36,0.807315981667542,0.489596546069682,-0.516682228267227,-0.0270856821975452,0.39,"learner",7.2
"叶茜","Tone3","bǐ","叶茜_Tone3_bǐ",2.18399843178607,2.19002335909359,2.13110530351615,2.01565396358023,1.96934701660836,1.88628592252535,1.84535349592096,1.82675254294539,1.84852450328318,1.86813430937739,1.94950523838269,2.07790939879045,2.15931653495034,2.20436959691092,2.24522701511993,2.24695184632468,2.26228256206738,2.26271113006562,2.26271113006562,2.26271113006562,80.2,521.05,0.435958587120227,2.18399843178607,1.96934701660836,1.86813430937739,2.24522701511993,2.26271113006562,18,8,2.26271113006562,1.82675254294539,2.07413020679,0.2734439113589,1.23274068480561,2.2209042795228,-1.18949777428351,0.33,0.803182133036426,0.392534265513558,-0.538132029134405,-0.145597763620847,0.42,"learner",6.6
"叶茜","Tone3","bǒ","叶茜_Tone3_bǒ",4.65503584803054,4.73317458611256,4.90558719161746,4.9573560920047,4.92068469793032,4.94005367552956,5,0.0462393499132013,0,0.150907513686876,1.33297250203498,2.14964782757825,2.22270229269292,2.22371709698363,2.26156812927633,2.22009102474551,2.24234981979609,2.26471020564573,2.27795194587475,2.27795194587475,80.2,521.05,5,4.65503584803054,4.92068469793032,0.150907513686876,2.26156812927633,2.27795194587475,7,9,5,0,2.70711517111343,-3.09350246872479,9.35027044143918,5.9549104314814,-10.2380033571569,0.46,2.58996081598709,4.70948154429216,-1.39857884063303,3.31090270365913,0.31,"learner",9.2
"叶茜","Tone3","bǔ","叶茜_Tone3_bǔ",2.34180738480506,2.06963058865076,1.96759280251495,1.86978956105918,1.78523220349829,1.7437504136921,1.57568880946304,1.60672688150253,1.70953277471828,1.80089926307759,1.84935835379686,1.94645190533417,2.14860449226501,2.26699303351294,2.34457950434542,2.38800152805826,2.42307229429988,2.45715746754704,2.43622318738307,2.43622318738307,80.2,521.05,0.881468658084007,2.34180738480506,1.78523220349829,1.80089926307759,2.34457950434542,2.43622318738307,18,7,2.45715746754704,1.57568880946304,2.03907848559216,0.612968263225858,2.19875177286687,2.24339592128836,-2.12690580393479,0.31,1.48019004390697,0.659340799219786,-1.02133113029581,-0.361990331076026,0.34,"learner",6.2
"叶茜","Tone3","gě","叶茜_Tone3_gě",2.40945075077257,2.23369959744773,2.14696414177552,2.07499940816681,1.96408091540735,1.98983367087668,4.80644795462569,4.82260773544108,4.90866658821066,3.58900156231524,0.868869080169667,0.354241967498146,0.521352451979703,0.617191756660997,0.608185617064775,0.644552998778264,0.691771152218812,3.25063826486524,3.28525161280544,3.28525161280544,80.2,521.05,4.55442462071252,2.40945075077257,1.96408091540735,3.58900156231524,0.608185617064775,3.28525161280544,9,12,4.90866658821066,0.354241967498146,2.23943225036228,-0.872491007940604,1.62115884604939,3.25304215230138,-2.77287172378724,0.81,14.653399319208,2.24602609626766,-2.78414587064952,-0.538119774381853,0.38,"learner",16.2
"叶雷娜","Tone2","bó","叶雷娜_Tone2_bó",0.565728668254119,0.565728668254119,0.524181574004933,0.470066418566835,0.36351207854226,0.257567146072929,0.220864248658773,0.210348354767614,0.200785877624798,0.238651556612315,0.24909082946896,4.49313009041016,4.74859090444252,4.74002852832197,4.7615121644056,4.89729891609758,4.94507193717785,4.94852341328048,4.98671463697149,4.98671463697149,149.47,544.97,4.78592875934669,0.565728668254119,0.36351207854226,0.238651556612315,4.7615121644056,4.98671463697149,19,9,4.98671463697149,0.200785877624798,2.32777199147749,6.30450984571763,4.66642367033467,0.615378098250811,-1.20073613096626,0.33,9.02219551696505,0.396242923218867,-6.04487099636659,-5.64862807314772,0.26,"learner",6.6
"叶雷娜","Tone2","bú","叶雷娜_Tone2_bú",0.557902584725047,0.557902584725047,0.555215704024499,0.457452298172248,0.328518782415728,0.245209741925995,0.136923390176517,0.0613130421417152,0,0.0332144086716349,0.107108037963299,0.184056043370801,0.252968023757314,0.359037381828851,0.50471466989767,0.50471466989767,0.50471466989767,0.50471466989767,0.50471466989767,0.50471466989767,149.47,544.97,0.557902584725047,0.557902584725047,0.328518782415728,0.0332144086716349,0.50471466989767,0.50471466989767,1,9,0.557902584725047,0,0.32637900559657,0.0764994872833909,1.92392060871388,0.637673464740973,-1.48898676917135,0.41,1.00705322445674,0.610484575360255,-0.594161402429477,0.0163231729307782,0.31,"learner",8.2
"叶雷娜","Tone2","gé","叶雷娜_Tone2_gé",1.0650202108587,1.0650202108587,0.921845408720999,0.564611626041758,0.513328417748756,0.276631346109356,0.112135128132979,0.052394706074002,0.0742716030321174,0.181342929124367,0.275427534553204,0.409372247023268,0.576658631323369,0.767229995614863,1.06462757801277,1.11495075836047,1.11495075836047,1.11495075836047,1.11495075836047,1.11495075836047,149.47,544.97,1.06255605228647,1.0650202108587,0.513328417748756,0.181342929124367,1.06462757801277,1.11495075836047,16,8,1.11495075836047,0.052394706074002,0.641652599556754,0.4837810106383,3.77123043121003,1.16775929228993,-3.31941047628678,0.35,2.05113119978728,1.16179366670037,-1.33323527986173,-0.171441613161362,0.42,"learner",7
"叶雷娜","Tone2","jú","叶雷娜_Tone2_jú",1.12250106412754,1.12250106412754,1.12250106412754,0.94722622102628,0.702445264789472,0.506756503630996,0.332791685392219,0.212796465903478,0.238955422091379,0.264938523243793,0.290748117971317,0.316386508146616,0.427472427982916,0.594437309092392,0.80058623725513,0.996294464155423,1.18256877244531,1.36027699450137,1.36027699450137,1.36027699450137,149.47,544.97,1.14748052859789,1.12250106412754,0.702445264789472,0.264938523243793,0.80058623725513,1.36027699450137,18,8,1.36027699450137,0.212796465903478,0.723415631306527,0.346083377747813,4.52822519543261,1.25126629437916,-2.60885920845157,0.45,2.56535399626856,1.1739866438032,-1.41094469794771,-0.236958054144505,0.35,"learner",9
"叶雷娜","Tone3","gě","叶雷娜_Tone3_gě",0.68472444123779,0.68472444123779,0.571532089362591,0.498355391432976,0.319482666953899,0.257083285565025,0.223061633487158,0.207408573122111,0.209613618954718,0.236706251641605,0.229402625635945,0.259743769075032,0.360686557077099,0.65428032735507,0.993795803729334,1.30588094484808,1.56810219110934,1.83736084133453,2.08907717208873,2.22187109645476,149.47,544.97,2.01446252333265,0.68472444123779,0.319482666953899,0.236706251641605,0.993795803729334,2.22187109645476,20,8,2.22187109645476,0.207408573122111,0.723201518056906,1.53403891243544,5.40852115522311,0.63616085949677,-0.985689241295876,0.56,5.08935688382675,0.55198597512569,-2.23931702888377,-1.68733105375808,0.46,"learner",11.2
"叶雷娜","Tone3","jǔ","叶雷娜_Tone3_jǔ",0.611030873599316,0.611030873599316,0.611030873599316,0.611030873599316,0.454234847145137,0.359273021379728,0.307799563220214,0.267714249334957,0.248120922881162,0.265783520487023,0.282885129354004,0.330418433609384,0.406114505213954,0.587779884700678,1.00228466693334,1.37661063367951,1.37661063367951,1.37661063367951,1.37661063367951,1.37661063367951,149.47,544.97,1.12848971079834,0.611030873599316,0.454234847145137,0.265783520487023,1.00228466693334,1.37661063367951,16,9,1.37661063367951,0.248120922881162,0.663446803493768,0.969231439682894,3.25270122192043,0.659122757420723,-0.938196322823675,0.5,2.87665920218946,0.469098161411837,-1.43832960109473,-0.969231439682893,0.44,"learner",10
"吴梦娜","Tone2","bó","吴梦娜_Tone2_bó",2.25835459777985,2.25835459777985,2.20853862398981,2.120172937858,2.08237781477163,2.03014765121107,1.98675113393713,1.95517202555024,1.97359499590723,1.97856185995732,1.98330557204964,2.01759540880368,2.06331156314821,2.12574208416994,2.20632881221495,2.34438309973609,2.46451594801692,2.7190406293704,2.83356514881461,2.83356514881461,79.94,381.24,0.878393123264371,2.25835459777985,2.08237781477163,1.97856185995732,2.20632881221495,2.83356514881461,19,8,2.83356514881461,1.95517202555024,2.19948925696755,0.556566241772449,2.58548873282255,2.2405560130209,-0.625229845858814,0.56,2.22407186639842,0.350128713680936,-0.978591621215304,-0.628462907534368,0.29,"learner",11.2
"吴梦娜","Tone2","bú","吴梦娜_Tone2_bú",2.24825489701456,2.24825489701456,2.02228166342819,1.82315378028301,1.86501139072152,1.89527418164632,1.9553893839651,2.07798798042435,2.20009293986946,2.27610022447908,2.39460859150792,2.51947223162882,2.642629514134,2.76325005234044,2.83917695849529,2.93998103723935,3.02699480022414,3.06947693247688,3.06947693247688,3.06947693247688,79.94,381.24,1.24632315219388,2.24825489701456,1.86501139072152,2.27610022447908,2.83917695849529,3.06947693247688,18,4,3.06947693247688,1.82315378028301,2.43499526271998,1.29709321806326,1.40470838444828,2.31388818513924,-2.92427517742804,0.18,1.76566398155638,0.526369531937047,-1.44784446487623,-0.921474932939184,0.16,"learner",3.6
"吴梦娜","Tone2","jú","吴梦娜_Tone2_jú",1.70149525434179,1.55243004098657,1.44412496360379,1.36591329542109,1.37426411652807,1.71120601527738,2.01603179795834,2.29433459364166,2.2727558010072,2.25003951447745,1.94995099047135,2.04561056653652,2.2701959406857,2.48226382970251,2.70737671662855,2.88697164409244,2.88697164409244,2.88697164409244,2.88697164409244,2.88697164409244,79.94,381.24,1.52105834867135,1.70149525434179,1.37426411652807,2.25003951447745,2.70737671662855,2.88697164409244,16,4,2.88697164409244,1.36591329542109,2.19144748802721,1.63420633204999,0.250240813959931,1.69703793440159,-2.56876191950637,0.1,1.80316657616855,0.256876191950637,-1.6228499185517,-1.36597372660106,0.31,"learner",2
"吴梦娜","Tone3","bǒ","吴梦娜_Tone3_bǒ",1.82360678592197,1.82360678592197,1.95212745685249,2.18191965148367,2.3120768333066,2.25466167181267,2.19619774105193,2.13664601249473,2.0759652376488,2.01411177643657,1.95103940866009,1.88669912651347,1.82103890580948,1.754003453245,2.06499227803383,2.22835857300498,2.95846389002707,2.92428260674036,3.02403874142131,3.02403874142131,79.94,381.24,1.27003528817631,1.82360678592197,2.3120768333066,2.01411177643657,2.06499227803383,3.02403874142131,19,14,3.02403874142131,1.754003453245,2.20045984736037,0.856582301296768,2.27246876442531,2.07970002665755,-0.180311852706457,0.69,4.13251409432972,0.124415178367455,-1.28107936924222,-1.15666419087476,0.44,"learner",13.8
"吴梦娜","Tone3","bǔ","吴梦娜_Tone3_bǔ",4.64691126560766,4.81589658833792,4.98881442446188,5,4.96152807819413,4.92258809978999,4.88316853544722,4.84325742451551,3.75338173404364,2.0880130551235,2.3509206597075,1.43326923970754,0.141754970994362,0.297991162405919,1.34678104376974,2.79132738502156,2.81849671612854,2.92267638834123,2.92267638834123,2.92267638834123,79.94,381.24,4.85824502900564,4.64691126560766,4.96152807819413,2.0880130551235,1.34678104376974,2.92267638834123,4,13,5,0.141754970994362,3.18305190397609,-3.46646391695063,6.78922137192408,5.95890187046581,-7.03341009497586,0.68,7.07399568822135,4.78271886458359,-2.26367862023083,2.51904024435275,0.36,"learner",13.6
"吴梦娜","Tone3","gě","吴梦娜_Tone3_gě",1.62506027827279,1.77913432506339,1.54873022397909,1.60451105827732,0.68154024367735,0.709890967299077,1.3052419875155,1.17798168909319,1.04545125707512,0.907195267425699,0.762696585797862,0.611364688909705,0.452521085413434,0.285380926421738,0.109029544435805,0.445909840425621,0.639193557000797,0.817127507846162,0.817127507846162,0.817127507846162,79.94,381.24,1.67010478062759,1.62506027827279,0.68154024367735,0.907195267425699,0.109029544435805,0.817127507846162,2,15,1.77913432506339,0.109029544435805,0.885980880733154,-1.07772546947293,2.40881107926572,1.67441287516353,-1.87626705051953,0.74,2.53978410454063,1.38843761738445,-0.660343867180564,0.728093750203885,0.56,"learner",14.8
"周思雅","Tone2","bá","周思雅_Tone2_bá",2.71409103118588,2.36602277228334,2.33219850607833,2.28206773767118,2.2531471370187,2.20934909810441,2.15310880121391,0.338985324115198,0.343226609718134,0.349152635343799,2.15631226943531,2.13408422420791,2.09232547348734,2.09161179748441,2.22416737595596,2.38633402181937,2.52429463217351,2.78127103483438,3.09940112147047,3.44799400311674,79.29,558.49,3.10900867900154,2.71409103118588,2.2531471370187,0.349152635343799,2.22416737595596,3.44799400311674,20,8,3.44799400311674,0.338985324115198,2.05273040801907,0.763014291350357,6.9798634441204,2.90634694181781,-4.67535660857924,0.42,4.18952389061966,1.96364977560328,-2.4299238565594,-0.466274080956122,0.38,"learner",8.4
"周思雅","Tone2","bí","周思雅_Tone2_bí",2.98112933538911,2.16728507065585,2.03211090020053,1.94668878699092,1.87810135948797,1.83995844666611,1.43542630136876,0.0882641473380259,1.66850556045043,2.63853733554077,2.97142738518897,2.80125931887983,2.28974268058277,2.11392685504109,2.13871348247613,2.2685143857194,2.45550010730229,2.68084945779878,2.68084945779878,2.68084945779878,79.29,558.49,2.89286518805108,2.98112933538911,1.87810135948797,2.63853733554077,2.13871348247613,2.68084945779878,1,8,2.98112933538911,0.0882641473380259,2.16385040864174,0.654889841613392,2.73960046109121,2.62340923391792,-3.69731712761302,0.3,1.94333310535436,1.10919513828391,-1.36033317374805,-0.251138035464149,0.45,"learner",6
"周思雅","Tone2","bó","周思雅_Tone2_bó",3.22596358860388,2.04057130335063,1.99754277918877,1.87079819355196,0.19253486552919,0.19013663334054,0.186535069414068,0.194032621136076,0.171473801798307,0.200313648117123,0.295606081986496,0.369646607858417,0.394135651165337,0.493015108056748,1.8601949151833,2.58093279411003,3.03571976166692,3.46792323293202,3.50263628476577,3.50263628476577,79.29,558.49,3.33116248296746,3.22596358860388,0.19253486552919,0.200313648117123,1.8601949151833,3.50263628476577,19,9,3.50263628476577,0.171473801798307,1.36752911814193,1.60643087323494,13.804071122991,2.80669023493305,-8.52914127023661,0.4,7.28539527459816,3.41165650809464,-4.3712371647589,-0.959580656664252,0.27,"learner",8
"周思雅","Tone2","bú","周思雅_Tone2_bú",2.19458172464531,2.05291989947021,2.01569405788545,1.98358383297966,1.9551345027197,1.96175094030821,1.93897284735326,1.90188602242661,0.655869017214566,0.22765041396003,0.424421320258258,0.389423024646617,2.65703478953076,2.63068444144373,2.71162683108381,2.92101649978045,3.27049503877396,3.38570876170118,3.38570876170118,3.38570876170118,79.29,558.49,3.15805834774115,2.19458172464531,1.9551345027197,0.22765041396003,2.71162683108381,3.38570876170118,18,10,3.38570876170118,0.22765041396003,2.03875915877689,1.54225190717067,7.26572339006376,2.46349097555757,-3.28701142048739,0.49,6.10322282773662,1.61063559603882,-3.11264364214568,-1.50200804610686,0.29,"learner",9.8
"周思雅","Tone2","gé","周思雅_Tone2_gé",2.85140708533736,2.53932126217392,2.38875041386615,2.33024841706423,2.23107136794342,2.12803957899498,2.12014603577866,2.0114260624186,1.99027580012521,1.95769288011364,1.93062560277342,1.9551345027197,2.00980530534241,2.08331859067222,2.24092128187089,2.35019905233872,2.5730193023084,2.94925843072444,2.94925843072444,2.94925843072444,79.29,558.49,1.01863282795102,2.85140708533736,2.23107136794342,1.95769288011364,2.24092128187089,2.94925843072444,18,11,2.94925843072444,1.93062560277342,2.29204048991904,0.318852885318722,3.98069780311723,2.62996363971275,-1.54015960741187,0.55,2.7941144136797,0.847087784076527,-1.25735148615586,-0.410263702079336,0.43,"learner",11
"周思雅","Tone2","jú","周思雅_Tone2_jú",2.88231047880376,2.88231047880376,2.62918040755564,2.47695960549854,2.42848298192122,2.41970663453537,2.38417005277999,2.38544319714975,2.37472906418253,2.33687267093068,2.28656963093479,2.30686205191062,2.33661321876369,2.3856977501007,2.47867844196726,2.59457621929275,2.71521033889515,2.89099733475955,3.15541954615206,3.15541954615206,79.29,558.49,0.868849915217266,2.88231047880376,2.42848298192122,2.33687267093068,2.47867844196726,3.15541954615206,19,11,3.15541954615206,2.28656963093479,2.54839817217935,0.267526452246148,3.06800338276581,2.7608687193245,-0.962376214509788,0.6,2.4626039923273,0.577425728705873,-0.985041596930921,-0.407615868225049,0.38,"learner",12
"周思雅","Tone3","bǎ","周思雅_Tone3_bǎ",3.09506310012578,3.09882314295276,3.10709506474575,3.03907484770961,2.98233949926248,2.98445591117921,2.9743620585477,2.89162415985311,2.63773006015498,2.3315486413626,2.17337618361059,2.99801981820233,3.00961762737293,2.03313346744441,2.1015852108383,2.00272088421086,2.38786042936773,2.5842326947243,2.92792600772333,2.92792600772333,79.29,558.49,1.10437418053489,3.09506310012578,2.98233949926248,2.3315486413626,2.1015852108383,2.92792600772333,3,16,3.10709506474575,2.00272088421086,2.69834328477795,-0.659816515652612,1.83339999285222,3.23918389798048,-1.32219666308748,0.79,3.87953689907816,1.04453536383911,-0.814702748806413,0.229832615032694,0.59,"learner",15.8
"周思雅","Tone3","bǐ","周思雅_Tone3_bǐ",3.09226358823226,3.14380231473057,3.19070207219984,3.15984477393861,3.11859281766274,3.08684895955439,2.87327845312607,2.61630217922779,2.08832632417047,1.74351175784685,1.69564154836481,0,0.154803469184098,0.0909155283289927,0.0253931466139602,0.131894916936451,1.68729687495663,2.6480899709638,3.34516585727155,3.34516585727155,79.29,558.49,3.34516585727155,3.09226358823226,3.11859281766274,1.74351175784685,0.0253931466139602,3.34516585727155,19,12,3.34516585727155,0,1.98389580532729,-1.67939490429439,8.89156853300332,3.8933353359348,-5.13143338986735,0.75,15.1612127352687,3.84857504240051,-3.79030318381717,0.0582718585833426,0.68,"learner",15
"周思雅","Tone3","bǒ","周思雅_Tone3_bǒ",5,2.86495343164637,2.84705282769476,2.83341122306128,2.78747975045828,2.78987207717494,2.75319918014384,2.65806487673159,2.46168506102331,0.506834213284497,0.491149136955594,0.407487117042556,0.320999839607261,0.231489798164049,0.21045038592857,0.261124413741763,0.372720573607764,2.55330675857002,2.98082670505966,2.96666403811834,79.29,558.49,4.78954961407143,5,2.78747975045828,0.506834213284497,0.21045038592857,2.96666403811834,1,15,5,0.21045038592857,1.82078133308437,-2.27969972571918,10.7339250540644,4.0245754282055,-5.63909258402605,0.76,15.4363437440312,4.2857103638598,-3.70472249856748,0.580987865292318,0.61,"learner",15.2
"周思雅","Tone3","bǔ","周思雅_Tone3_bǔ",3.32619439180004,3.32839736769002,3.29702529276802,3.24241218494127,3.14446487390843,2.9945101411273,2.82270293458308,2.60125378028448,2.47474797664452,2.13043102777154,1.90664725460153,1.89495876931948,1.9284964989182,1.89803986170396,1.91583747540633,2.01539994158607,2.23485389659131,2.73649575527835,3.23666718412442,3.23666718412442,79.29,558.49,1.43343859837054,3.32619439180004,3.14446487390843,2.13043102777154,1.91583747540633,3.23666718412442,2,12,3.32839736769002,1.89495876931948,2.57344194578739,-0.838485406235882,5.11497980132231,3.54452795976717,-2.64653525486148,0.71,5.70778067993578,1.87904003095165,-1.65525639718138,0.223783633770273,0.49,"learner",14.2
"周思雅","Tone3","gě","周思雅_Tone3_gě",3.21760753505555,2.82066328888269,2.89204195804184,2.90392064757672,2.84673393265705,2.68787171969292,2.41731928495408,2.30594314856004,2.08346180472859,1.96909918608886,2.11066989973406,1.9397303405686,1.89619165107149,1.99220578446661,2.00965791292169,1.96685196125806,2.20634782695473,2.44109323385873,2.67994195549411,3.07073086712075,79.29,558.49,1.32141588398406,3.21760753505555,2.84673393265705,1.96909918608886,2.00965791292169,3.07073086712075,1,13,3.21760753505555,1.89619165107149,2.38670366057576,-0.601605692931706,4.12686115057982,3.09725114657632,-1.93379420295299,0.71,4.22174609140606,1.37299388409662,-1.22430636650776,0.148687517588866,0.74,"learner",14.2
"周思雅","Tone3","jǔ","周思雅_Tone3_jǔ",3.90108237569811,3.74011881706964,3.64818634839523,3.3764760007961,3.33876991228187,3.25404503001533,3.27508576910756,3.2387660591391,3.07627683491086,2.72146943872226,2.40989172104403,2.11279447069975,1.96850011889156,1.95257356732412,1.90127102469502,1.94789702419257,2.01319299215146,2.27729238673833,2.54638332219521,2.97274334424467,79.29,558.49,1.9998113510031,3.90108237569811,3.33876991228187,2.72146943872226,1.90127102469502,2.97274334424467,1,15,3.90108237569811,1.90127102469502,2.75508339462309,-1.75005058983732,3.25554739535077,3.98788479707078,-2.8842490712008,0.77,4.74398850257124,2.22087178482461,-1.09111735559138,1.12975442923323,0.6,"learner",15.4
"唐速明","Tone2","bó","唐速明_Tone2_bó",1.8901846421874,1.8901846421874,1.78095225837344,1.61292626548993,1.41670177716628,1.33199335573478,1.36119089981595,1.42712888436445,1.48809526852652,1.63249111870676,1.83210236029353,2.08909277339635,2.40589972389098,2.76649644709877,3.26698314978214,3.89943900580159,4.27223835768622,4.3970216450505,4.38514421152338,4.23272096337115,75.77,176.54,3.06502828931571,1.8901846421874,1.41670177716628,1.63249111870676,3.26698314978214,4.23272096337115,18,6,4.3970216450505,1.33199335573478,2.41525700143588,3.17418878894477,6.1209320138608,1.89919457681483,-1.6866871146491,0.4,5.89773915444974,0.674674845859641,-3.53864349266984,-2.8639686468102,0.46,"learner",8
"唐速明","Tone2","bú","唐速明_Tone2_bú",1.71711526421684,1.83381883367627,1.9105487709925,2.02297690238745,2.1615174287913,2.30481447105627,2.47508018685856,2.652544711639,2.80642430509829,2.96396476691876,3.11695495469075,3.25844769851496,3.39838909180846,3.55009012718706,3.72921340963463,3.92479625281605,4.14476405388241,4.36765584917149,4.59680410414007,4.71147203457803,75.77,176.54,2.99435677036119,1.71711526421684,2.1615174287913,2.96396476691876,3.72921340963463,4.71147203457803,20,1,4.71147203457803,1.71711526421684,3.07482174067038,3.04689109627875,0.860462906513183,1.63660400545782,2.76277731061721,0.67,3.831508636606,-1.85106079811353,-1.26439785007998,-3.11545864819351,0.26,"learner",13.4
"唐速明","Tone3","bǎ","唐速明_Tone3_bǎ",2.01854277318957,2.01854277318957,1.37913472456256,0.500155979932671,0.0210267926948087,0.366759385845019,0.38286833432715,0,0.18886893050693,0.363825763844483,0.58131855761163,0.75961665715101,0.931361214180444,1.14729135414987,1.24162856603902,1.45098062436385,1.71244557051315,2.10659949074692,2.75769557965211,3.21014812405316,75.77,176.54,3.21014812405316,2.01854277318957,0.0210267926948087,0.363825763844483,1.24162856603902,3.21014812405316,20,8,3.21014812405316,0,1.07735975352939,1.3916950500007,9.07221191800641,1.97597578024232,-6.44782315752182,0.35,4.62247382820304,2.25673810513263,-3.00460798833197,-0.747869883199338,0.7,"learner",7
"唐速明","Tone3","bǐ","唐速明_Tone3_bǐ",2.10332092815053,2.13819886518065,1.75028048217134,1.29200167197171,0.848816473931494,0.563614895951963,0.465646040751739,0.480768935325793,0.481488109024562,0.545858054093306,0.674620917303743,0.848140632370162,0.916681506826503,1.18635613429346,1.49415746597072,1.8901846421874,2.35321584820822,2.72088360236067,3.21377298892821,3.29072763243536,75.77,176.54,2.82508159168362,2.10332092815053,0.848816473931494,0.545858054093306,1.49415746597072,3.29072763243536,20,7,3.29072763243536,0.465646040751739,1.3794328496001,1.39262150722231,9.51944936198285,2.1107077300174,-4.68840282424077,0.44,5.702370546495,2.06289724266594,-3.1933275060372,-1.13043026337126,0.68,"learner",8.8
"唐速明","Tone3","bǒ","唐速明_Tone3_bǒ",2.46891782173466,2.46891782173466,1.60222717078677,1.05599363074406,0.753438727785594,0.545146669748051,0.462761097693132,0.495135811299941,0.619378472486491,0.73348803115392,0.868382342172165,1.05729854205395,1.22326178658915,1.45586141581444,1.64549847148613,1.8435361128133,2.20465754516428,2.62608719543487,3.06840898069732,3.15138817043556,75.77,176.54,2.68862707274242,2.46891782173466,0.753438727785594,0.73348803115392,1.64549847148613,3.15138817043556,20,7,3.15138817043556,0.462761097693132,1.43900544370531,1.248343452269,8.94715857921672,2.48837593206284,-7.30914468832723,0.33,4.34705107275445,2.41201774714798,-2.91252421874548,-0.500506471597496,0.66,"learner",6.6
"唐速明","Tone3","bǔ","唐速明_Tone3_bǔ",2.86197020909707,2.72531316286,2.36525452141108,1.9370301254699,1.43876098547026,0.91334011947296,0.562905645461014,0.533752861696268,0.623592264901891,0.699624471860576,0.800638669177022,1.00092559917754,1.2353016380993,1.42590312008639,1.708940877796,2.01521499216168,2.34535130998254,2.75329022741014,2.95071932684795,3.20924156041213,75.77,176.54,2.67548869871586,2.86197020909707,1.43876098547026,0.699624471860576,1.708940877796,3.20924156041213,20,8,3.20924156041213,0.533752861696268,1.616998150425,0.654884467921152,10.0725194780054,2.99326807367026,-7.17843500114768,0.39,4.78783681482855,2.7995896504476,-2.92058045704542,-0.120990806597821,0.63,"learner",7.8
"唐速明","Tone3","gě","唐速明_Tone3_gě",2.10222766973984,2.20895429128097,2.20734337746537,1.8252314782223,1.23973119859864,0.78084690583056,0.535178289291732,0.567159872495844,0.612348803195973,0.642517247173546,0.875786969947562,1.09371959463979,1.36181055998841,1.69841431508393,2.02519272031604,2.26825157142369,2.49352883083624,2.84608427658151,3.46301262913507,3.40672499076549,75.77,176.54,2.92783433984334,2.10222766973984,1.23973119859864,0.642517247173546,2.02519272031604,3.40672499076549,19,7,3.46301262913507,0.535178289291732,1.63309786454781,1.43827920086127,9.07501731602062,2.43590283743102,-5.45325610464156,0.4,5.29960869629552,2.18130244185663,-3.17976521777731,-0.998462775920688,0.61,"learner",8
"唐速明","Tone3","jǔ","唐速明_Tone3_jǔ",1.67847951746357,1.95050690123548,2.09511655735431,1.96227392843072,1.69431558405266,1.37419014191561,1.04815810783417,0.910665649023648,0.889226212316406,0.912003035502148,1.07163358662483,1.29450909436764,1.46743716967962,1.70484944168386,2.01299543024327,2.2245038669472,2.39030000985058,2.63458647541779,2.87877240397568,2.2421485990498,75.77,176.54,1.98954619165927,1.67847951746357,1.69431558405266,0.912003035502148,2.01299543024327,2.2421485990498,19,9,2.87877240397568,0.889226212316406,1.67695508235309,0.86405869672036,5.11614937567072,2.10989721820277,-2.84628525017927,0.44,3.49365699939227,1.25236551007888,-1.95644791965967,-0.704082409580796,0.7,"learner",8.8
"孙婕娜","Tone2","bá","孙婕娜_Tone2_bá",2.56044876655062,2.4214551905207,2.3486384151725,2.29875522945038,2.27770425904018,2.26252490130324,2.25269966518143,2.25330208314589,2.25831780121034,2.26132344036041,2.27989528311288,2.2999426382181,2.34727411184843,2.42488142499102,2.5339038614165,2.61162762314785,2.70043371079087,2.8299981503462,2.95449132731722,3.07429532080332,78.02,375.69,0.821595655621892,2.56044876655062,2.27770425904018,2.26132344036041,2.5339038614165,3.07429532080332,20,7,3.07429532080332,2.25269966518143,2.44378053620169,0.560015165764762,2.14492413539681,2.42651904761216,-0.42060796324562,0.55,1.86570768507379,0.231334379785091,-0.839568458283206,-0.608234078498115,0.22,"learner",11
"孙婕娜","Tone2","bí","孙婕娜_Tone2_bí",2.37599551679961,2.2661265638425,2.10176953182578,2.08339584286868,2.0649154115721,2.04354005865453,2.01423713842756,2.00491579704609,1.98662749013067,1.95723387877873,1.94420529404283,1.96493755884979,1.98094544895611,2.00556701026993,2.08360763873758,2.19146490090281,2.32673903420816,2.43248209296828,2.46552313008777,2.46552313008777,78.02,375.69,0.521317836044938,2.37599551679961,2.0649154115721,1.95723387877873,2.08360763873758,2.46552313008777,19,11,2.46552313008777,1.94420529404283,2.1208920803053,0.21012753957784,1.94889191882202,2.25445245379618,-0.672339509649109,0.56,1.45528208318651,0.376510125403501,-0.640324116602066,-0.263813991198565,0.23,"learner",11.2
"孙婕娜","Tone2","bó","孙婕娜_Tone2_bó",2.16494471119406,2.27032335597552,2.31317201450407,2.2303296180541,2.19453434379492,2.17319170019791,2.13736871638479,2.14090682116124,2.1254768593514,2.13153265751745,2.12317681333344,2.10766040027186,2.14444099509471,2.15377725239694,2.21410895417802,2.25330208314589,2.25330208314589,2.25330208314589,2.25330208314589,2.25330208314589,78.02,375.69,0.205511614232212,2.16494471119406,2.19453434379492,2.13153265751745,2.21410895417802,2.25330208314589,3,12,2.31317201450407,2.10766040027186,2.18991666543924,0.0267921046258992,0.530797226023865,2.25546012722229,-0.283502594103802,0.51,0.355339432692642,0.144586322992939,-0.174116322019394,-0.0295299990264555,0.25,"learner",10.2
"孙婕娜","Tone2","bú","孙婕娜_Tone2_bú",2.13945043104046,2.09713332715354,1.91128666217103,1.71842164090136,1.95370597318189,1.98356919071057,1.96295839370585,1.95238199922335,1.92645375215213,1.91597833904691,1.90860259390452,1.89672079378761,1.91173378678374,1.95348534911884,2.01467002514685,2.19923507806234,2.36845216641166,2.36845216641166,2.36845216641166,2.36845216641166,78.02,375.69,0.6500305255103,2.13945043104046,1.95370597318189,1.91597833904691,2.01467002514685,2.36845216641166,17,4,2.36845216641166,1.71842164090136,2.03324852661392,0.384084761482181,1.45136517591794,2.01137901858782,-0.222319333662915,0.6,1.46636878723947,0.133391600197749,-0.586547514895787,-0.453155914698038,0.3,"learner",12
"孙婕娜","Tone2","gé","孙婕娜_Tone2_gé",2.19187433111791,2.19187433111791,2.07767201756652,2.02849138805204,2.01726610911994,2.00491579704609,1.97766272562278,1.98050794819186,1.97810061784617,1.96339831460985,1.97656773127381,1.98575399028258,1.97591055369647,2.00578405172274,2.01726610911994,2.03021484362816,2.13320119574181,2.25611185952574,2.37116209433052,2.37116209433052,78.02,375.69,0.40776377972067,2.19187433111791,2.01726610911994,1.96339831460985,2.01726610911994,2.37116209433052,19,10,2.37116209433052,1.96339831460985,2.06459142442687,0.156510933392287,1.38549680781373,2.12671758209855,-0.315917929458693,0.66,1.37833431557125,0.208505833442738,-0.468633667294224,-0.260127833851487,0.24,"learner",13.2
"孙婕娜","Tone2","jú","孙婕娜_Tone2_jú",2.30350220746509,2.1982137700458,2.14672572298959,2.12505879284379,2.13048937652296,2.10618870556516,2.11982832033814,2.10997168863074,2.12902820806244,2.12881941491138,2.131115386178,2.14672572298959,2.15294847155416,2.20290907429573,2.21492195477073,2.28049257331369,2.352727817902,2.52783153877957,2.59724338859189,2.59724338859189,78.02,375.69,0.491054683026734,2.30350220746509,2.13048937652296,2.12881941491138,2.21492195477073,2.59724338859189,19,6,2.59724338859189,2.10618870556516,2.22323594823465,0.350304894788798,1.35241939000086,2.18770801767177,-0.12356520030684,0.65,1.50015559443024,0.0803173801994457,-0.525054458050584,-0.444737077851139,0.26,"learner",13
"孙婕娜","Tone3","bǎ","孙婕娜_Tone3_bǎ",2.41935956244253,2.36612753220422,2.27331767835638,2.20209299731542,2.06981149211781,1.95238199922335,1.86829403904878,1.88411803157283,1.86171525449663,1.86353145097862,1.973499740355,1.94442656264458,2.0174823538467,2.10450593461972,2.36321934850162,2.61593024064573,2.75028496491946,2.87919433166769,3.01653723983509,2.97600138146861,78.02,375.69,1.15482198533846,2.41935956244253,2.06981149211781,1.86353145097862,2.36321934850162,2.97600138146861,19,9,3.01653723983509,1.86171525449663,2.23816624613741,0.717586492017717,3.6394911170213,2.39201267234754,-1.33298157218969,0.49,2.6542341082136,0.653160970372948,-1.35365939518894,-0.700498424815989,0.32,"learner",9.8
"孙婕娜","Tone3","bǒ","孙婕娜_Tone3_bǒ",2.20331703429011,2.20331703429011,1.98138288955798,1.96988009112873,1.95833554737911,1.94818577596175,2.06619337665864,2.41630890955775,2.58225067759297,2.46608656649694,2.48176011405163,2.49735681442383,2.51287741749966,2.2262821996675,2.42164563372439,2.58785863546187,2.58785863546187,2.58785863546187,2.58785863546187,2.58785863546187,78.02,375.69,0.639672859500123,2.20331703429011,1.95833554737911,2.46608656649694,2.42164563372439,2.58785863546187,16,6,2.58785863546187,1.94818577596175,2.34523125922907,0.621781483638079,-0.171865972448668,2.23429606144164,-1.81435775150937,0.11,0.736051315442328,0.199579352666031,-0.655085670743672,-0.455506318077641,0.34,"learner",2.2
"孙婕娜","Tone3","bǔ","孙婕娜_Tone3_bǔ",4.98020983254432,4.98531779497322,5,4.98063580949259,4.92858736611873,4.98131725398346,4.91287492665349,4.84443952236725,4.99024770770355,4.81469174773089,4.70131323240548,3.01084574933193,2.54802769837044,2.37232278567828,2.1254768593514,2.1556412201879,2.15936588235365,2.29201819480559,2.34571419123273,2.34571419123273,78.02,375.69,2.8745231406486,4.98020983254432,4.92858736611873,4.81469174773089,2.1254768593514,2.34571419123273,3,15,5,2.1254768593514,3.79048133193687,-3.76781991762014,-1.90872863165203,4.99197634781493,-0.13325238472738,0.32,-4.99777641438097,0.0426407631127619,3.39848796177906,3.44112872489182,0.24,"learner",6.4
"孙婕娜","Tone3","gě","孙婕娜_Tone3_gě",2.65067493702766,2.42526189001381,2.14797124690989,2.10345375055568,1.70288344085282,1.24450536009141,0.708774561175687,0.0641764861105894,0,0.043732276034862,0.107435392117658,0.47026367692789,2.33496897955117,2.34454374856847,2.35408978473296,2.36360725997723,2.19064588234736,2.27670783990852,2.39755955179203,2.39755955179203,78.02,375.69,2.65067493702766,2.65067493702766,1.70288344085282,0.043732276034862,2.35408978473296,2.39755955179203,1,9,2.65067493702766,0,1.54270171342006,0.561678247099792,8.40625368409352,2.88364377405855,-6.83490863825186,0.4,4.70598830862484,2.73396345530074,-2.8235929851749,-0.0896295298741583,0.37,"learner",8
"孙婕娜","Tone3","jǔ","孙婕娜_Tone3_jǔ",2.10618870556516,2.10618870556516,2.07852064183507,2.06406314953035,2.02784485140435,2.00339578088265,1.96823343348599,1.96911175696829,1.95105747399181,1.92355974693671,1.98094544895611,2.01163858031018,2.16535756882628,2.40407695773325,2.59237399186487,2.78104988606434,2.8224519245911,2.95545758097274,3.01211140530996,3.01211140530996,78.02,375.69,1.08855165837324,2.10618870556516,2.02784485140435,1.92355974693671,2.59237399186487,3.01211140530996,19,10,3.01211140530996,1.92355974693671,2.27481656470102,1.04976639119661,2.50462390187866,2.11644920142527,-0.404981052614255,0.5,2.50451383500748,0.202490526307128,-1.25225691750374,-1.04976639119661,0.32,"learner",10
"安佳","Tone2","bá","安佳_Tone2_bá",2.40548041465958,2.26812563275384,2.11314931299001,2.00481954422278,2.03257969865228,2.09381865007693,2.16444347922185,2.15572638239225,2.12181664437253,2.09643812860705,2.07225296958588,2.08086260087484,2.14354885351554,2.24893313119547,2.38015704441478,2.55687609183327,2.77155918277004,2.91834740168461,3.00128243972484,3.02320838675646,86.72,452.54,1.01838884253368,2.40548041465958,2.03257969865228,2.09643812860705,2.38015704441478,3.02320838675646,20,4,3.02320838675646,2.00481954422278,2.31010406375466,0.785341176054721,2.57266487670654,2.21683762278326,-0.280927443579728,0.6,2.68837168563681,0.168556466147837,-1.07534867425472,-0.906792208106885,0.33,"learner",12
"安佳","Tone2","bí","安佳_Tone2_bí",2.61831503372512,2.45875400080236,2.36757505196297,2.29456339390809,2.23912452986259,2.19703741096859,2.14698410373616,2.1242390554222,2.12752351487585,2.11575211985631,2.13408175910556,2.15110126329447,2.17891640664824,2.29374581093489,2.51764370788241,2.72993693603838,3.01947929846246,3.18436136527861,3.36767813019582,3.36767813019582,86.72,452.54,1.2519260103395,2.61831503372512,2.23912452986259,2.11575211985631,2.51764370788241,3.36767813019582,19,10,3.36767813019582,2.11575211985631,2.44827705214548,0.8719926460394,3.81301488740921,2.46220604036179,-0.743863053592616,0.59,3.59037395937645,0.438879201619644,-1.47205332334434,-1.0331741217247,0.4,"learner",11.8
"安佳","Tone2","bó","安佳_Tone2_bó",2.80792888060931,2.69547740160121,2.69605018164586,2.70134326409879,2.66250365377761,2.61184421447954,2.56884598129154,2.51247550962323,2.48680817058285,2.49018178298451,2.50912667200712,2.55462645720017,2.62051783621731,2.68658542003081,2.86709417086456,3.05033061740503,3.19129861676684,3.27947461722669,3.28549050083945,3.3836914591897,86.72,452.54,0.89688328860685,2.80792888060931,2.66250365377761,2.49018178298451,2.86709417086456,3.3836914591897,20,9,3.3836914591897,2.48680817058285,2.76178792323576,0.632009020840876,2.42784057924352,2.76772091944799,-0.587062786104751,0.54,2.16446540728642,0.317013904496565,-0.995654087351755,-0.67864018285519,0.3,"learner",10.8
"安佳","Tone2","bú","安佳_Tone2_bú",2.57317340084749,2.51931388412458,2.51247550962323,2.48696159821638,2.45270840775996,2.40941811963768,2.35478026128624,2.29881126845316,2.29243721857596,2.28572178716051,2.29652469232859,2.35814413356563,2.46262303832456,2.64187510632138,2.91182136177027,3.10585799466982,3.20076600113106,3.26894758080556,3.29419822006017,3.28643308472308,86.72,452.54,1.00847643289965,2.57317340084749,2.45270840775996,2.28572178716051,2.91182136177027,3.28643308472308,19,10,3.29419822006017,2.28572178716051,2.62717121283311,0.887063243715835,2.67653995252152,2.57594405052315,-0.670202253911765,0.5,2.44432874134343,0.335101126955883,-1.22216437067172,-0.887063243715835,0.37,"learner",10
"安佳","Tone2","gé","安佳_Tone2_gé",2.54064127232274,2.50440155663666,2.48051093088413,2.45084579292541,2.4210437876966,2.37331510641559,2.34321851520096,2.32125840728643,2.32951213315465,2.34659525636558,2.35221479892477,2.34514854291747,2.36022465844409,2.44042507159646,2.61802120554324,2.93440269687532,3.18935292298807,3.32145326086584,3.32947761186859,3.36515402822397,86.72,452.54,1.04389562093754,2.54064127232274,2.4210437876966,2.34659525636558,2.61802120554324,3.36515402822397,20,8,3.36515402822397,2.32125840728643,2.59300497919758,0.866912453673225,2.89057244715425,2.5018208737412,-0.344224285670475,0.61,3.16241944327223,0.20997681425899,-1.23334358287617,-1.02336676861718,0.37,"learner",12.2
"安佳","Tone2","jú","安佳_Tone2_jú",2.6455171066128,2.62828825532618,2.56361497929812,2.50043286004854,2.44960341250794,2.425431068883,2.39806362993958,2.36709622228603,2.35590196755511,2.35606217737314,2.33645370845681,2.35654275594497,2.43902253544982,2.49339854488457,2.70334364032821,2.95458283021159,3.15411481130832,3.2661025494328,3.27912036902328,3.46517757025419,86.72,452.54,1.12872386179738,2.6455171066128,2.44960341250794,2.35606217737314,2.70334364032821,3.46517757025419,20,11,3.46517757025419,2.33645370845681,2.63031317234011,0.78197357521241,3.03016302544037,2.6169283649486,-0.602854209617706,0.57,2.85382231727465,0.343626899482092,-1.2271435964281,-0.883516696946007,0.42,"learner",11.4
"安佳","Tone3","bǎ","安佳_Tone3_bǎ",2.51217122292478,2.44556215010566,2.36390208682997,2.29030954840694,2.2180702953655,2.1693890844109,2.06185366303901,1.95986673682488,1.88648637481216,1.79975222240625,1.74319906236257,1.67174155424314,1.60184643836905,1.62335238332744,1.75318712845565,1.92626244418855,2.19636193898166,2.47003775292813,2.73022009705444,2.78854908379952,86.72,452.54,1.18670264543047,2.51217122292478,2.2180702953655,1.79975222240625,1.75318712845565,2.78854908379952,20,13,2.78854908379952,1.60184643836905,2.07609078657754,-0.0293574502123071,3.93474156252689,2.52578863058563,-1.49419807738989,0.67,4.01599236338898,1.00111271185123,-1.32527747991837,-0.324164768067138,0.39,"learner",13.4
"安佳","Tone3","bǐ","安佳_Tone3_bǐ",2.52083142670824,2.2858857555921,2.1767073785797,2.01864190229634,1.88742171197211,1.80686768872911,1.77811097732989,1.72726759529563,1.73770136838364,1.70370892992719,1.57064842956568,1.49281520766368,1.6566398061629,1.91608943185066,2.20950652484557,2.42041651370598,2.82169600178118,2.97632647626334,3.05923295341719,3.07910489529186,86.72,452.54,1.58628968762818,2.52083142670824,1.88742171197211,1.70370892992719,2.20950652484557,3.07910489529186,20,12,3.07910489529186,1.49281520766368,2.09764560050023,0.791711023175053,5.08844110253668,2.34664728788418,-1.59929364578896,0.56,4.16540110028118,0.895604441641816,-1.83277648412372,-0.937172042481905,0.44,"learner",11.2
"安佳","Tone3","bǒ","安佳_Tone3_bǒ",2.43496710925384,2.32482159923416,2.25341123195703,2.22761297753705,2.18027500750468,2.12769628245828,2.08787275772013,2.06167709526528,2.02025338949309,1.97752867953633,1.96023194328848,1.9543833445711,1.94779013203531,1.96588701495207,2.00427973091631,2.07489117335937,2.30582354071882,2.62154526225227,2.82787083223789,2.82155864012367,86.72,452.54,0.880080700202575,2.43496710925384,2.18027500750468,1.97752867953633,2.00427973091631,2.82155864012367,19,13,2.82787083223789,1.94779013203531,2.1836804485151,0.264680154248077,2.88858201244447,2.33865893150529,-0.669632299552472,0.71,3.64747291012905,0.475438932682255,-1.05776714393743,-0.582328211255171,0.39,"learner",14.2
"安佳","Tone3","bǔ","安佳_Tone3_bǔ",2.27849836680016,2.27751201771536,2.23462522281227,2.10497932510054,1.98333276087318,1.87260947799672,1.8187535248699,1.75181816765823,1.52798277437922,1.35817534606911,1.32772417640773,1.31961201958836,1.42972722534072,1.56690791542991,1.73573548332236,1.90699730787201,2.07945861877733,2.35910455355366,4.58975671049329,4.97070188628577,86.72,452.54,3.65108986669741,2.27849836680016,1.98333276087318,1.35817534606911,1.73573548332236,4.97070188628577,20,12,4.97070188628577,1.31961201958836,2.04680500774659,1.22707077256553,8.88010254056,2.16327666108163,-0.963337803524443,0.82,20.9605288897301,0.789936998890043,-3.77289520015142,-2.98295820126138,0.43,"learner",16.4
"安佳","Tone3","gě","安佳_Tone3_gě",2.12112417063072,2.13097699391878,2.16717308838771,2.15504162543563,2.11609899169541,2.06767462777937,2.02311613853655,1.97225909837058,1.95383445849779,1.96843745857741,0,0.112687406054984,0.0470918582960181,2.28391754782218,2.41193556460506,2.6993415647441,1.13037131002473,1.03521267142054,1.03521267142054,1.03521267142054,86.72,452.54,2.6993415647441,2.12112417063072,2.11609899169541,1.96843745857741,2.41193556460506,1.03521267142054,16,11,2.6993415647441,0,1.61252356181053,-1.07626457912322,1.23261748413975,2.45976180550922,-2.24151330857127,0.58,0.77315524528397,1.30007771897134,-0.324725203019267,0.975352515952067,0.45,"learner",11.6
"安佳","Tone3","jǔ","安佳_Tone3_jǔ",2.20782450870795,2.16410210490035,2.17041130477424,2.11557866902624,2.00283975784119,1.9472400487189,1.88480203908258,1.81243300418514,1.67856293303518,0.246845560687218,1.10310622471766,0.655689824158009,0.130454614985608,0.218083614385335,2.80999794563458,2.94879316508192,3.05211318086101,3.11771428626051,3.11771428626051,3.11771428626051,86.72,452.54,2.9872596712749,2.20782450870795,2.00283975784119,0.246845560687218,2.80999794563458,3.11771428626051,18,13,3.11771428626051,0.130454614985608,1.85521382694574,0.796640502902536,7.96714547770355,2.49540547820706,-2.87414739022738,0.62,8.19347116677025,1.78197138194098,-3.11351904337269,-1.33154766143172,0.52,"learner",12.4
"潘乐家","Tone2","bá","潘乐家_Tone2_bá",2.28207869883679,2.1705205644383,2.14349294264387,2.1245207687453,2.1242562702103,2.12280103779508,2.13757928313093,2.14336167683214,2.14519878374768,2.14454282601742,2.15109482453414,2.17571043676145,2.23869683810969,2.33559296510468,2.49612166313138,2.65531813793815,2.89549430797495,3.14139875087766,3.17148872819549,3.17148872819549,83.86,595.5,1.0486876904004,2.28207869883679,2.1242562702103,2.14454282601742,2.49612166313138,3.17148872819549,19,6,3.17148872819549,2.12280103779508,2.37624656847234,1.00098453122822,2.54121312351243,2.1772999274084,-0.074594862144657,0.6,2.92063251052268,0.0447569172867941,-1.16825300420907,-1.12349608692228,0.35,"learner",12
"潘乐家","Tone2","bí","潘乐家_Tone2_bí",2.27061545698182,2.20445201730455,2.13836856367979,2.11126212770516,2.08735568781361,2.04814262916034,2.03447988493874,2.03228703831931,2.01729789166712,2.03530171663526,2.06064804344728,2.09365452228437,2.16362767785415,2.30657621643927,2.47130951566655,2.7816583416929,3.10222124646484,3.17797190747352,3.18897305905596,3.19132428824691,83.86,595.5,1.17402639657979,2.27061545698182,2.08735568781361,2.03530171663526,2.47130951566655,3.19132428824691,20,9,3.19132428824691,2.01729789166712,2.34873828516465,1.09954955875232,3.09374413836885,2.20049754490986,-0.405553751868003,0.55,3.10358360131813,0.223054563527402,-1.39661262059316,-1.17355805706576,0.34,"learner",11
"潘乐家","Tone2","bú","潘乐家_Tone2_bú",2.02294635093735,2.07282255986767,2.0672835965183,2.03626018573103,1.99165422542824,1.95658587140527,1.92817985790598,1.89800910847039,1.86601415356051,1.86205970565288,1.85089563789237,1.85074841607362,1.87200735706403,1.9070978639969,1.9651871227534,2.02088129216577,2.07875346309905,2.16336720385647,2.35149122531572,2.55365382561573,83.86,595.5,0.702905409542105,2.02294635093735,1.99165422542824,1.86205970565288,1.9651871227534,2.55365382561573,20,12,2.55365382561573,1.85074841607362,2.00052521077378,0.24112630069989,1.74075040465991,2.06529092844828,-0.380864035051546,0.67,1.9588343176068,0.255178903484536,-0.646415324810243,-0.391236421325707,0.29,"learner",13.4
"潘乐家","Tone2","gé","潘乐家_Tone2_gé",1.97698419785624,1.97698419785624,1.94171216585391,1.87842346102351,1.85427939655796,1.8448525645724,1.82916232755492,1.81501783788053,1.82931080053847,1.8343537465948,1.85398533480757,1.89077268844407,1.93132004944086,2.00069356947437,2.14099773632925,2.28481229300144,2.18580041575539,2.93650948686357,2.93650948686357,2.93650948686357,83.86,595.5,1.12149164898304,1.97698419785624,1.85427939655796,1.8343537465948,2.14099773632925,2.93650948686357,18,8,2.93650948686357,1.81501783788053,2.06912573410126,0.897831229154007,2.82991640401243,1.92406898425807,-0.137118120748813,0.65,3.40914655880999,0.0891267784867282,-1.1932012955835,-1.10407451709677,0.4,"learner",13
"潘乐家","Tone3","bǎ","潘乐家_Tone3_bǎ",1.94497764219878,1.87273727311424,1.78135278856825,1.74815724075191,1.75305711810463,1.73155031598243,1.69112153610079,1.66671131052589,1.65989784229297,1.63742745121634,0,0.745774392401072,1.72243213816161,1.69049452242506,1.72645433587288,1.81919489843277,1.93559590809759,2.07861882288049,2.39360676021316,2.47995222521648,83.86,595.5,2.47995222521648,1.94497764219878,1.75305711810463,1.63742745121634,1.72645433587288,2.47995222521648,20,11,2.47995222521648,0,1.66901002390701,0.321300865033935,3.98381005317734,2.10005451854482,-1.93626896901893,0.54,3.1592200838445,1.04558524327022,-1.45324123856847,-0.407655995298252,0.44,"learner",10.8
"潘乐家","Tone3","bǒ","潘乐家_Tone3_bǒ",2.09445751036594,1.9694066301177,1.85618997203034,1.77923389669534,1.67697631248036,1.62651950237674,1.60683166721281,1.60164238881023,1.5913950407761,1.58845964954614,1.57241854047679,1.56023866446601,1.56435999614313,1.57537243961415,1.58192443813087,1.62024235939602,1.70705852793171,1.8233651297343,1.98425990022453,5,83.86,595.5,3.43976133553399,2.09445751036594,1.67697631248036,1.58845964954614,1.58192443813087,5,20,12,5,1.56023866446601,1.82055729843399,0.749794208711844,5.52447760774128,1.87122640548395,-0.46927763467115,0.9,31.0747992466398,0.422349871204035,-3.10747992466398,-2.68513005345994,0.45,"learner",18
"潘乐家","Tone3","bǔ","潘乐家_Tone3_bǔ",2.02940606321024,2.02940606321024,2.02940606321024,1.91227693505551,1.80094460782094,1.74125082401086,1.67965420419094,1.64254450715114,1.5889491160689,1.57241854047679,1.57750368574904,1.56962560228651,1.55379606053035,1.56633587252109,1.67918183931042,1.84780219383437,1.92188785318589,1.68814184743578,1.71638692411491,1.71638692411491,83.86,595.5,0.475610002679887,2.02940606321024,1.80094460782094,1.57241854047679,1.67918183931042,1.71638692411491,1,13,2.02940606321024,1.55379606053035,1.73092410489515,-0.251367909648253,1.39549468864104,2.08064589655008,-1.19794131107358,0.45,0.459543546928769,0.539073589983111,-0.252748950810823,0.286324639172288,0.59,"learner",9
"潘乐家","Tone3","gě","潘乐家_Tone3_gě",2.20931755171306,1.94511952464187,1.8556022550646,1.80918836637646,1.78483000851589,1.75901614517668,1.76099939782963,1.71001621284893,1.65608704733108,1.61975886178866,1.61249537813314,1.62137016419224,1.65688143259398,1.70954943791487,1.83257502154361,2.04568873003143,2.34057941830425,2.63937357006193,2.84425266479176,3.16243732468617,83.86,595.5,1.54994194655304,2.20931755171306,1.78483000851589,1.61975886178866,1.83257502154361,3.16243732468617,20,11,3.16243732468617,1.61249537813314,1.94205556735315,0.783620436275451,4.18395484891971,1.99593798924835,-0.723219487573372,0.66,4.68069869912494,0.477324861798426,-1.59143755770248,-1.11411269590405,0.56,"learner",13.2
"灵灵","Tone2","bú","灵灵_Tone2_bú",4.27659169357395,4.08869078096908,4.17860501745824,2.01482050653532,2.07958529657766,2.12057226028975,2.11718912096479,2.04107006760235,1.96377571461075,1.95521692642358,1.97520615053724,1.96377571461075,1.98259044141243,2.00830449175609,2.1421721205788,2.34333176128765,2.57985542249099,2.72093313214785,2.81381539198085,2.81381539198085,110.62,513.01,2.32137476715036,4.27659169357395,2.07958529657766,1.95521692642358,2.1421721205788,2.81381539198085,1,10,4.27659169357395,1.95521692642358,2.44442593479211,-0.884632102459804,7.36097263529668,4.62298621246656,-12.3177533107848,0.23,1.11218813948877,2.83308326148051,-0.856384867406351,1.97669839407416,0.33,"learner",4.6
"灵灵","Tone2","gé","灵灵_Tone2_gé",1.89351434878837,1.89351434878837,1.91683083200784,1.8447025569183,1.80583088993225,1.76494756897099,1.77333634922861,1.75773995969925,1.72961561379487,1.68319175599584,1.70718436218258,1.72770888115864,1.82540881324941,1.898618819669,2.05176215392755,2.27354487069053,2.4502228662448,2.6886861410799,2.77682873467196,2.78824438479311,110.62,513.01,1.10505262879727,1.89351434878837,1.80583088993225,1.68319175599584,2.05176215392755,2.78824438479311,20,10,2.78824438479311,1.68319175599584,1.98753312187548,0.863222684621402,2.85439934141056,1.90484876334868,-0.393403456377932,0.59,2.97726604896474,0.23210803926298,-1.22067908007555,-0.988571040812566,0.43,"learner",11.8
"灵灵","Tone3","bǔ","灵灵_Tone3_bǔ",1.82692288497499,1.82692288497499,1.69442196778459,1.50082662569043,1.45005678579621,1.32496020724276,1.26396407095902,1.28667385011834,1.26616227643449,1.27175102726874,1.28568111827884,1.36377152297575,1.43529627584787,2.32562776113539,4.04938352346332,4.25933438370134,2.3546521106618,2.50204005102151,2.62387745387187,2.62387745387187,110.62,513.01,2.99537031274232,1.82692288497499,1.45005678579621,1.27175102726874,4.04938352346332,2.62387745387187,16,7,4.25933438370134,1.26396407095902,1.94854500705596,1.6543963749561,3.22223334124253,1.84796239294176,-1.7812338865863,0.38,3.35937929837837,0.676868876902796,-2.08281516499459,-1.40594628809179,0.43,"learner",7.6
"灵灵","Tone3","gě","灵灵_Tone3_gě",1.5581319173397,1.5581319173397,1.54128456744245,1.63912729446519,1.63270694567186,1.59084434720388,1.57434743649086,1.60689831631707,1.63912729446519,1.64553501995401,1.67051133838791,1.72215567115784,1.83146088431209,1.91159095454977,0,0.167107940128721,2.6286153869401,2.82980416974407,2.86583096599171,2.86583096599171,110.62,513.01,2.86583096599171,1.5581319173397,1.63270694567186,1.64553501995401,0,2.86583096599171,19,15,2.86583096599171,0,1.69547182139738,0.751238510246579,3.24675936389284,1.7391127649945,-0.577193364015503,0.79,9.85510701841582,0.455982757572247,-2.06957247386732,-1.61358971629507,0.43,"learner",15.8
"王金羽","Tone2","bá","王金羽_Tone2_bá",0.300412016129923,0.300412016129923,0.38270408387596,0.431465575815866,0.401079883759865,0.326886461239943,0.239435150163793,0.14770430348092,0.0530730357343094,0.00478909029745167,0,0,0,0,0,0,0,0,0,0,163.92,425.95,0.431465575815866,0.300412016129923,0.401079883759865,0.00478909029745167,0,0,4,11,0.431465575815866,0,0.124843117704132,-0.458526842328463,0.519265796508261,0.435807708019501,-0.762879078043698,0.57,-0.00318372774198542,0.434841074484908,0.00136900292905373,0.436210077413961,0.25,"learner",11.4
"王金羽","Tone2","bó","王金羽_Tone2_bó",0.177431011604804,0.177431011604804,0.172488265771057,0.14956717543742,0.0842833695081481,0.0149911994638316,0.00223545393290369,0.0369220860472579,0.0977816364318585,0.138068892268483,0.118120161644876,0.0858547245384509,0.110619749154678,0.256191057935145,0.256191057935145,0.256191057935145,0.256191057935145,0.256191057935145,0.256191057935145,0.256191057935145,163.92,425.95,0.253955604002241,0.177431011604804,0.0842833695081481,0.138068892268483,0.256191057935145,0.256191057935145,14,7,0.256191057935145,0.00223545393290369,0.153080196194625,0.166132077128739,0.555910848653938,0.207967759582792,-0.592977502657906,0.3,0.390861652590816,0.177893250797372,-0.273603156813571,-0.0957099060161992,0.31,"learner",6
"王金羽","Tone2","bú","王金羽_Tone2_bú",0.275924608891724,0.275924608891724,0.275924608891724,0.275924608891724,0.270467375217084,0.269557283023736,0.249799674387969,0.269557283023736,0.276227621829518,0.261663183906675,0.263485955746551,0.218337984072143,0.259231833940914,0.259231833940914,0.259231833940914,0.259231833940914,0.259231833940914,0.259231833940914,0.259231833940914,0.259231833940914,163.92,425.95,0.057889637757375,0.275924608891724,0.270467375217084,0.261663183906675,0.259231833940914,0.259231833940914,9,12,0.276227621829518,0.218337984072143,0.262398085732884,-0.0206043694658688,0.0495201957705202,0.280353593645981,-0.0488042962196216,0.58,0.0241530306215143,0.0283064918073805,-0.010144272861036,0.0181622189463445,0.3,"learner",11.6
"瑞阳","Tone2","bá","瑞阳_Tone2_bá",4.10741435186149,4.10741435186149,4.04631604313377,0.877985504227081,0.860279444274273,0.879642425080515,0.861387803992944,0.860833653045331,0.8363935943258,0.795034527950985,0.918706095494584,1.25174792984572,1.43791399607922,1.42447469240705,1.48739506713773,1.55006552585212,1.64987607678729,1.75534331720722,2.54052310161377,2.77094236242485,81.5,208.93,3.3123798239105,4.10741435186149,0.860279444274273,0.795034527950985,1.48739506713773,2.77094236242485,1,10,4.10741435186149,0.795034527950985,1.65391249398163,-0.787228104501143,11.066207914332,4.75448097270722,-18.6370582357436,0.23,2.33028473140364,4.28652339422103,-1.7943192431808,2.49220415104022,0.47,"learner",4.6
"瑞阳","Tone2","bí","瑞阳_Tone2_bí",1.34109212883172,1.34109212883172,1.18595533155712,1.08916432029577,0.913221522771986,0.732953428761548,0.621664726923536,0.459206617303263,0.471147404150635,0.499103032649877,0.569818730595479,0.572159781764005,0.605989576088959,0.713616986846215,0.815195386310086,1.12197611303839,1.38796760814131,1.74174573460259,1.7949989170328,1.7949989170328,81.5,208.93,1.33579229972954,1.34109212883172,0.913221522771986,0.499103032649877,0.815195386310086,1.7949989170328,19,8,1.7949989170328,0.459206617303263,0.945355012278217,0.476425067399333,4.9360184434033,1.38424726404682,-2.199646306674,0.5,3.15249644147266,1.099823153337,-1.57624822073633,-0.476425067399332,0.41,"learner",10
"瑞阳","Tone2","bó","瑞阳_Tone2_bó",1.77963835491882,0.966727675917067,0.654029413157828,0.425628886802458,0.334628492488371,0.248264642425723,0.171842320305613,0.168686678983739,0.147178451450616,0.218327918250799,0.345631221195531,0.40332656601747,0.435244204662979,0.464583293739414,0.561616915979014,0.709627200934693,0.943862438715841,1.42198219634901,1.65083133933529,1.72575928205988,81.5,208.93,1.63245990346821,1.77963835491882,0.334628492488371,0.218327918250799,0.561616915979014,1.72575928205988,1,9,1.77963835491882,0.147178451450616,0.637832355634224,0.572646659435699,5.81839117173234,1.36035059617376,-4.47497542042572,0.34,2.52435456916463,1.52149164294474,-1.66607401564866,-0.144582372703911,0.45,"learner",6.8
"瑞阳","Tone2","bú","瑞阳_Tone2_bú",3.77834928747609,1.31571820443679,0.8363935943258,0.561616915979014,0.483061405899598,0.543410556322415,0.539879524777887,0.459804294651849,0.459804294651849,0.5286824126919,0.691922033474056,0.816872008542961,0.943862438715841,0.990576621908538,1.04598960917544,1.30094559309819,1.72717178854024,1.93128077897607,2.01889395301254,2.01889395301254,81.5,208.93,3.31854499282424,3.77834928747609,0.483061405899598,0.5286824126919,1.04598960917544,2.01889395301254,1,8,3.77834928747609,0.459804294651849,1.08312712877521,0.434705831165456,7.58434415674317,3.44970581410489,-28.0242197879959,0.12,1.99860135665526,3.36290637455951,-1.75876919385663,1.60413718070289,0.44,"learner",2.4
"瑞阳","Tone2","gé","瑞阳_Tone2_gé",2.48856691745997,2.05840616081683,1.69506236791592,1.4641963677055,1.28203792788582,1.19480960335955,1.13567579856717,1.06308824688898,1.02937264529253,1.05881874525022,1.08491573712544,1.06308824688898,1.06095392507902,1.12724940552141,1.15615929790875,1.24968810443592,1.3451407310307,1.51392440049673,1.40500213190177,3.34070200785136,81.5,208.93,2.31132936255883,2.48856691745997,1.28203792788582,1.05881874525022,1.15615929790875,3.34070200785136,20,9,3.34070200785136,1.02937264529253,1.38893202317288,0.00245417238726547,5.9178443437726,1.73750627400269,-0.971029243521219,0.88,17.717379289364,0.854505734298673,-2.12608551472367,-1.271579780425,0.42,"learner",17.6
"瑞阳","Tone2","jú","瑞阳_Tone2_jú",3.66157094392221,3.66157094392221,3.87379313730801,4.0307784608605,3.74432526746798,2.51785478383042,0.920350363528747,0.892328341523251,0.859725177667707,0.795034527950985,0.73976128239938,0.668989097359007,0.728410006968145,0.853624424396441,0.918706095494584,1.05721679688863,1.10347824953836,1.10929880875388,1.25329227482949,1.25329227482949,81.5,208.93,3.36178936350149,3.66157094392221,3.74432526746798,0.795034527950985,0.918706095494584,1.25329227482949,4,12,4.0307784608605,0.668989097359007,1.66100942691393,-3.02978622667731,8.11231251061699,4.48443134997443,-8.55990094457282,0.45,1.12353342419951,3.85195542505777,-0.617943383309731,3.23401204174804,0.41,"learner",9
"瑞阳","Tone3","bǎ","瑞阳_Tone3_bǎ",4.00723330004965,3.61723218556924,0.76972535856163,0.551640512206691,0.445441442624435,0.419008243724242,0.456217221292221,0.399096653026591,0.419008243724242,0.438245425148896,0.305175959977141,0.343188139389526,0.28421448975301,0.289154048121226,0.379716892405012,0.593765727764374,0.937857622075537,1.41349894976758,1.48443916700433,1.40750260732698,81.5,208.93,3.72301881029664,4.00723330004965,0.445441442624435,0.438245425148896,0.379716892405012,1.40750260732698,1,13,4.00723330004965,0.28421448975301,0.862306830184198,-1.0257339430432,9.77678583922295,4.40559196630001,-30.3998932005308,0.14,1.07225126630222,4.25598504807431,-0.922136089019912,3.3338489590544,0.54,"learner",2.8
"瑞阳","Tone3","bǐ","瑞阳_Tone3_bǐ",3.5715222778775,1.00785429416254,0.837506949272252,0.563375514224518,0.289771170035893,0.0518808496598349,0.00260611376799024,0,0.15477954005042,0.278033574645345,0.372431212589589,0.503846817493626,0.55575071287262,0.702780587350306,0.860833653045331,1.34109212883172,1.6560822144566,1.87068414937561,1.87068414937561,1.87068414937561,81.5,208.93,3.5715222778775,3.5715222778775,0.289771170035893,0.278033574645345,0.860833653045331,1.87068414937561,1,8,3.5715222778775,0,0.84302463910406,0.567452976122723,8.55973147537581,2.89672428769975,-17.9723429300916,0.18,2.62536536587292,3.23502172741649,-2.1527996000158,1.08222212740069,0.48,"learner",3.6
"瑞阳","Tone3","bǒ","瑞阳_Tone3_bǒ",1.11352793986424,0.969986117585283,0.880746751886157,0.751654069242371,0.664390603779453,0.610057948369541,0.578007899237255,0.541056796145357,0.545175192172061,0.585600837989465,0.583849584551847,0.592600083130572,0.618185355850793,0.688488399207759,0.850293784810328,1.0881024930726,1.5665888104374,1.74080668584615,1.90494014647958,1.89537071702763,81.5,208.93,1.36388335033422,1.11352793986424,0.664390603779453,0.585600837989465,0.850293784810328,1.89537071702763,19,8,1.90494014647958,0.541056796145357,0.90081127399177,0.890953784717045,4.2932670000476,0.942579753956329,-0.827194533372388,0.61,4.14741636670369,0.504588665357157,-1.61749238301444,-1.11290371765728,0.44,"learner",12.2
"瑞阳","Tone3","gě","瑞阳_Tone3_gě",1.89673883443165,1.68795319839969,1.31826105877397,1.11616943778143,0.972157301980404,0.912123928274875,0.849183107317238,0.761262096953693,0.673009515855194,0.759002947726689,0.851404230089851,0.848627681460252,0.871352646977156,0.923637373279417,1.04759494687925,1.38395153252266,1.54568309720344,1.56804428240429,2.7701687465539,2.7701687465539,81.5,208.93,2.09715923069871,1.89673883443165,0.972157301980404,0.759002947726689,1.04759494687925,2.7701687465539,19,9,2.7701687465539,0.673009515855194,1.21931652965691,0.739473181004581,6.4989354742004,1.50682837435411,-1.48683589684681,0.65,6.14163524457364,0.966443332950426,-2.14957233560078,-1.18312900265035,0.51,"learner",13
"瑞阳","Tone3","jǔ","瑞阳_Tone3_jǔ",1.15511078151948,1.18543403207664,1.12724940552141,1.0315196932258,0.961292493542832,0.908280560322164,0.804564470430114,0.792228346371149,0.790543925483009,0.765213297334465,0.782676223638389,0.862495932466108,0.911575045956134,0.955307361804771,0.98083317486836,1.22231973247984,1.46370167578947,1.61825563848186,1.40750260732698,1.40750260732698,81.5,208.93,0.853042341147398,1.15511078151948,0.961292493542832,0.765213297334465,0.98083317486836,1.40750260732698,18,10,1.61825563848186,0.765213297334465,1.03568410294253,0.385194222590806,2.39357219855723,1.18921904528139,-1.0017274580733,0.49,1.69506469877357,0.490846454455915,-0.864482996374521,-0.373636541918606,0.4,"learner",9.8
"索菲亚","Tone2","bá","索菲亚_Tone2_bá",3.32528076055759,3.23583455009195,3.2008040791994,3.15960433162829,3.11112746176015,3.07125794316746,3.03701878874348,3.01487982125364,3.00762796151123,3.00809623479347,3.02678073505477,3.05116768397197,3.06941492234545,3.10679386857565,3.15194296271113,3.25345099534584,3.38583317300342,3.50210128177282,3.63054268842177,3.69691853882531,75.63,276.22,0.689290577314078,3.32528076055759,3.11112746176015,3.00809623479347,3.15194296271113,3.69691853882531,20,9,3.69691853882531,3.00762796151123,3.18413042233167,0.349053112749073,2.07406091577819,3.2456074991533,-0.489867141995995,0.6,1.8463220096182,0.293920285197597,-0.73852880384728,-0.444608518649683,0.31,"learner",12
"索菲亚","Tone2","bí","索菲亚_Tone2_bí",3.50436658678453,3.17196561712586,3.10633741771947,3.02141819828593,2.98555478990446,2.94150254720616,2.92742329924008,2.91760908396936,2.93935818185693,2.9706901039326,2.99848525948886,3.03213583216471,3.09582412290264,3.23958477774702,3.39240876335492,3.5727262716228,3.59873033838936,3.59873033838936,3.59873033838936,3.59873033838936,75.63,276.22,0.681121254420004,3.50436658678453,2.98555478990446,2.9706901039326,3.39240876335492,3.59873033838936,17,8,3.59873033838936,2.91760908396936,3.19136111821316,0.540546272404281,2.19501210282285,3.34308334719972,-1.58189812861495,0.34,1.36120825142923,0.537845363729082,-0.898397445943293,-0.360552082214211,0.31,"learner",6.8
"索菲亚","Tone2","bó","索菲亚_Tone2_bó",3.04375178032535,3.04375178032535,2.95268158592582,2.92574946699299,2.9036828032297,2.90344225378514,2.89308442071651,2.89886896378211,2.92861844946815,2.94769069708126,2.99378828073849,3.06134134345402,3.13657445403535,3.24817449854776,3.36262320341564,3.59973472981362,3.74189872388605,3.80602196339931,3.78999514785322,3.78999514785322,75.63,276.22,0.912937542682797,3.04375178032535,2.9036828032297,2.94769069708126,3.36262320341564,3.78999514785322,18,7,3.80602196339931,2.89308442071651,3.18110439247306,0.945463303335899,1.99147651745683,3.01036774606096,-0.310105175120763,0.46,1.94427028232363,0.142648380555551,-1.04990595245476,-0.90725757189921,0.36,"learner",9.2
"索菲亚","Tone2","bú","索菲亚_Tone2_bú",3.30820644977516,3.11522848799255,3.08045987055008,3.00786210525342,2.94554976768568,2.90320168934888,2.87204248324318,2.88970609634165,2.92742329924008,2.95837756825913,2.99637232631279,3.04003847877802,3.08229762653826,3.16455359717036,3.27382956326927,3.28147113838451,3.30668988720828,3.30668988720828,3.30668988720828,3.30668988720828,75.63,276.22,0.436163966531979,3.30820644977516,2.94554976768568,2.95837756825913,3.27382956326927,3.30668988720828,1,7,3.30820644977516,2.87204248324318,3.09235115287309,0.298877174304198,1.29023512523149,3.24482816483797,-1.39709274315525,0.29,0.767296592667528,0.405156895515023,-0.544780580793945,-0.139623685278921,0.29,"learner",5.8
"索菲亚","Tone2","gé","索菲亚_Tone2_gé",3.18115470801469,3.1358950202329,3.10039863950911,3.04375178032535,3.0059885575109,2.95576795301155,2.92479266543618,2.90151731837023,2.87543629576168,2.87810077098707,2.90993183281247,2.93220168145561,2.96406515768811,3.02025144294628,3.10085579313797,3.20035861160967,3.30495594292138,3.31080488586168,3.33905794914442,3.33905794914442,75.63,276.22,0.463621653382746,3.18115470801469,3.0059885575109,2.87810077098707,3.10085579313797,3.33905794914442,19,9,3.33905794914442,2.87543629576168,3.05729991711218,0.251894545661278,1.58657569773756,3.17071271400744,-0.742949100945709,0.46,1.04329445278069,0.341756586435026,-0.563379004501572,-0.221622418066546,0.3,"learner",9.2
"索菲亚","Tone2","jú","索菲亚_Tone2_jú",2.93888149440207,2.93888149440207,2.89814636979028,2.8824568579631,2.86864568415223,2.82249390304045,2.79562420575188,2.80254438602143,2.85307927954652,2.92048412102917,2.97919121833094,3.0356242884896,3.10839102164264,3.20392091367782,3.28408762834117,3.30300432410804,3.34807257845031,3.34807257845031,3.34807257845031,3.34807257845031,75.63,276.22,0.552448372698428,2.93888149440207,2.86864568415223,2.92048412102917,3.28408762834117,3.34807257845031,17,7,3.34807257845031,2.79562420575188,3.04371059285163,0.592267390670137,0.875153190511143,2.95086013869528,-0.457161260823073,0.33,0.97227055352713,0.150863216071614,-0.651421270863177,-0.500558054791563,0.31,"learner",6.6
"索菲亚","Tone3","bǎ","索菲亚_Tone3_bǎ",3.41607282488219,3.32269205426657,3.18227383378309,2.95980025148455,2.62234320176987,2.2622022060348,2.34759594515946,1.34958608577843,0,0.301299735660667,0.393345269369102,0.483246897284995,0.571102221230685,0.657002326077017,0.741032347323048,0.823271978200039,0.727670416485019,0.75042828781136,0.78181548840783,0.743699191906666,75.63,276.22,3.41607282488219,3.41607282488219,2.62234320176987,0.301299735660667,0.741032347323048,0.743699191906666,1,9,3.41607282488219,0,1.36435934520402,-2.95900674727328,6.55097385535974,3.87844170921517,-7.16802242206023,0.48,0.79498020591508,3.44065076258891,-0.413389707075842,3.02726105551307,0.41,"learner",9.6
"索菲亚","Tone3","bǒ","索菲亚_Tone3_bǒ",3.5636137133033,3.62236455740909,3.56705876423328,3.40045391288365,3.15352154694283,2.79611891599424,2.66249535145143,2.65583226433814,0.798451551917028,0.660516448784824,0.517469024905481,0.36891568742088,0.214415563872803,1.85377694133262,3.00083160729727,3.0099687600431,2.94388377902798,2.96217022556328,2.85770711140261,2.85770711140261,75.63,276.22,3.40794899353629,3.5636137133033,3.15352154694283,0.660516448784824,3.00083160729727,2.85770711140261,2,13,3.62236455740909,0.214415563872803,2.28592528595193,-0.863665366615614,9.96797258678124,4.19940700848527,-6.51706880167688,0.54,6.24304824110811,3.51921715290551,-2.87180219090973,0.647414961995785,0.43,"learner",10.8
"索菲亚","Tone3","gě","索菲亚_Tone3_gě",3.20525592982928,3.20525592982928,3.17151680872342,2.8630587310232,2.7555905913563,2.47923295005285,2.61742421947806,2.42188676200097,2.21591279060772,1.99832511341363,1.76773539857265,1.52249045233648,1.2606002433633,0.979639684348286,0.676611779673068,3.14607399121907,3.01885087084791,2.79809712316669,2.79809712316669,2.79809712316669,75.63,276.22,2.52864415015621,3.20525592982928,2.7555905913563,1.99832511341363,0.676611779673068,2.79809712316669,1,15,3.20525592982928,0.676611779673068,2.33219308554331,-0.710625267273741,6.01858386026341,3.39477726985494,-3.0853286613721,0.68,6.30671223951649,2.09802348973303,-2.01814791664528,0.0798755730877487,0.43,"learner",13.6
"索菲亚","Tone3","jǔ","索菲亚_Tone3_jǔ",3.12637036821418,3.12637036821418,3.17286307740908,3.22411922181344,3.14946102527251,2.928140433782,2.62156693697876,2.43195686370741,2.2840108418732,2.4630891512768,2.59794574251309,2.65848179173768,2.71808309432655,2.77677807900252,2.85137288925536,2.79636624734093,2.75033807087135,2.75033807087135,2.75033807087135,2.75033807087135,75.63,276.22,0.94010837994024,3.12637036821418,3.14946102527251,2.4630891512768,2.85137288925536,2.75033807087135,4,9,3.22411922181344,2.2840108418732,2.78044440604825,-0.383339494779292,1.82080968285653,3.32532764677427,-1.94569508868393,0.42,0.601041037275928,0.817191937247249,-0.348603801620038,0.468588135627211,0.46,"learner",8.4
"维多利亚","Tone2","bá","维多利亚_Tone2_bá",1.69159780316644,1.65469845383861,1.61735298934401,1.58770243455713,1.58596977915178,1.57624890759255,1.52594356117858,1.4803699843162,1.45208425739565,1.45425538943068,1.44501752071325,1.43484205465085,1.46454747813447,1.4914691926932,1.52806341346971,1.56963513658074,1.63701990517418,1.67968321899262,1.7721060539829,1.7721060539829,106.66,538.24,0.337263999332043,1.69159780316644,1.58596977915178,1.45425538943068,1.52806341346971,1.7721060539829,19,12,1.7721060539829,1.43484205465085,1.56056331405563,0.0586702632581609,1.1938496512325,1.67458522588976,-0.456897332906616,0.59,0.9260183312172,0.269569426414904,-0.379667515799052,-0.110098089384149,0.3,"learner",11.8
"维多利亚","Tone2","bí","维多利亚_Tone2_bí",1.86849384213314,1.64604180741924,1.64178947617355,1.64655169401574,1.42298905929794,1.21791315245567,1.1007182750839,1.08485960258226,1.06276615598943,1.05886294783947,1.04320060684887,1.0617394740324,1.12938180641366,1.20205764943743,1.26442019204691,1.2264920275608,1.15339886125521,1.15339886125521,1.15339886125521,1.15339886125521,106.66,538.24,0.825293235284264,1.86849384213314,1.42298905929794,1.05886294783947,1.26442019204691,1.15339886125521,1,11,1.86849384213314,1.04320060684887,1.2488422906062,-0.521832007302123,1.79565619269545,1.86904144225382,-2.29960895785802,0.35,0.210815572841502,0.804863135250308,-0.137030122346976,0.667833012903332,0.4,"learner",7
"维多利亚","Tone2","bó","维多利亚_Tone2_bó",1.54022441284849,1.45172225364794,1.40870516604249,1.34678263611673,1.29351656211948,1.29027594189654,1.28301988594982,1.3058759130954,1.30928977747935,1.29103874668512,1.29580201358992,1.32158630401657,1.33552609899921,1.35295629127397,1.35052571803573,1.38456592458786,1.49039681706164,1.61632344440313,1.65554584033493,1.68757547763383,106.66,538.24,0.404555591684016,1.54022441284849,1.29351656211948,1.29103874668512,1.35052571803573,1.68757547763383,20,7,1.68757547763383,1.28301988594982,1.38896149941524,0.192416847400045,1.32254385382677,1.45011215609721,-0.393541909237949,0.55,0.972616643358303,0.216448050080872,-0.437677489511236,-0.221229439430364,0.29,"learner",11
"维多利亚","Tone2","bú","维多利亚_Tone2_bú",1.45805120239489,1.39693551493721,1.33214112340405,1.27210374299114,1.2418354688394,1.24086662086368,1.24725540902667,1.2433849938158,1.26057123761998,1.31137417210695,1.38660015447743,1.451179168469,1.56771797807237,1.6810280069876,1.76655298046428,1.84148794855336,1.79097705459407,1.8005311866407,1.8005311866407,1.8005311866407,106.66,538.24,0.600621327689677,1.45805120239489,1.2418354688394,1.31137417210695,1.76655298046428,1.8005311866407,16,6,1.84148794855336,1.24086662086368,1.48534363660407,0.62531325020291,1.0532665511135,1.43856880612384,-0.872489667248042,0.29,1.03899981633391,0.253022003501932,-0.737689869597075,-0.484667866095143,0.31,"learner",5.8
"维多利亚","Tone2","gé","维多利亚_Tone2_gé",1.48359644567622,1.40245812303936,1.36601121973772,1.35631854616009,1.33721719681091,1.32385108909439,1.29027594189654,1.27402164816617,1.26114888661197,1.26057123761998,1.28473996653756,1.32460564860365,1.40925576964616,1.47228905601455,1.55811429668907,1.72276030851938,1.82613259973824,1.91480386985519,1.94920195357213,1.9373144258877,106.66,538.24,0.688630715952145,1.48359644567622,1.33721719681091,1.26057123761998,1.55811429668907,1.9373144258877,19,10,1.94920195357213,1.26057123761998,1.47176291583303,0.582412910137388,1.82075050533352,1.43744288440933,-0.434783452462482,0.5,1.59960927273726,0.217391726231241,-0.799804636368629,-0.582412910137388,0.27,"learner",10
"维多利亚","Tone2","jú","维多利亚_Tone2_jú",1.33533814208074,1.34996454481669,1.31799699489256,1.24415946491818,1.1949845508678,1.17762626369162,1.14841068400021,1.13460137140208,1.15937406069848,1.14641315549315,1.1126600847061,1.15539187892269,1.18375224959384,1.16414591227928,1.18730370652325,1.24764218395684,1.32743360629972,1.46418693211998,1.53740873170949,1.5975600553638,106.66,538.24,0.484899970657694,1.33533814208074,1.1949845508678,1.14641315549315,1.18730370652325,1.5975600553638,20,11,1.5975600553638,1.1126600847061,1.24644273668215,0.177438753545558,1.46774909195322,1.30817993029855,-0.329450816775831,0.66,1.48838644938242,0.217437539072048,-0.506051392790021,-0.288613853717973,0.35,"learner",13.2
"维多利亚","Tone3","bǎ","维多利亚_Tone3_bǎ",1.92662296125928,1.73748196426378,1.54848066416569,1.23776426371314,1.12032704899979,1.02621222103749,0.950929113353192,0.8916106606569,0.875728990835968,0.871581978622371,0.865022708089331,0.827144981623878,0.931282591973583,1.05310184690095,1.23252196034969,1.44411035851599,1.64859039916664,1.79923744159245,1.87544530941473,1.87544530941473,106.66,538.24,1.0994779796354,1.92662296125928,1.12032704899979,0.871581978622371,1.23252196034969,1.87544530941473,1,12,1.92662296125928,0.827144981623878,1.24686357969215,0.237925063665043,4.56781572660771,1.80325412076519,-2.60132384797319,0.45,2.37030547528249,1.17059573158793,-1.30366801140537,-0.133072279817433,0.43,"learner",9
"维多利亚","Tone3","bǐ","维多利亚_Tone3_bǐ",1.486998502742,1.486998502742,1.4268234642525,1.08424802469365,0.983117287812624,0.908921966074,0.909353508122156,0.881394842679661,0.794848346319934,0.781609688743506,0.755414528824541,0.716848868657811,0.800217370804308,0.798652369082289,0.910647772656038,1.37771366690822,2.01852765688918,2.46328386577799,2.67820119442937,2.67820119442937,106.66,538.24,1.96135232577156,1.486998502742,0.983117287812624,0.781609688743506,0.910647772656038,2.67820119442937,19,12,2.67820119442937,0.716848868657811,1.24160624383835,1.0498705949414,6.32641715148295,1.39469617044613,-1.24370779468708,0.66,6.98165826853323,0.820847144493472,-2.3737638113013,-1.55291666680782,0.62,"learner",13.2
"维多利亚","Tone3","bǒ","维多利亚_Tone3_bǒ",1.3895566449592,1.3895566449592,1.22804926647495,1.18769806091874,1.17327140776592,1.06440813767629,1.02226251953111,1.00243790105867,0.959644537157972,0.95071623454289,1.10477152061452,1.20323492620034,1.18947203294089,1.27152813915537,1.48950288622754,1.73715190998676,2.04627607361853,2.32548703988639,2.46836774602379,2.46836774602379,106.66,538.24,1.5176515114809,1.3895566449592,1.17327140776592,0.95071623454289,1.48950288622754,2.46836774602379,19,10,2.46836774602379,0.95071623454289,1.39804798956666,1.14362393022806,4.05156903102075,1.3362620134841,-0.763849552874442,0.55,3.68341091259375,0.420117254080943,-1.65753491066719,-1.23741765658624,0.45,"learner",11
"维多利亚","Tone3","bǔ","维多利亚_Tone3_bǔ",1.64008690325073,1.31610620829029,1.13440078190393,1.01059182917831,0.971297473825521,0.932567702784938,0.909784989890656,0.915388775084192,0.884441386896985,0.820268506323784,0.793280621375662,0.830909462937593,0.849223397220236,0.934280352617805,1.07096735017549,1.28817725692452,1.58822204172015,1.87733845225785,2.23916930383547,2.28442731356687,106.66,538.24,1.49114669219121,1.64008690325073,0.971297473825521,0.820268506323784,1.07096735017549,2.28442731356687,20,11,2.28442731356687,0.793280621375662,1.17316932219303,0.728173281031077,4.71699889734182,1.3302741071871,-1.090174300748,0.62,4.39223929139512,0.675908066463761,-1.66905093073015,-0.993142864266385,0.47,"learner",12.4
"维多利亚","Tone3","gě","维多利亚_Tone3_gě",1.64195968186419,1.51496775534508,1.31629533904043,1.21322370431508,1.09645663544404,1.13500251132547,1.14821098926725,1.06071245072418,1.01539048560521,0.911079073686573,0.878563215806922,0.883571252250197,0.908706172439786,1.01809947580709,1.26768803675172,1.5870094890154,1.95320561451982,2.39281886069299,2.48045718604179,2.48045718604179,106.66,538.24,1.60189397023486,1.64195968186419,1.09645663544404,0.911079073686573,1.26768803675172,2.48045718604179,19,11,2.48045718604179,0.878563215806922,1.35032928661979,0.894340801902886,5.11454948645867,1.4917886533323,-1.16636150451876,0.62,5.04676432868036,0.723144132801634,-1.91777044489854,-1.1946263120969,0.55,"learner",12.4
"维多利亚","Tone3","jǔ","维多利亚_Tone3_jǔ",1.24590131526859,1.24590131526859,1.14161381022678,1.10173208518709,1.11023497920319,1.07546874300127,1.07567319598977,0.977846172961187,0.952418854387938,1.00620392723378,1.07199097015227,1.00578570654865,1.06830434966679,1.19045713291916,1.42134428471206,1.741275055872,2.12470992912293,2.35292065836871,2.28705276191378,2.28705276191378,106.66,538.24,1.40050180398077,1.24590131526859,1.11023497920319,1.00620392723378,1.42134428471206,2.28705276191378,18,9,2.35292065836871,0.952418854387938,1.34254880366517,1.14979647903871,3.6075980387055,1.20270144748725,-0.403964527715374,0.6,3.92288249695577,0.242378716629224,-1.56915299878231,-1.32677428215308,0.46,"learner",12
"苏启明","Tone2","bá","苏启明_Tone2_bá",2.47956008916384,2.18738926070743,2.14066513926554,2.07098688560698,2.01007534841059,1.94951108211516,1.92321422826317,1.89836501494489,1.86780587098923,1.8516414764169,1.84113374736126,1.84744297115045,1.86097081523762,1.90342691716399,1.9546682357147,2.02466083057725,2.08139669415241,2.15237426407345,2.26295983346596,2.26295983346596,79.77,450.49,0.638426341802579,2.47956008916384,2.01007534841059,1.8516414764169,1.9546682357147,2.26295983346596,1,11,2.47956008916384,1.84113374736126,2.01083960419794,-0.0387137808104122,2.02017378944159,2.29841330936988,-1.09636352503138,0.5,1.01893596341056,0.54818176251569,-0.509467981705277,0.0387137808104123,0.28,"learner",10
"苏启明","Tone2","bí","苏启明_Tone2_bí",2.27039276910937,2.27039276910937,2.1902739717578,2.0646166575885,2.087027037808,1.99142135589359,1.98505509515968,1.96678807181997,2.00121614197838,1.98396232578137,1.99487145842047,1.98833092473477,1.99232967726234,2.01224081387842,2.0257383121911,2.0513000503789,2.07663753927035,2.09965532288896,2.11065995891515,2.11065995891515,79.77,450.49,0.303604697289404,2.27039276910937,2.087027037808,1.98396232578137,2.0257383121911,2.11065995891515,1,8,2.27039276910937,1.96678807181997,2.05536938379829,-0.0963896022007375,0.947240460305851,2.28478681665186,-1.02407055603438,0.33,0.239528133680953,0.337943283491344,-0.160483849566238,0.177459433925105,0.27,"learner",6.6
"苏启明","Tone2","bó","苏启明_Tone2_bó",2.17667366676361,2.19654251852119,2.16403611005856,2.15975413828474,2.11814705553262,2.07840110373402,2.02502003578043,2.01782742981582,2.00935316563946,2.02448121122134,2.05165595788797,2.07504941001746,2.10507554256282,2.13012082044199,2.18738926070743,2.2801092815673,2.2801092815673,2.2801092815673,2.2801092815673,2.2801092815673,79.77,450.49,0.27075611592784,2.17667366676361,2.11814705553262,2.02448121122134,2.18738926070743,2.2801092815673,16,9,2.2801092815673,2.00935316563946,2.13834770785962,0.155004478909525,0.872782162397144,2.21296964751274,-0.524842016242949,0.41,0.559117701979922,0.215185226659609,-0.329879444168154,-0.114694217508545,0.34,"learner",8.2
"苏启明","Tone2","bú","苏启明_Tone2_bú",2.25135933242936,2.10577418538974,1.99831744452526,1.93805879384246,1.92172556670974,1.90829297101352,1.91259073371549,1.92563166797044,1.94895798337438,1.99976715690727,2.060184607134,2.11571152641264,2.17752556466449,2.2280176063214,2.30938973558335,2.30938973558335,2.30938973558335,2.30938973558335,2.30938973558335,2.30938973558335,79.77,450.49,0.401096764569831,2.25135933242936,1.92172556670974,1.99976715690727,2.30938973558335,2.30938973558335,15,6,2.30938973558335,1.90829297101352,2.10943757178449,0.370853443307301,0.909162073856163,2.22950023122119,-1.96944472130031,0.19,0.657307708256909,0.37419449704706,-0.532419243688096,-0.158224746641037,0.33,"learner",3.8
"苏启明","Tone2","gé","苏启明_Tone2_gé",2.18993474349426,2.18620060054855,2.15134301337251,2.13548421925797,2.13064029454616,2.10122998322733,2.0688650370244,2.04488620408338,2.08614801980431,2.12405337544866,2.13306327240003,2.13012082044199,2.13565706640679,2.12752204749522,2.11309974980746,2.08403728443699,2.04809490764655,2.0555680485928,2.11153154941952,2.11153154941952,79.77,450.49,0.145048539410888,2.18993474349426,2.13064029454616,2.12405337544866,2.11309974980746,2.11153154941952,1,8,2.18993474349426,2.04488620408338,2.1120819025939,-0.0676020515351493,0.156030289479293,2.19381783261117,-0.339369141358021,0.29,0.007458821204752,0.0984170509938265,-0.00529576305537383,0.0931212879384526,0.27,"learner",5.8
"苏启明","Tone2","jú","苏启明_Tone2_jú",2.18687989482637,2.1600969297435,2.09071599479649,2.03219477411774,1.99069449306544,1.97502253264918,1.95503625169792,1.92656091395909,1.91389748007957,1.9124040073904,1.90829297101352,1.90698368588104,1.9006158445944,1.92544578289025,1.94729805134544,2.01584631891243,2.04862934516834,2.04862934516834,2.04862934516834,2.04862934516834,79.77,450.49,0.286264050231974,2.18687989482637,1.99069449306544,1.9124040073904,1.94729805134544,2.04862934516834,1,13,2.18687989482637,1.9006158445944,1.98898434474206,-0.0753417285273033,0.92805355293118,2.16776862724768,-0.676949209750656,0.44,0.35103006722537,0.297857652290289,-0.196576837646207,0.101280814644082,0.29,"learner",8.8
"苏启明","Tone3","bǐ","苏启明_Tone3_bǐ",2.21677982728566,2.21677982728566,2.11292554736267,1.99650428015382,1.8394106552753,1.65659660848512,1.71636552496367,1.84476801382416,1.88802620870907,1.85431007824705,1.73370009327174,1.88840281445122,1.98323358309602,2.14325211829893,2.15306156003301,2.11240287697686,2.07116363597773,2.02932701721596,2.02932701721596,2.02932701721596,79.77,450.49,0.560183218800542,2.21677982728566,1.8394106552753,1.85431007824705,2.15306156003301,2.02932701721596,1,6,2.21677982728566,1.65659660848512,1.96527736542751,0.0571492192229466,1.19766688173424,2.28617736752879,-2.06408263638079,0.26,0.525397279133639,0.536661485459006,-0.388793986558893,0.147867498900113,0.37,"learner",5.2
"苏启明","Tone3","bǒ","苏启明_Tone3_bǒ",2.25600512558985,2.17172769764679,2.0922955351325,2.0484512103157,1.92042235812561,1.81189380175301,1.74401152547308,1.76354172207456,1.8041496238128,1.80182231552215,1.81324690059829,1.69792082616755,1.7450010720043,1.86951211048824,1.9644048502165,2.0505881037598,2.07134037553244,2.07540240310424,2.06621053228889,2.11501528355206,79.77,450.49,0.558084299422293,2.25600512558985,1.92042235812561,1.80182231552215,1.9644048502165,2.11501528355206,1,12,2.25600512558985,1.69792082616755,1.92829645556219,-0.0163639281052238,1.807095292913,2.26543258892768,-1.636669139029,0.35,0.65138727178867,0.57283419866015,-0.423401726662635,0.149432471997514,0.29,"learner",7
"苏启明","Tone3","bǔ","苏启明_Tone3_bǔ",2.02070662201181,2.00320731022851,1.98049915921731,1.98450876215278,1.93120266455226,1.93639258406633,1.92693252865755,1.96825369287643,1.97593602521852,1.94157319430273,0,0.0545160595908987,0.0488257448677473,0.0573570183173588,0.0982399430644668,0.0982399430644668,0.0982399430644668,0.0982399430644668,0.0982399430644668,0.0982399430644668,79.77,450.49,2.02070662201181,2.02070662201181,1.93120266455226,1.94157319430273,0.0982399430644668,0.0982399430644668,1,11,2.02070662201181,0,1.0185132891796,-2.69660943058888,0.279785872873614,2.53582851874546,-3.27883005066149,0.74,-0.0590652910083745,2.42633423748951,0.0153569756621774,2.44169121315168,0.41,"learner",14.8
"苏启明","Tone3","gě","苏启明_Tone3_gě",2.1111829447803,2.1111829447803,1.99596010880366,1.88576554241474,1.8569762166438,1.82038848267785,1.8390276062784,1.82885825247917,1.83001129904412,1.84075092683815,1.85202285624479,1.91296415015307,1.98414448272587,1.88444600278882,1.95282745207532,2.0893112333717,2.20178408963491,2.51850016163023,2.80389215295303,2.84879776958124,79.77,450.49,1.02840928690339,2.1111829447803,1.8569762166438,1.84075092683815,1.95282745207532,2.84879776958124,20,6,2.84879776958124,1.82038848267785,2.03407124542394,0.611988663350559,2.77800767429759,1.98545212278576,-0.213739532878475,0.72,3.82561055166108,0.153892463672502,-1.0711709544651,-0.917278490792601,0.4,"learner",14.4
"苏启明","Tone3","jǔ","苏启明_Tone3_jǔ",2.24071223070674,2.24071223070674,2.09194460081464,1.82501143593764,2.0230438540869,2.02461592678552,2.02618714425348,2.0277575074208,2.02932701721596,2.00646262740365,2.08755432022524,2.21106030531037,2.32950074954703,2.34626073971924,2.17036180051449,2.38160894854275,2.57845262896613,2.76273223628649,2.76273223628649,2.76273223628649,79.77,450.49,0.937720800348855,2.24071223070674,2.0230438540869,2.00646262740365,2.17036180051449,2.76273223628649,18,4,2.76273223628649,1.82501143593764,2.23059279587927,0.68972460115558,1.80641469875915,2.15334325372674,-0.449344069784525,0.44,1.49700637518996,0.197711390705191,-0.838323570106377,-0.640612179401186,0.39,"learner",8.8
"都雅","Tone2","bí","都雅_Tone2_bí",0.968410320006712,0.968410320006712,0.85850912941952,0.723833854791881,0.678154486391225,0.642440928728652,0.597408762911022,0.55016581803476,0.483625581823154,0.54928093176307,0.566358885287282,0.643597281608987,0.672125531999621,0.64966340889969,0.681596087869201,0.770192940533681,0.875587432686151,0.875587432686151,0.875587432686151,0.875587432686151,139.67,410.47,0.484784738183557,0.968410320006712,0.678154486391225,0.54928093176307,0.681596087869201,0.875587432686151,1,9,0.968410320006712,0.483625581823154,0.711093561424522,0.0246391527220491,1.62024080227716,0.975603271341339,-1.23015025572277,0.4,0.727698070452276,0.492060102289108,-0.436618842271366,0.0554412600177423,0.35,"learner",8
"都雅","Tone2","bó","都雅_Tone2_bó",0.97433558010866,0.924272122251323,0.93541396950412,0.844967130371649,0.770474201343264,0.648219812330719,0.617800027794981,0.563418893188965,0.555471593308124,0.546330090984692,0.480333261150015,0.463836511075799,0.503330579020028,0.617509354315175,0.846627460218986,0.846627460218986,0.846627460218986,0.846627460218986,0.846627460218986,0.846627460218986,139.67,410.47,0.510499069032861,0.97433558010866,0.770474201343264,0.546330090984692,0.846627460218986,0.846627460218986,1,12,0.97433558010866,0.463836511075799,0.711020505684487,-0.043952150954611,1.73888631391856,0.986578251821728,-1.05022711915142,0.5,0.962322817242202,0.525113559575712,-0.481161408621101,0.0439521509546114,0.44,"learner",10
"都雅","Tone2","bú","都雅_Tone2_bú",1.33264656087865,1.01266635492914,0.966793025384986,0.963017143376945,0.863473828087066,0.727809477352451,0.736317210790817,0.809125519845939,0.791800271028769,0.695908669056459,0.685035137492159,0.651683689548478,0.62535115130721,0.670688910839302,0.721560539525689,0.632020758991072,0.632020758991072,0.632020758991072,0.632020758991072,0.632020758991072,139.67,410.47,0.707295409571444,1.33264656087865,0.863473828087066,0.695908669056459,0.721560539525689,0.632020758991072,1,13,1.33264656087865,0.62535115130721,0.762522395427149,-0.478844568265608,0.932140242381755,1.22398088435152,-1.85722391342538,0.25,-0.196300217785519,0.464305978356345,0.147225163339139,0.611531141695484,0.33,"learner",5
"都雅","Tone2","jú","都雅_Tone2_jú",1.14269625889142,1.01853538195971,0.920189140052436,0.848563760807898,0.829164282446938,0.848287195924298,0.911466746548093,1.00839330216741,0.969218755888084,0.885200712902889,0.883005147712065,0.832495675212896,0.800191537421459,0.783954701671075,0.840259632224735,1.04432426177628,1.04432426177628,1.04432426177628,1.04432426177628,1.04432426177628,139.67,410.47,0.35874155722035,1.14269625889142,0.829164282446938,0.885200712902889,0.840259632224735,1.04432426177628,1,14,1.14269625889142,0.783954701671075,0.92974508829384,0.0417830014911735,0.845548116565387,1.00066755242651,-0.271247552473134,0.65,0.801354886719264,0.176310909107537,-0.280474210351743,-0.104163301244205,0.3,"learner",13
"都雅","Tone3","bǒ","都雅_Tone3_bǒ",0.651972229246792,0.651972229246792,0.706186448077062,0.697051769833413,0.620996234353355,0.586301561207435,0.534211977572882,0.527103728857441,0.531251531069745,0.534211977572882,0.496771544029785,0.413080007175689,0.413080007175689,0.413080007175689,0.413080007175689,0.413080007175689,0.413080007175689,0.413080007175689,0.413080007175689,0.413080007175689,139.67,410.47,0.293106440901373,0.651972229246792,0.620996234353355,0.534211977572882,0.413080007175689,0.413080007175689,3,12,0.706186448077062,0.413080007175689,0.510386714566751,-0.319205991632645,0.27369692458844,0.704416872171321,-0.436342052279274,0.67,0.00428062685079092,0.292349175027113,-0.001412606860761,0.290936568166352,0.5,"learner",13.4
"都雅","Tone3","bǔ","都雅_Tone3_bǔ",0.950318438866032,0.950318438866032,0.868983934323486,0.829164282446938,0.76512732721405,0.64648690314598,0.620705761118311,0.555471593308124,0.564595113667976,0.575754356255263,0.619253122007499,0.643019141205745,0.705616057449891,0.76174717544608,0.788999805191364,0.788999805191364,0.788999805191364,0.788999805191364,0.788999805191364,0.788999805191364,139.67,410.47,0.394846845557908,0.950318438866032,0.76512732721405,0.575754356255263,0.788999805191364,0.788999805191364,1,8,0.950318438866032,0.555471593308124,0.729355625068173,-0.0566767786866379,1.15965345810494,0.985324151793598,-1.1415973807279,0.37,0.449090070452625,0.422391030869323,-0.282926744385154,0.139464286484169,0.38,"learner",7.4
"都雅","Tone3","gě","都雅_Tone3_gě",1.03795684554364,1.20406446949693,1.11953742973162,0.876137300070197,0.899720140198883,0.968949292917549,0.94436239728535,0.907918583375844,0.851881253739944,0.801122963920494,0.749803038886066,0.697908910571797,0.784235129216067,0.943007684135258,0.943007684135258,0.943007684135258,0.943007684135258,0.943007684135258,0.943007684135258,0.943007684135258,139.67,410.47,0.506155558925134,1.03795684554364,0.899720140198883,0.801122963920494,0.943007684135258,0.943007684135258,2,12,1.20406446949693,0.697908910571797,0.914019908481251,-0.127415418887663,0.936244233374211,1.1107541834303,-0.637672150244085,0.53,0.478385956066112,0.337966239629365,-0.224841399351073,0.113124840278293,0.38,"learner",10.6
"顾婉琪","Tone2","bá","顾婉琪_Tone2_bá",2.80394210945839,2.70515492252834,2.62558944223044,2.55728948967473,2.52884322897147,2.50461240411586,2.50023870168175,2.45654097867356,2.38519650131866,2.375492436047,2.38842712373765,2.40182494488322,2.4366444277674,2.49732083162543,2.54935001980143,2.55777027584436,2.56857609521912,2.58988095793537,2.59990435849459,2.60276460162885,130.05,343.93,0.428449673411394,2.80394210945839,2.52884322897147,2.375492436047,2.54935001980143,2.60276460162885,1,10,2.80394210945839,2.375492436047,2.52139029116488,-0.076239791420756,1.18308076153791,2.74601433470186,-0.873087182465728,0.44,0.488502609005845,0.38415836028492,-0.273561461043273,0.110596899241648,0.19,"learner",8.8
"顾婉琪","Tone2","bí","顾婉琪_Tone2_bí",3.01252716482889,3.01252716482889,2.60776620139912,2.49367116376348,2.47318500698188,2.38693631948366,2.37150597641331,2.33297741737826,2.31738402963584,2.29441096801428,2.34702123209416,2.39066251989892,2.48538897896086,2.66929105740849,2.765378156011,2.85970235024726,2.95232716420044,2.95232716420044,2.95232716420044,2.95232716420044,130.05,343.93,0.718116196814608,3.01252716482889,2.47318500698188,2.29441096801428,2.765378156011,2.95232716420044,1,10,3.01252716482889,2.29441096801428,2.60776756062388,0.282005840564139,2.70347096453276,2.97523394534619,-2.22659945983828,0.35,1.31583834823649,0.779309810943399,-0.855294926353716,-0.075985115410317,0.27,"learner",7
"顾婉琪","Tone2","bó","顾婉琪_Tone2_bó",3.08484699247889,3.08484699247889,2.95165924774595,2.88735731616626,2.83410039132848,2.82018559254353,2.75281897515132,2.62392855160019,2.5206175552653,2.52400619135696,2.52473203717589,2.49853681207178,2.55777027584436,2.5987121207272,2.63791071823839,2.69346220222523,2.76499336082919,2.8355429415454,2.90513751928767,2.90513751928767,130.05,343.93,0.586310180407109,3.08484699247889,2.83410039132848,2.52400619135696,2.63791071823839,2.90513751928767,1,12,3.08484699247889,2.49853681207178,2.73282107990409,-0.206636667709509,1.99432577702038,3.09798008653736,-1.1974408919358,0.54,1.03887180232644,0.64661808164533,-0.477881029070161,0.16873705257517,0.22,"learner",10.8
"顾婉琪","Tone2","bú","顾婉琪_Tone2_bú",2.95032315446887,2.95032315446887,2.84138492568149,2.74610302995473,2.66764422698699,2.57361104910047,2.51383357533498,2.54742345201413,2.5143184423039,2.54308603311129,2.57480912122885,2.60990825555186,2.65397872972143,2.80348380254944,2.94876394000775,3.01736560946144,3.16962613953593,3.14073461423054,3.14073461423054,3.14073461423054,130.05,343.93,0.655792564200955,2.95032315446887,2.66764422698699,2.54308603311129,2.94876394000775,3.14073461423054,17,7,3.16962613953593,2.51383357533498,2.78313050873222,0.385042714807071,2.19780776431858,2.96898564143527,-1.33073468079102,0.4,1.34639335316659,0.53229387231641,-0.807836011899952,-0.275542139583542,0.25,"learner",8
"顾婉琪","Tone2","gé","顾婉琪_Tone2_gé",3.15851676812985,3.00768416246576,2.92710886426971,2.85365422144009,2.8096675013742,2.7114579517344,2.54862764148005,2.46021709025467,2.42654390639655,2.39016584918402,2.42481744223657,2.45948207818719,2.51383357533498,2.57480912122885,2.60848031861691,2.68127349774443,2.80875186701715,2.84456866678718,2.92643766338521,2.92643766338521,130.05,343.93,0.768350918945832,3.15851676812985,2.8096675013742,2.39016584918402,2.60848031861691,2.92643766338521,1,10,3.15851676812985,2.39016584918402,2.68074248929018,-0.133812012716731,2.55181056964179,3.13090258295349,-1.72627408734104,0.46,1.13299442691542,0.794086080176877,-0.611816990534325,0.182269089642551,0.24,"learner",9.2
"顾婉琪","Tone2","jú","顾婉琪_Tone2_jú",2.44623386067004,2.44623386067004,2.41592931437731,2.40677825409746,2.4191406888825,2.41073746834808,2.41197409779511,2.41444646471038,2.41938763462578,2.45408877653739,2.47636082755356,2.50364079173439,2.58127389080033,2.58127389080033,2.58127389080033,2.58127389080033,2.58127389080033,2.58127389080033,2.58127389080033,2.58127389080033,130.05,343.93,0.174495636702864,2.44623386067004,2.4191406888825,2.45408877653739,2.58127389080033,2.58127389080033,13,4,2.58127389080033,2.40677825409746,2.49240251902642,0.217465903359537,0.154428879494351,2.44500061676988,-0.169097382365085,0.25,0.296704810172852,0.0422743455912715,-0.222528607629639,-0.180254262038368,0.2,"learner",5
"顾婉琪","Tone3","bǎ","顾婉琪_Tone3_bǎ",3.1672780812894,3.17517183620009,3.13923209847791,2.98406428886882,2.75397601057901,2.43147346897876,2.19787013290524,2.06335242609313,2.11323370577042,2.16263567884081,2.21156746896926,2.26003794176951,2.30805571444487,2.35802880885773,2.55656822610864,2.72939093140702,2.91097580867432,2.9803015886849,3.02944183715577,3.02944183715577,130.05,343.93,1.11181941010696,3.1672780812894,2.75397601057901,2.16263567884081,2.55656822610864,3.02944183715577,2,8,3.17517183620009,2.06335242609313,2.58949000659083,-0.0677288270983902,4.40209722866418,3.35713244905814,-3.33906632936998,0.41,1.87681417079931,1.36901719504169,-1.10732036077159,0.261696834270098,0.48,"learner",8.2
"顾婉琪","Tone3","bǐ","顾婉琪_Tone3_bǐ",3.1424512375858,3.1424512375858,3.0107666008527,2.92375198324339,2.76691704880624,2.36976092786897,2.174614536079,2.03336006309685,2.06879370157165,2.10398480278219,2.13893666442223,2.17365251738304,2.20813552754567,2.24238879751339,2.27641536828694,2.46070703992876,2.75917945011354,3.04127096434543,3.1723997356076,3.1723997356076,130.05,343.93,1.13903967251075,3.1424512375858,2.76691704880624,2.10398480278219,2.27641536828694,3.1723997356076,19,8,3.1723997356076,2.03336006309685,2.5255245297581,-0.0444903746006251,4.9695298668696,3.28718277705348,-3.1542909463691,0.45,2.2910842895628,1.4194309258661,-1.26009635925954,0.159334566606557,0.46,"learner",9
"顾婉琪","Tone3","bǒ","顾婉琪_Tone3_bǒ",3.2695914182328,3.2695914182328,3.10800939448694,2.8972677995493,2.7800558106193,2.32895784275769,2.15515419249401,2.18474180379406,2.2141601150794,2.24341105279813,2.27249651070295,2.30141835058693,2.33017840299861,2.35877846793722,2.6452420699689,2.84001986144622,2.90176625718272,2.97365480443497,2.97365480443497,2.97365480443497,130.05,343.93,1.11443722573878,3.2695914182328,2.7800558106193,2.24341105279813,2.6452420699689,2.97365480443497,1,7,3.2695914182328,2.15515419249401,2.61425889527448,-0.0951568757959628,4.19877547709468,3.40298661810077,-3.56014532887412,0.38,1.62439548945225,1.35285522497217,-1.0071252034604,0.345730021511767,0.47,"learner",7.6
"顾婉琪","Tone3","bǔ","顾婉琪_Tone3_bǔ",3.59048102879611,3.20726181625366,3.1028231597823,2.91972083069892,2.71309080981889,2.18909704396883,1.97473036520247,1.99327497853815,1.98199492126019,2.01816452413227,2.05408144588738,2.08974919251119,2.12517119752277,2.30300632600006,2.47684924126231,2.68033470710889,2.87833117813646,2.9937902741269,3.13794387825037,3.20026585749152,130.05,343.93,1.61575066359364,3.59048102879611,2.71309080981889,2.01816452413227,2.47684924126231,3.20026585749152,1,7,3.59048102879611,1.97473036520247,2.52947641235872,-0.0745715252448607,5.93161681857841,3.54793684638395,-4.51404151545366,0.4,2.41286496856523,1.80561660618146,-1.44771898113914,0.357897625042325,0.47,"learner",8
"顾婉琪","Tone3","gě","顾婉琪_Tone3_gě",3.99040398498119,3.76219547628112,3.37442203040565,2.92531880048308,2.60228800492851,2.30199585294232,2.17513247159561,2.07999817770388,2.10547869517854,2.13083355224815,2.15606398225329,2.18117120046554,2.20615640443877,2.23102077435185,2.38842712373765,2.67375836846739,2.92487118713601,3.07898574893938,3.23325411514061,3.23325411514061,130.05,343.93,1.91040580727732,3.99040398498119,2.60228800492851,2.13083355224815,2.38842712373765,3.23325411514061,1,8,3.99040398498119,2.07999817770388,2.62890620401148,-0.356812017527796,6.70836412356014,4.00057885929373,-6.22744248923022,0.35,2.06255966330386,2.17960487123058,-1.34066378114751,0.838941090083067,0.45,"learner",7
"顾婉琪","Tone3","jǔ","顾婉琪_Tone3_jǔ",3.28255177426762,2.80302545478224,2.59465644304672,2.39909858929044,2.26217708875167,2.06414630419666,2.07097740881425,2.07779944914911,2.08461244922441,2.09141643296791,2.09821142421253,2.10499744669681,2.15749332668046,2.26599478173264,2.39909858929044,2.62329569019996,2.83812333742854,3.04433333750512,3.19453480199506,3.19453480199506,130.05,343.93,1.21840547007097,3.28255177426762,2.26217708875167,2.09141643296791,2.39909858929044,3.19453480199506,1,6,3.28255177426762,2.06414630419666,2.44040261216101,0.375060396223332,4.80525212734253,3.02406434656383,-3.16026268664702,0.39,2.24033882513462,1.23250244779234,-1.36660668333212,-0.13410423553978,0.42,"learner",7.8
"马艾琳","Tone2","bá","马艾琳_Tone2_bá",2.40004853511146,2.40004853511146,2.33155990427386,2.3000850768225,2.26839129921328,2.22714877347917,2.18494059102282,2.25101040496072,2.22393829524287,2.18228955128477,2.15272929563284,2.1565829918759,2.19993408203658,2.25855026803677,2.3625355781251,2.58850907821429,2.9604631850187,3.36950498057791,3.85044681503576,3.85044681503576,95.78,287,1.69771751940292,2.40004853511146,2.26839129921328,2.18228955128477,2.3625355781251,3.85044681503576,19,11,3.85044681503576,2.15272929563284,2.48772952467052,1.15909237711335,4.35806930740181,2.3505446962941,-0.282185670215056,0.71,6.37741620216816,0.20035182585269,-1.84945069862877,-1.64909887277608,0.34,"learner",14.2
"马艾琳","Tone2","bí","马艾琳_Tone2_bí",2.68134705611605,2.43586188558481,2.42386221138869,2.42609710319696,2.4137916096361,2.39105103779825,2.37328511970722,2.36536686470717,2.35544965455105,2.39386466490012,2.43976194617746,2.48382280041849,2.52554919591927,2.58797002163282,2.67632684403831,2.8215059898893,3.02311988338551,3.28100740624725,3.60317997258724,3.87591421628927,95.78,287,1.52046456173822,2.68134705611605,2.4137916096361,2.39386466490012,2.67632684403831,3.87591421628927,20,9,3.87591421628927,2.35544965455105,2.64965146072669,1.04209601021467,3.33510573693468,2.44424081469992,0.0207577868826563,0.71,4.73997623126697,-0.0147380286866858,-1.37459310706742,-1.38933113575411,0.31,"learner",14.2
"马艾琳","Tone2","bú","马艾琳_Tone2_bú",2.74116205806173,2.67764848887723,2.60196480630903,2.54436540277805,2.55713788988791,2.57501349304685,2.60088980926016,2.61270084950073,2.6054567960373,2.61296892671074,2.64928126415079,2.72209609231241,2.86584676620236,3.04584730888031,3.22369713837858,3.4144665484061,3.62770414102222,3.90830613212862,4.18953514041116,4.18953514041116,95.78,287,1.6451697376331,2.74116205806173,2.55713788988791,2.61296892671074,3.22369713837858,4.18953514041116,19,4,4.18953514041116,2.54436540277805,2.96769931085299,1.52764450691406,3.48633646156842,2.63892624700207,-0.0835653162241597,0.56,3.80104976747867,0.0467965770855292,-1.67246189769061,-1.62566532060509,0.26,"learner",11.2
"马艾琳","Tone2","gé","马艾琳_Tone2_gé",2.75625368584296,2.72209609231241,2.65911048169954,2.58041652507201,2.47333121679751,2.40846758195661,2.37667444939395,2.34551081064937,2.32328307796673,2.34039095045378,2.41155067200899,2.476646959236,2.54082625642122,2.65380002452013,2.79428074063554,2.94653240985261,3.10422090976586,3.31927680256406,3.58502468658127,3.83079074476578,95.78,287,1.50750766679906,2.75625368584296,2.47333121679751,2.34039095045378,2.79428074063554,3.83079074476578,20,9,3.83079074476578,2.32328307796673,2.69941097852044,0.913188302970203,3.76351339609863,2.7092458419575,-0.829179622385108,0.55,3.23313844356732,0.456048792311809,-1.4549122996053,-0.998863507293485,0.4,"learner",11
"马艾琳","Tone2","jú","马艾琳_Tone2_jú",4.36587215504454,4.16614752712431,4.20921679290818,4.24907569107744,4.2781847129978,4.27036594580585,4.28023026999769,4.29952482798964,4.30433572726104,4.28208907065228,4.272042525851,4.28171737118471,4.26197377872271,4.21846049542859,4.19105213587904,4.17833167270092,4.31523396144342,4.54845194662713,4.54845194662713,4.54845194662713,95.78,287,0.382304419502829,4.36587215504454,4.2781847129978,4.28208907065228,4.19105213587904,4.54845194662713,18,2,4.54845194662713,4.16614752712431,4.297501636255,0.191521756831486,0.679313328048285,4.27633532977738,-0.0418009908415359,0.79,1.79050447919341,0.0330227827648137,-0.376005940630616,-0.342983157865803,0.39,"learner",15.8
"马艾琳","Tone3","bǎ","马艾琳_Tone3_bǎ",2.27330385515565,2.0915244975448,1.94646680765159,1.80528837867257,1.77155713676393,1.76574947986375,1.71706226488466,1.69776847922064,1.68234017149882,1.72586444772152,1.76865423368944,1.8241331086163,1.9031299246634,1.9921610119496,2.13668665151797,2.36310197621399,2.64156243184352,2.99411878567509,3.32638801377834,4.36495978420998,95.78,287,2.68261961271116,2.27330385515565,1.77155713676393,1.72586444772152,2.13668665151797,4.36495978420998,20,9,4.36495978420998,1.68234017149882,2.13889457847972,1.43695113746292,5.77940026778415,1.96349805100199,-0.319056699524471,0.71,7.79479274180834,0.226530256662374,-2.26048989512442,-2.03395963846204,0.51,"learner",14.2
"马艾琳","Tone3","bǐ","马艾琳_Tone3_bǐ",2.64449180438702,2.43056360067742,2.35459860267199,2.27647974758386,2.26144689615982,2.20931663243271,2.18582392825788,2.20433455843024,2.17019303421803,2.14857551264795,2.15984126776381,2.19347235217136,2.22130985659483,2.22393829524287,2.24113171914916,2.35317982950907,2.51789141308549,2.74611137493185,3.0326645457879,3.34012019744345,95.78,287,1.1915446847955,2.64449180438702,2.26144689615982,2.14857551264795,2.24113171914916,3.34012019744345,20,10,3.34012019744345,2.14857551264795,2.36810363140666,0.48845539409076,3.15445148377759,2.41812326958082,-0.456237976828833,0.72,4.1650735698942,0.32849134331676,-1.16622059957038,-0.837729256253617,0.42,"learner",14.4
"马艾琳","Tone3","bǒ","马艾琳_Tone3_bǒ",5,2.1470911004818,2.03222772302014,1.92375855362022,1.85177966188632,1.81647685773812,1.74893009944593,1.74406679399793,1.73757430095588,1.74536418312075,1.74147090689899,1.79022049790165,1.85241324639872,1.90093655138429,2.02460855969853,2.22685700528584,2.60062102036174,3.15710071324544,3.59562406013764,3.59562406013764,95.78,287,3.26242569904412,5,1.85177966188632,1.74536418312075,2.02460855969853,3.59562406013764,1,9,5,1.73757430095588,2.23702671488502,0.448186903043003,8.50560610869825,4.64215363587534,-33.052572900366,0.1,1.79492478345535,3.3052572900366,-1.61543230510981,1.68982498492679,0.48,"learner",2
"马艾琳","Tone3","bǔ","马艾琳_Tone3_bǔ",2.46059846937453,2.36564989662038,2.31956789000007,2.22948224662686,2.21370806045584,2.15243272240433,2.18022656450681,2.18935556558058,2.13192240694685,2.09332758689803,2.10982273983789,2.18964974515914,2.29462642508627,2.42693490507273,2.62287671104876,2.80148814181064,3.12247514225114,3.47698699732496,3.93906697760757,4.54020591582622,95.78,287,2.44687832892819,2.46059846937453,2.21370806045584,2.09332758689803,2.62287671104876,4.54020591582622,20,10,4.54020591582622,2.09332758689803,2.54633862247521,1.5481913250589,5.3217061673314,2.3364969890306,-0.358692231415153,0.66,6.47988601943553,0.236736872734001,-2.20316124660808,-1.96642437387408,0.54,"learner",13.2
"马艾琳","Tone3","jǔ","马艾琳_Tone3_jǔ",2.95499545924422,2.65804888532466,2.52035424722405,2.41827018095822,2.4611528076428,2.46945979831392,2.50528276070091,2.51049491277033,2.51679639265812,2.563104220316,2.65831430760904,2.79891537861546,2.99658367765323,3.26918509849781,3.57461766299188,3.84369960150197,3.9910667428741,4.30359591947808,4.30359591947808,4.30359591947808,95.78,287,1.88532573851986,2.95499545924422,2.4611528076428,2.563104220316,3.57461766299188,4.30359591947808,18,4,4.30359591947808,2.41827018095822,3.04582158222371,1.92380644946399,4.01678001848349,2.69994218028965,-0.671887677398105,0.45,3.87326825536022,0.302349454829147,-2.13029754044812,-1.82794808561897,0.46,"learner",9
"魏云姗","Tone2","bá","魏云姗_Tone2_bá",3.07588067755894,2.83653662200342,2.68520527857441,2.60093687233258,2.56295625645326,2.51991799021931,2.4797007681721,2.4797007681721,2.48749502837772,2.49291800218032,2.49809800066068,2.55090792550646,2.62422831334715,2.71910962069739,2.91455097827275,3.10027690507338,3.31253272242125,3.52513910349956,3.73896671306341,3.88999347806565,84.42,312.53,1.41029270989355,3.07588067755894,2.56295625645326,2.49291800218032,2.91455097827275,3.88999347806565,20,7,3.88999347806565,2.4797007681721,2.81975157580469,0.924505008477124,3.99011689878055,2.84898904686681,-0.910619173728161,0.55,3.36795942620703,0.500840545550489,-1.51558174179316,-1.01474119624267,0.4,"learner",11
"魏云姗","Tone2","bí","魏云姗_Tone2_bí",2.90102355741243,2.75821480430948,2.65777320080756,2.51804589371556,2.42948525461376,2.42109146341088,2.39845642448476,2.35620028896309,2.3717971732602,2.40473060996506,2.42181165436467,2.42612995106959,2.45169955476851,2.49173974954477,2.59291187316977,2.7775089467942,2.91138478427512,3.05010602110308,3.27374277320878,3.43433594249376,84.42,312.53,1.07813565353067,2.90102355741243,2.42948525461376,2.40473060996506,2.59291187316977,3.43433594249376,20,8,3.43433594249376,2.35620028896309,2.62441781891657,0.522578742194719,3.19105119740046,2.71782459224419,-0.735760399425367,0.6,2.76840848322688,0.44145623965522,-1.10736339329075,-0.665907153635533,0.41,"learner",12
"魏云姗","Tone2","bó","魏云姗_Tone2_bó",2.99141751865988,2.79975134949119,2.72864662754358,2.67218836070385,2.63082454424833,2.55902155840048,2.4747324913978,2.39192999858207,2.32899751641883,2.34960120567092,2.37155396103337,2.35571185873106,2.35180216700418,2.48560697059089,2.62400065383163,2.76238884181535,2.96464816358557,3.26855371263349,3.55665783557699,3.67397356825501,84.42,312.53,1.34497605183618,2.99141751865988,2.63082454424833,2.34960120567092,2.62400065383163,3.67397356825501,20,9,3.67397356825501,2.32899751641883,2.68108611449195,0.567802229006511,4.10563370171228,2.8593391252769,-1.04713579660647,0.62,3.82198728569599,0.649224193896009,-1.45235516856448,-0.803130974668468,0.42,"learner",12.4
"魏云姗","Tone2","bú","魏云姗_Tone2_bú",2.55624168234856,2.50256598996314,2.55044376841726,2.51827995595878,2.46168963139975,2.42013099754638,2.39555716724146,2.39144611577194,2.43116180186009,2.44717163733832,2.46548851327359,2.53276387717844,2.69996387841122,2.88723556262482,3.13190037125481,3.33735716089963,3.4656965543327,3.52675718167671,3.62698848856113,3.57604835382245,84.42,312.53,1.23554237278919,2.55624168234856,2.46168963139975,2.44717163733832,3.13190037125481,3.57604835382245,19,8,3.62698848856113,2.39144611577194,2.77311225180879,1.23997648689382,2.63706882612086,2.54284911606268,-0.323787533752413,0.49,2.71686472861526,0.158655891538682,-1.38560101159378,-1.2269451200551,0.41,"learner",9.8
"魏云姗","Tone2","gé","魏云姗_Tone2_gé",3.13628294800104,2.83028649381604,2.66048019005945,2.62081199518284,2.59153446467909,2.55392357265945,2.51757772619987,2.48348178954056,2.45764917569436,2.38878366413659,2.36473772423221,2.38369564323861,2.3807851571249,2.436187033244,2.62263441174287,2.87019711850124,3.08799745502426,3.3241122668164,3.59392828065534,3.61681954806518,84.42,312.53,1.25208182383297,3.13628294800104,2.59153446467909,2.38878366413659,2.62263441174287,3.61681954806518,20,11,3.61681954806518,2.36473772423221,2.7102902249253,0.578493715721895,4.08178231261719,2.87982553117013,-1.02445850925225,0.62,3.80852675375014,0.635164275736398,-1.44724016642505,-0.812075890688657,0.45,"learner",12.4
"魏云姗","Tone2","jú","魏云姗_Tone2_jú",3.02025882470403,2.74610629022812,2.80062096712387,2.73174656857576,2.67758005226859,2.5862497929808,2.50867162437451,2.48961797854227,2.44383183947665,2.42373150003365,2.39652383083602,2.4064180545308,2.38926788429688,2.40834565030246,2.46667488951825,2.57335211287539,2.81753906208763,3.23339048959681,3.37363914315134,3.37363914315134,84.42,312.53,0.984371258854463,3.02025882470403,2.67758005226859,2.42373150003365,2.46667488951825,3.37363914315134,19,13,3.37363914315134,2.38926788429688,2.66341911985621,0.306042386066965,3.4132928187264,2.86992540701903,-0.899417771550612,0.67,3.63507896072695,0.60260990693891,-1.19957605703989,-0.596966150100984,0.44,"learner",13.4
"魏云姗","Tone3","bǎ","魏云姗_Tone3_bǎ",2.84428120213089,2.68273995881189,2.59474764557944,2.58348966797673,2.51101734924984,2.42948525461376,2.36132503944444,2.32948937412111,2.29490547277919,2.25399062855699,2.25022645071313,2.26801087755048,2.31075411613522,2.40882739730347,2.60688740578828,2.81927002233903,3.03909380477884,3.21002761463701,3.32505985515242,3.39416485745966,84.42,312.53,1.14393840674654,2.84428120213089,2.51101734924984,2.25399062855699,2.60688740578828,3.39416485745966,20,11,3.39416485745966,2.25022645071313,2.59396407785921,0.59515817170618,3.63952089624415,2.74666504492228,-1.05530674373881,0.57,3.06442813894767,0.601524843931122,-1.3177040997475,-0.716179255816376,0.52,"learner",11.4
"魏云姗","Tone3","bǐ","魏云姗_Tone3_bǐ",2.94899791019502,2.76940850675508,2.64715231766335,2.48725907218138,2.39604052961582,2.33096456735799,2.30259037092393,2.21567422234263,2.23563663021952,2.29689015282874,2.34764373043493,2.33194771312058,2.319886706991,2.38127039216391,2.41340096626402,2.46382696728933,2.54835436330546,2.67038943774175,2.81255817783609,3.19927169045667,84.42,312.53,0.983597468114042,2.94899791019502,2.39604052961582,2.29689015282874,2.41340096626402,3.19927169045667,20,8,3.19927169045667,2.21567422234263,2.48001490582729,0.136151851741878,2.95753796210611,2.86372076581578,-1.89851581737791,0.4,1.27617681510604,0.759406326951165,-0.765706089063623,-0.00629976211245875,0.5,"learner",8
"魏云姗","Tone3","bǒ","魏云姗_Tone3_bǒ",2.79757643891123,2.74566525659149,2.60208192579862,2.44597918755824,2.30407598651412,2.22453120020198,2.21592756404378,2.19764388063583,2.26325977269626,2.32727551556048,2.34176527915006,2.36400669124951,2.41364152880319,2.46168963139975,2.33268490642758,2.45527043918344,2.73019691250999,3.04419599979332,3.30149001413894,3.43728121082736,84.42,312.53,1.23963733019153,2.79757643891123,2.30407598651412,2.32727551556048,2.33268490642758,3.43728121082736,20,8,3.43728121082736,2.19764388063583,2.51894548146617,0.538336123513958,3.57577936222887,2.55691299189992,-0.432031326392581,0.73,4.61090673384381,0.315382868266584,-1.24494481813783,-0.929561949871244,0.55,"learner",14.6
"魏云姗","Tone3","bǔ","魏云姗_Tone3_bǔ",2.88191920799458,2.65619323742564,2.56711799461518,2.45003199901404,2.42756829919055,2.39966379920306,2.42013099754638,2.41724815016263,2.463114654858,2.50562002701969,2.52646311233845,2.51593868790348,2.47189057222931,2.4566978588324,2.49456694555845,2.44168328362493,2.61237199085024,2.88383394811737,3.08678750532103,3.08678750532103,84.42,312.53,0.687123706117965,2.88191920799458,2.42756829919055,2.50562002701969,2.49456694555845,3.08678750532103,19,6,3.08678750532103,2.39966379920306,2.5698717199035,0.282737826708502,2.09871366062138,2.60058183139532,-0.246671499996913,0.77,3.31395759996871,0.189937054997623,-0.762210247992804,-0.572273192995181,0.52,"learner",15.4
"魏云姗","Tone3","gě","魏云姗_Tone3_gě",2.81255817783609,2.73705490757754,2.59474764557944,2.5196840283243,2.37349922541121,2.26701113589614,2.24344156936724,2.247966162323,2.29167816685772,2.33538673204954,2.29912168604736,2.32382918334114,2.32407545306623,2.44741008263283,2.82769723964589,3.13588473963631,3.34792011050037,3.51775917299514,3.69467175140549,3.72107115539958,84.42,312.53,1.47762958603234,2.81255817783609,2.37349922541121,2.33538673204954,2.82769723964589,3.72107115539958,20,7,3.72107115539958,2.24344156936724,2.66417709035066,1.04934863626505,4.4398811576121,2.68984240021636,-0.987804751554215,0.56,3.92375714714715,0.553170660870361,-1.72645314474475,-1.17328248387438,0.52,"learner",11.2
"魏云姗","Tone3","jǔ","魏云姗_Tone3_jǔ",2.95359530038165,2.74036887745611,2.83114918867956,2.75271569179524,2.57773299423373,2.43738254317128,2.34397075860671,2.32235123148903,2.15566810781497,2.16209672640909,2.79082633609047,2.83976543872802,2.29068460086228,2.34813319328901,2.37447148625623,2.44788692857521,2.5385886668762,2.63468601139864,2.6274141227742,2.95192416223964,84.42,312.53,0.797927192566681,2.95359530038165,2.57773299423373,2.16209672640909,2.37447148625623,2.95192416223964,1,9,2.95359530038165,2.15566810781497,2.53798402355322,-0.101789459712405,2.0618718075586,2.94334877442542,-1.7566737849951,0.38,0.719471648163465,0.667536038298139,-0.446072421861348,0.22146361643679,0.54,"learner",7.6
