Speaker,Tone,vowel/lable,token_id,F0_1,F0_2,F0_3,F0_4,F0_5,F0_6,F0_7,F0_8,F0_9,F0_10,F0_11,F0_12,F0_13,F0_14,F0_15,F0_16,F0_17,F0_18,F0_19,F0_20,spk_min,spk_max,f0range,f0onset,f025,f050,f075,f0offset,max_pos,min_pos,f0_max,f0_min,mean,slope,curve,BLstart,BLslope1,BLbreakpoint,BLslope2,onglide,offglide,overall,Duration,Group,Location
Speaker001,Tone2,a,Speaker001_Tone 2_a,3.07018657177884,2.73576082332527,2.48015086722092,2.35581363387722,2.32995333459628,2.31579420281443,2.31082721288815,2.31368787683383,2.33356298024977,2.37333001194297,2.42909596826992,2.4959997619262,2.57162623100645,2.66291441497571,2.77480409536526,2.90463727147042,3.04828517768318,3.15185312431767,3.13293524491955,2.96869440486969,83.88619185,381.4703591,0.841025911429522,3.07018657177884,2.32995333459628,2.37333001194297,2.77480409536526,2.96869440486969,18,7,3.15185312431767,2.31082721288815,2.61547794112732,0.552160982102328,2.56702001037651,2.97142731803788,-3.616489759,0.23,1.28022517648592,0.831792644614011,-0.985773386,-0.153980741,0.229356298,native,4.6
Speaker001,Tone2,e,Speaker001_Tone 2_e,3.12015724313616,3.14411464247542,3.11569835994491,3.04394129308851,2.93181329964152,2.82282958974446,2.85024768758812,2.90070581202295,2.95990275079165,3.02687726857844,3.10229935301941,3.18654577368722,3.27828906649566,3.38301893937539,3.4878150878619,3.58685869689745,3.64617789713964,3.63523515352926,3.54851551229297,3.36591108584033,83.88619185,381.4703591,0.823348307395183,3.12015724313616,2.93181329964152,3.02687726857844,3.4878150878619,3.36591108584033,17,6,3.64617789713964,2.82282958974446,3.19709440245171,0.667561437079741,1.11187884546781,3.1883236128659,-1.214515519,0.28,1.15115411351181,0.34006434528637,-0.828830962,-0.488766616,0.166797921,native,5.6
Speaker001,Tone2,i,Speaker001_Tone 2_i,1.74143943090081,1.12310705757078,0.611451250944489,0.431725718599373,0.76852136950039,1.25918891051667,1.82684406595125,2.32372145030956,2.66569393543907,2.89228262203043,3.03013863338798,3.13995342031399,3.2494573006506,3.35840973895042,3.46819622427363,3.57353901231285,3.6651707463162,3.73362999971755,3.8234053106182,3.91802829972437,83.88619185,381.4703591,3.48630258112499,1.74143943090081,0.76852136950039,2.89228262203043,3.46819622427363,3.91802829972437,20,4,3.91802829972437,0.431725718599373,2.54046772374329,3.48248941035429,-1.171064868,1.68187042257483,-8.227124823,0.1,3.95321846683139,0.822712482333493,-3.55789662,-2.735184138,0.211713505,native,2
Speaker001,Tone2,o,Speaker001_Tone 2_o,3.45331869594961,2.8669760685163,2.28480889316751,2.19168782865389,2.19000394680093,2.17121672791415,2.14092567652168,2.12001263905965,2.12010739392965,2.15363183015701,2.21315886637573,2.30030942335177,2.41561783900397,2.54556528705883,2.70287092582435,2.89964045200821,3.14890656678341,3.4151280950257,3.58923852468106,3.54106835168843,83.88619185,381.4703591,1.46922588562142,3.45331869594961,2.19000394680093,2.15363183015701,2.70287092582435,3.54106835168843,19,8,3.58923852468106,2.12001263905965,2.57829828189448,0.869226608197623,5.11990184911894,3.05288435329692,-3.685570919,0.34,2.63037952730562,1.25309411236533,-1.736050488,-0.482956376,0.275227557,native,6.8
Speaker001,Tone2,u,Speaker001_Tone 2_u,2.96277450205724,2.82624997420047,2.72917145473686,2.67831589590082,2.67756960259393,2.735432605,2.80351007095865,2.87836251071929,2.95622807382389,3.03227625415388,3.10851640582468,3.18671122640048,3.26865505847035,3.35704178108417,3.46175932535778,3.58157111377163,3.62814856639182,3.63903809654633,3.70831505513881,3.81820403294896,83.88619185,381.4703591,1.14063443035504,2.96277450205724,2.67756960259393,3.03227625415388,3.46175932535778,3.81820403294896,20,5,3.81820403294896,2.67756960259393,3.14164157818208,1.14741318896799,1.16861424435002,2.94350607177023,-1.846370911,0.18,1.47972242375857,0.332346763910582,-1.213372387,-0.881025624,0.155432772,native,3.6
Speaker001,Tone2,y,Speaker001_Tone 2_y,2.88322684214088,2.68330840217436,2.56647271362877,2.53511724287379,2.57720454454998,2.63256802695561,2.69364579122391,2.75590946142954,2.82024581531899,2.88730821716375,2.95419581091788,3.03395407294281,3.13584116417456,3.26258613593466,3.41284374640074,3.56654404185289,3.70240872622423,3.85788119508027,4.03564891356232,4.17238960042565,83.88619185,381.4703591,1.63727235755186,2.88322684214088,2.57720454454998,2.88730821716375,3.41284374640074,4.17238960042565,20,4,4.17238960042565,2.53511724287379,3.08814074826232,1.52178952635712,2.31696734845618,2.69280983388582,-0.152374351,0.39,2.40509826328445,0.0594259969032853,-1.467109941,-1.407683944,0.193214869,native,7.8
Speaker001,Tone3,a,Speaker001_Tone 3_a,2.58778952949394,2.01052648170434,1.76100445716934,1.56909208500025,1.36685467135582,1.13106472379743,0.93412680299925,0.912904913061073,1.00650275335897,1.1143240788919,1.21886481292101,1.32019642922045,1.41851009645629,1.51503221704926,1.62301470181532,1.763713071,1.96391982714525,2.18927976777161,2.32733843966469,2.32479839797111,83.88619185,381.4703591,1.67488461643287,2.58778952949394,1.36685467135582,1.1143240788919,1.62301470181532,2.32479839797111,1,8,2.58778952949394,0.912904913061073,1.55547723834765,0.40541199810914,5.41108689765287,2.37673031270549,-4.740708214,0.34,2.39520508550211,1.61184079274102,-1.580835356,0.0310054363096262,0.412841336,native,6.8
Speaker001,Tone3,e,Speaker001_Tone 3_e,4.75783281816584,5,4.87297587229025,4.55035885194799,4.19276500937155,3.79167757408946,3.33503218918749,2.80492404616144,2.17309897389602,1.45865618215576,0.8044399737871,0.382100115088843,0.14458210688395,0,0.0811070489873393,0.648446759036705,1.49452941574106,2.11064983991047,2.48043836598523,2.9213259941091,83.88619185,381.4703591,5,4.75783281816584,4.19276500937155,1.45865618215576,0.0811070489873393,2.9213259941091,2,14,5,0,2.29634355540618,-3.913480484,11.8449991634305,5.60003960198828,-8.37203172,0.7,11.146971387526,5.86042220408579,-3.344091416,2.51633078782797,0.346153415,native,14
Speaker001,Tone3,i,Speaker001_Tone 3_i,2.97432030086543,2.4735246670744,2.27913325857951,2.18716434042034,2.04880433446496,1.89993018293917,1.7729974213355,1.66562580127212,1.59775227396248,1.6109952600305,1.67991362625431,1.72844802803937,1.73723600192107,1.74051795596411,1.77608685492265,1.87414877318881,2.01327073767236,2.14245265873525,2.23707403300124,2.40136388945237,83.88619185,381.4703591,1.37656802690295,2.97432030086543,2.04880433446496,1.6109952600305,1.77608685492265,2.40136388945237,1,9,2.97432030086543,1.59775227396248,1.95728019804989,-0.309439417,3.96239170285952,2.74553677409463,-3.170421808,0.4,1.29356995645273,1.26816872305701,-0.776141974,0.49202674918537,0.370082886,native,8
Speaker001,Tone3,u,Speaker001_Tone 3_u,3.00495661242227,2.57640344296464,2.48165821580083,2.45349122496141,2.38597389983099,2.27816030441998,2.10023117752185,1.86737281926296,1.6869764436665,1.6101166946528,1.56804095842046,1.53418378863053,1.5554369006607,1.64699567264751,1.79000823379319,1.96744115756495,2.14267497146599,2.2816178779848,2.75664891315339,3.54442672932363,83.88619185,381.4703591,2.0102429406931,3.00495661242227,2.38597389983099,1.6101166946528,1.79000823379319,3.54442672932363,20,12,3.54442672932363,1.53418378863053,2.10925344516094,-0.113673168,5.97215867480429,2.80290041790232,-2.266853434,0.66,5.45500859948933,1.49612326663968,-1.854702924,-0.358579657,0.395198543,native,13.2
Speaker001,Tone3,y,Speaker001_Tone 3_y,2.17951955896901,2.14833997249179,2.13385015748809,2.02946360008843,1.9119027477832,1.82995032293327,1.78651055479987,1.71220308859736,1.58306985114052,1.47463110626884,1.44857832882799,1.54061221608271,1.68584117596587,1.85168138845426,2.11785656686483,2.43570592061845,2.71048395002049,2.85962468116244,2.85859187292089,2.84884751556485,83.88619185,381.4703591,1.41104635233445,2.17951955896901,1.9119027477832,1.47463110626884,2.11785656686483,2.84884751556485,18,11,2.85962468116244,1.44857832882799,2.01883813550922,0.757933536760412,4.39186064109449,2.23719110450698,-1.507930294,0.54,3.60627887547844,0.814282358975433,-1.658888283,-0.844605924,0.522226647,native,10.8
Speaker002,Tone2,a,Speaker002_Tone 2_a,3.22412324181171,3.20288084624766,3.16526762894703,3.11972809776184,3.07860913728362,3.04854123765084,3.03032703187097,3.02260029522206,3.02239309646278,3.03226645680734,3.05370079874337,3.08799957284754,3.13410836154933,3.18622577764329,3.24456419767499,3.31270490223462,3.39629156768176,3.51095273391017,3.63066838243615,3.70547133186896,81.62984368,259.6416065,0.683078235406182,3.22412324181171,3.07860913728362,3.03226645680734,3.24456419767499,3.70547133186896,20,9,3.70547133186896,3.02239309646278,3.19501841948991,0.448642126964422,1.76162094908907,3.20371113933698,-0.460147949,0.51,1.4108904431797,0.234675454225172,-0.691336317,-0.456660863,0.218159007,native,10.2
Speaker002,Tone2,e,Speaker002_Tone 2_e,4.35636637313759,4.11619347644908,3.85265459465079,3.62651264038734,3.48944021202338,3.42073389382438,3.37851361587056,3.35292277497528,3.33953797069421,3.3340942570556,3.33669073497884,3.34990116174295,3.37599474739871,3.42068036535537,3.48622025580921,3.5752834097221,3.691732279,3.8294854145718,4.01619004610719,4.23825145526113,81.62984368,259.6416065,1.02227211608199,4.35636637313759,3.48944021202338,3.3340942570556,3.48622025580921,4.23825145526113,1,10,4.35636637313759,3.3340942570556,3.59570247698733,-0.020943694,3.83809579631258,4.2091329960154,-2.781596808,0.39,1.43560966296299,1.08482275496746,-0.875721894,0.209100860560031,0.241673152,native,7.8
Speaker002,Tone2,i,Speaker002_Tone 2_i,3.70784179748737,3.55425148414972,3.37955337974565,3.22932817628857,3.14965355237829,3.13796709906389,3.1526968859199,3.17829660923279,3.21110229980108,3.24902208629945,3.29051820007251,3.33171010395917,3.36786349943516,3.40116770578408,3.43906813045765,3.49378322241126,3.57276853331257,3.70490617419239,3.9330254906337,4.18316060352916,81.62984368,259.6416065,1.04519350446527,3.70784179748737,3.14965355237829,3.24902208629945,3.43906813045765,4.18316060352916,20,6,4.18316060352916,3.13796709906389,3.41038441091286,0.491443105032142,2.62198185061338,3.65800442953279,-2.253538346,0.29,1.2495948867502,0.653526120309981,-0.88721237,-0.233686249,0.227303397,native,5.8
Speaker002,Tone2,o,Speaker002_Tone 2_o,3.6466200854624,3.53105530375397,3.39276962097427,3.2868715947025,3.22898499394108,3.1960867466634,3.16900714820319,3.13540985654125,3.1004806791522,3.07461957755179,3.06010210408705,3.06260394810859,3.09158760501345,3.15154282481199,3.23028383842407,3.32254295165544,3.43249864248047,3.56984948558457,3.76077697972804,3.90927870748993,81.62984368,259.6416065,0.849176603402876,3.6466200854624,3.22898499394108,3.07461957755179,3.23028383842407,3.90927870748993,20,11,3.90927870748993,3.06010210408705,3.29273468439863,0.204464772472588,2.84019033623557,3.51185461554715,-0.937301067,0.6,2.24223948285871,0.562380640280229,-0.896895793,-0.334515153,0.351405826,native,12
Speaker002,Tone2,u,Speaker002_Tone 2_u,3.02054506112989,3.12468873567694,3.14453645440828,3.10557197914575,3.0864252623288,3.0919399331891,3.10971610377687,3.14055393128728,3.18153060546645,3.23110166676811,3.28658195350707,3.34463732995688,3.41072242781474,3.49328175585422,3.60316413445943,3.73590505560828,3.88002964972751,4.02665671392781,4.14462724684715,4.19959784590242,81.62984368,259.6416065,1.17905278477254,3.02054506112989,3.0864252623288,3.23110166676811,3.60316413445943,4.19959784590242,20,1,4.19959784590242,3.02054506112989,3.40322528820812,1.13380870365463,1.69465607093714,3.05013198786107,0.334030377154477,0.55,2.19870769198522,-0.183716707,-0.989418461,-1.173135169,0.262574614,native,11
Speaker002,Tone2,y,Speaker002_Tone 2_y,4.06733529667507,3.86141119081882,3.68619573712143,3.59260741440358,3.54267029846147,3.50749085022666,3.48363574474192,3.47383129077099,3.47254051875844,3.47638312964893,3.48772501122975,3.5149993131522,3.56299147588595,3.62451505443118,3.70538289997634,3.81458523165097,3.95897898342196,4.11691835950298,4.28412602798281,4.41227525886356,81.62984368,259.6416065,0.939734740105121,4.06733529667507,3.54267029846147,3.47638312964893,3.70538289997634,4.41227525886356,20,9,4.41227525886356,3.47254051875844,3.70582998239163,0.447234975961782,3.02099680738686,3.87759858457646,-1.11028419,0.5,2.00475414157309,0.555142094824764,-1.002377071,-0.447234976,0.295233148,native,10
Speaker002,Tone3,a,Speaker002_Tone 3_a,3.7916581937063,3.67412740556122,3.54022039,3.40968862291365,3.2955907294787,3.19600527287577,3.10122095242998,3.02232624788877,2.95179779000773,2.88760431337129,2.82914476796688,2.77355206420381,2.72047999498127,2.67299063251889,2.63254137341932,2.59970083789378,2.57382616829433,2.58796204003188,2.64684094327294,2.74221645023072,81.62984368,259.6416065,1.21783202541197,3.7916581937063,3.2955907294787,2.88760431337129,2.63254137341932,2.74221645023072,1,17,3.7916581937063,2.57382616829433,2.96843459157557,-1.14827649,1.60057914816864,3.71783747348753,-1.769250735,0.6,-0.039988284,1.06155044117669,0.0159953135490638,1.07754575472576,0.171130718,native,12
Speaker002,Tone3,e,Speaker002_Tone 3_e,4.36158469005776,4.24977390166494,4.014260931,3.73441290275103,3.49984768962335,3.30591798426142,3.10906764692956,2.78947424654679,2.26108693311361,1.51235595480199,0.764312639495158,0.270549847767276,0.0499049293591333,0,0.0201602722996867,0.0571709088527435,0.0931098775802675,0.119885554909932,0.511337240600178,1.60451252597628,81.62984368,259.6416065,4.36158469005776,4.36158469005776,3.49984768962335,1.51235595480199,0.0201602722996867,1.60451252597628,1,14,4.36158469005776,0,1.76127590553067,-4.733037186,6.28828883200062,4.81474829944495,-6.921602464,0.76,6.80854762843353,5.26041787237083,-1.634051431,3.62636644154678,0.29784583,native,15.2
Speaker002,Tone3,i,Speaker002_Tone 3_i,3.63936628292338,3.70146747678504,3.56238292939977,3.34634812243914,3.18944512993865,3.0638536055381,2.96184754539708,2.89398897509069,2.86538178914925,2.85600691293182,2.85218388427836,2.85311970354294,2.86165252965911,2.8784659981595,2.90573859977801,2.95147906480505,3.00492366286795,3.05343497354905,3.08393098958456,3.0900430216689,81.62984368,259.6416065,0.849283592506676,3.63936628292338,3.18944512993865,2.85600691293182,2.90573859977801,3.0900430216689,2,11,3.70146747678504,2.85218388427836,3.05950271544645,-0.540494624,2.42253926477683,3.73847979211985,-2.419491407,0.39,0.450886386038164,0.943601648858521,-0.275040695,0.668560953375241,0.342261437,native,7.8
Speaker002,Tone3,u,Speaker002_Tone 3_u,3.87446171659604,3.74203709000741,3.65779140188636,3.58133317739521,3.48009259432851,3.36200781288936,3.24387631629855,3.14427833762139,3.06526705465109,3.01393555523651,2.98939143856566,2.99480443021908,3.02085113411797,3.05763716533123,3.09249929237852,3.11811795685899,3.13745586022744,3.15582535329063,3.17975255742886,3.20756240967747,81.62984368,259.6416065,0.885070278030383,3.87446171659604,3.48009259432851,3.01393555523651,3.09249929237852,3.20756240967747,1,11,3.87446171659604,2.98939143856566,3.23748898533769,-0.629912279,2.10443400503939,3.85871580425912,-1.869685224,0.48,0.47583115963092,0.897448907705695,-0.247432203,0.650016704697617,0.301764854,native,9.6
Speaker003,Tone2,a,Speaker003_Tone 2_a,3.3452707221525,3.29826906965348,3.18842504881208,3.10207718268619,3.05513732972544,3.04393479735719,3.06735626240497,3.10734013347936,3.15348736740383,3.20763626920509,3.26714149821515,3.33627240951102,3.42937635104076,3.56993439340209,3.75544419174512,3.95011365986878,4.14360696739859,4.33679819803168,4.50302345533486,4.63181227374501,63.49367117,308.4001935,1.58787747638781,3.3452707221525,3.05513732972544,3.20763626920509,3.75544419174512,4.63181227374501,20,6,4.63181227374501,3.04393479735719,3.49628538209283,1.39535730025118,3.23047465410417,3.23160417331152,-0.313206909,0.5,3.10392150984908,0.15660345467336,-1.551960755,-1.3953573,0.405217601,native,10
Speaker003,Tone2,e,Speaker003_Tone 2_e,3.56289557710818,3.66639675730979,3.63399285146453,3.49777094594046,3.41368688810437,3.35877540852464,3.32584321456314,3.31341315016256,3.32185679147029,3.34977539969436,3.39538821224947,3.45464408481291,3.53246765320579,3.62884202022576,3.75361741882707,3.90346349831038,4.06794185660472,4.24204840686435,4.38070871928589,4.38342293734527,63.49367117,308.4001935,1.07000978718271,3.56289557710818,3.41368688810437,3.34977539969436,3.75361741882707,4.38342293734527,20,8,4.38342293734527,3.31341315016256,3.63444571781793,0.812396257430808,2.83881338357748,3.61987585445977,-0.736004071,0.5,2.36079658584371,0.368002035491048,-1.180398293,-0.812396257,0.309537161,native,10
Speaker003,Tone2,i,Speaker003_Tone 2_i,2.94592980878433,3.42170649337067,3.51396472606595,3.44516342353916,3.40357902867271,3.36127181501066,3.3245027050276,3.30761864796196,3.3166416497604,3.35197042474093,3.42187127938052,3.53226112868738,3.66381348251845,3.80539259485375,3.95471016510303,4.10399296990757,4.25147896118017,4.39484788297035,4.47929145891129,4.5080988679426,63.49367117,308.4001935,1.56216905915826,2.94592980878433,3.40357902867271,3.35197042474093,3.95471016510303,4.5080988679426,20,1,4.5080988679426,2.94592980878433,3.65867534086068,1.28949952969282,1.90722397390249,3.29935025709285,0.16711516850315,0.51,2.47790650036423,-0.085228736,-1.214174185,-1.299402921,0.340414786,native,10.2
Speaker003,Tone2,o,Speaker003_Tone 2_o,3.39045748714258,3.55663498759878,3.52331052793558,3.47069119771461,3.44042243611333,3.41439499725849,3.39052380061558,3.37697421426873,3.37868445021459,3.38963269325057,3.41117030959199,3.45680204729074,3.52781295593624,3.62268399675665,3.75287936386673,3.90726383453753,4.07065790361811,4.24051812990625,4.40027431280736,4.48255779986563,63.49367117,308.4001935,1.1055835855969,3.39045748714258,3.44042243611333,3.38963269325057,3.75287936386673,4.48255779986563,20,8,4.48255779986563,3.37697421426873,3.63852352098798,0.920946797823208,2.47309905122402,3.47727541200285,-0.155823065,0.59,2.73241491067561,0.0919356085651093,-1.120290113,-1.028354505,0.386551723,native,11.8
Speaker003,Tone2,u,Speaker003_Tone 2_u,4.07343002410803,3.64573862787611,3.48994102375121,3.43603343014044,3.39390831920908,3.37825635744323,3.3965560916078,3.45094659844679,3.52788204392073,3.6094826444156,3.69035215619703,3.78413308624034,3.90413469125169,4.04623399735842,4.20628481048575,4.38117640973198,4.55627722527088,4.72020142987489,4.87404818207162,4.93682867664186,63.49367117,308.4001935,1.55857231919863,4.07343002410803,3.39390831920908,3.6094826444156,4.20628481048575,4.93682867664186,20,6,4.93682867664186,3.37825635744323,3.89582760689605,1.3754060823453,3.33617402229807,3.87917679249748,-2.370157591,0.29,2.40991426510383,0.687345701397982,-1.711039128,-1.023693427,0.377647653,native,5.8
Speaker003,Tone2,y,Speaker003_Tone 2_y,4.20367967029618,3.93042028515315,3.76791657135635,3.71803423507981,3.69555749076439,3.66858819376542,3.63276103812397,3.61272130478714,3.62104462047881,3.65617430435793,3.7077506218845,3.77056096749472,3.84805389135759,3.93570001740069,4.02696079251547,4.12307009526588,4.22920618483872,4.34198261689736,4.43257355395239,4.39910569983578,63.49367117,308.4001935,0.819852249165254,4.20367967029618,3.69555749076439,3.65617430435793,4.02696079251547,4.39910569983578,19,8,4.43257355395239,3.61272130478714,3.89471099322459,0.560446847792156,2.43756105935168,4.02358752782992,-1.319706119,0.39,1.55243787371891,0.514685386399155,-0.946987103,-0.432301717,0.358931389,native,7.8
Speaker003,Tone3,a,Speaker003_Tone 3_a,3.47287909872582,3.45881100468433,3.27004165096291,3.07899130204067,2.93863766913505,2.81780249958581,2.67821497098776,2.531845528,2.31220854017098,1.90254743928939,1.57278023382113,1.72012816884492,2.28388534030744,2.79770225664329,3.03126535371045,3.1156895279514,3.16604562800604,3.20712994531397,3.10471787221235,2.89833659329442,63.49367117,308.4001935,1.90009886490469,3.47287909872582,2.93863766913505,1.90254743928939,3.03126535371045,2.89833659329442,1,11,3.47287909872582,1.57278023382113,2.723717322,-0.219836033,5.04629080411227,3.59646368702984,-3.187812152,0.52,3.10789476640328,1.65766231894571,-1.491789488,0.165872831072142,0.444548051,native,10.4
Speaker003,Tone3,e,Speaker003_Tone 3_e,4.16592659900936,3.72567761122919,3.39641936654488,3.18257533564094,2.92749423739514,2.39177537570426,1.52487552679921,0.737487845926683,0.301485409781848,0.0873967797431304,0.00164948185761059,0,0.0877479296133398,0.357318834833725,0.918562728880603,1.91457747922961,2.8058349179093,3.15469168850534,3.23382133874311,3.29208953825383,63.49367117,308.4001935,4.16592659900936,4.16592659900936,2.92749423739514,0.0873967797431304,0.918562728880603,3.29208953825383,1,12,4.16592659900936,0,1.77158144149621,-1.004297136,15.8219414153579,4.36506480601678,-8.85369652,0.55,9.44712069649582,4.86953308605704,-4.251204313,0.618328772633927,0.444825852,native,11
Speaker003,Tone3,i,Speaker003_Tone 3_i,4.17899198799244,3.90015813943369,3.72766265822731,3.58766687298707,3.45062635764615,3.29828314726614,3.14128276403371,3.01146014163789,2.88370212736994,2.67856651824915,2.29176653969314,1.89846300597097,1.92531545692883,2.47054110462218,3.0172855507267,3.25537189237434,3.32234934143781,3.34120802624185,3.3222642283426,3.4903942610678,63.49367117,308.4001935,2.28052898202147,4.17899198799244,3.45062635764615,2.67856651824915,3.0172855507267,3.4903942610678,1,12,4.17899198799244,1.89846300597097,3.05952841016378,-0.718553008,5.71591393815228,4.17133001506054,-3.462339789,0.58,3.63623712273286,2.00815707764546,-1.527219592,0.480937486097659,0.46759869,native,11.6
Speaker003,Tone3,u,Speaker003_Tone 3_u,4.05316360196281,3.54422407339176,3.49188927548566,3.43951305623898,3.37264690591752,3.30663937413127,3.22875506281112,3.14190721644289,3.05484495373847,2.97450938414792,2.94190021338231,2.92559154411224,2.92515124576675,2.95262108895409,3.03121491923074,3.16007077916695,3.30991000055546,3.46256392000222,3.56707892099938,3.65474313466937,63.49367117,308.4001935,1.12801235619606,4.05316360196281,3.37264690591752,2.97450938414792,3.03121491923074,3.65474313466937,1,13,4.05316360196281,2.92515124576675,3.24788056503283,-0.250863158,3.31356601157243,3.75442992828279,-1.606828933,0.6,2.16920641118717,0.96409735986011,-0.867682564,0.0964147953852419,0.556583177,native,12
Speaker003,Tone3,y,Speaker003_Tone 3_y,4.34009460548632,3.73427986697647,3.58857130431138,3.55053985736544,3.48668543100055,3.38508108126843,3.24100472165627,3.07796894072378,2.92132832890949,2.84861850963034,2.78620849467182,2.69780479359652,2.39497021446475,1.37783394469278,0.8006451891693,0.847863727192884,0.941791022404202,1.03734331066743,1.08054945515023,1.14725044588567,63.49367117,308.4001935,3.53944941631702,4.34009460548632,3.48668543100055,2.84861850963034,0.8006451891693,1.14725044588567,1,15,4.34009460548632,0.8006451891693,2.46882048090474,-3.534810604,-0.512865325,4.32698047746874,-3.848757685,0.86,0.860802642191361,3.30993160937089,-0.12051237,3.1894192394641,0.643596705,native,17.2
Speaker004,Tone2,a,Speaker004_Tone 2_a,1.09215073499872,0.975725727480098,0.915880756537305,0.891134072597294,0.888637261708655,0.886528276380196,0.887098272570805,0.896041590683569,0.920170150405388,0.963111662942949,1.03349367182151,1.13887150218286,1.28750341229603,1.48576044227339,1.72183816809441,1.97080003883363,2.19678066955321,2.45874390054278,2.80550692022808,3.22984888422153,79.14260609,175.3314681,2.34332060784133,1.09215073499872,0.888637261708655,0.963111662942949,1.72183816809441,3.22984888422153,20,6,3.22984888422153,0.886528276380196,1.39291648613888,1.97335582809217,4.48758944337631,0.95682677347209,-0.063120676,0.56,4.84680926093768,0.0353475785382076,-2.132596075,-2.097248496,0.219489987,native,11.2
Speaker004,Tone2,e,Speaker004_Tone 2_e,2.65666886358993,2.34212660220474,2.10302911391444,1.95285848243308,1.90498241615762,1.93472053543782,1.97946440682511,2.0423038541905,2.12498978521676,2.22577057756219,2.34658136245362,2.48952396774452,2.65256416093684,2.82451536259035,2.99259373664805,3.1424354684252,3.25758484708717,3.33709597611556,3.38788265603717,3.41753919985014,79.14260609,175.3314681,1.51255678369252,2.65666886358993,1.90498241615762,2.22577057756219,2.99259373664805,3.41753919985014,20,5,3.41753919985014,1.90498241615762,2.53033999651192,1.4431535560002,2.89805923753928,2.57009253446401,-3.589957545,0.23,2.32219768958706,0.825690235385984,-1.788092221,-0.962401986,0.16928749,native,4.6
Speaker004,Tone2,i,Speaker004_Tone 2_i,2.35885156720751,1.90535339644519,1.57583348769418,1.41542643583542,1.38844116266235,1.39363332374142,1.43698305565178,1.5216317309717,1.64474109747635,1.8024021445461,1.984910979,2.18607998330752,2.40354879321018,2.63362215576837,2.8711238187724,3.09630423271921,3.30618585577841,3.48238056316236,3.5132713903983,3.3805381927477,79.14260609,175.3314681,2.12483022773596,2.35885156720751,1.38844116266235,1.8024021445461,2.8711238187724,3.3805381927477,19,5,3.5132713903983,1.38844116266235,2.23021295775565,2.09430318719551,3.97292400874436,2.20447821588105,-4.455468219,0.24,3.3362991962066,1.0693123725158,-2.535587389,-1.466275017,0.222992487,native,4.8
Speaker004,Tone2,o,Speaker004_Tone 2_o,1.76984261249942,1.93476664651331,1.91696274251577,1.7849514678642,1.6997993605476,1.64217536592879,1.59597587728067,1.54348152162641,1.490287751,1.45376044624723,1.44684278399699,1.50071591913452,1.62783225249403,1.82837282567325,2.07465294849765,2.35886326788259,2.68075835240318,2.98517955057053,3.24454066878001,3.50271521477379,79.14260609,175.3314681,2.05587243077681,1.76984261249942,1.6997993605476,1.45376044624723,2.07465294849765,3.50271521477379,20,11,3.50271521477379,1.44684278399699,1.95921102316734,1.37249114002625,5.12006554111927,1.88792684781028,-0.823115168,0.6,5.29111512930891,0.493869101025123,-2.116446052,-1.622576951,0.31943447,native,12
Speaker004,Tone2,u,Speaker004_Tone 2_u,2.74670014335845,2.28662170188938,1.93649925066777,1.76975650916866,1.71863243557511,1.7060333911961,1.72520017621384,1.77500776307849,1.86009566304809,1.98306152282651,2.14195183624757,2.32803706833886,2.53267279409308,2.75137915632873,2.97451268884426,3.18517042978626,3.34795956734689,3.42047575139477,3.32691998490051,3.07615960620566,79.14260609,175.3314681,1.71444236019867,2.74670014335845,1.71863243557511,1.98306152282651,2.97451268884426,3.07615960620566,18,6,3.42047575139477,1.7060333911961,2.39929074917914,1.52576588618336,3.46008500447976,2.60738429345682,-4.907471824,0.23,2.64934526981026,1.12871851943021,-2.039995858,-0.911277338,0.239337486,native,4.6
Speaker004,Tone2,y,Speaker004_Tone 2_y,2.64475385543823,2.25979451100444,2.03532199935652,1.99425054071658,1.969473333,1.94770480044095,1.93536478708722,1.94353131455475,1.99384410516685,2.09117803725956,2.24191048911736,2.44758381091597,2.70056003013911,2.98224945875498,3.24424464736697,3.44701936457126,3.58575786592025,3.66678991025534,3.64878643915053,3.41097749451768,79.14260609,175.3314681,1.73142512316813,2.64475385543823,1.969473333,2.09117803725956,3.24424464736697,3.41097749451768,18,7,3.66678991025534,1.93536478708722,2.57999159651398,1.7697125518608,3.37020972749045,2.41767302531238,-1.948095434,0.33,3.11594870765417,0.642871493257823,-2.087685634,-1.444814141,0.284869983,native,6.6
Speaker004,Tone3,a,Speaker004_Tone 3_a,3.363457844,2.63007306432715,1.99792006959836,1.51133509479745,1.09436716035243,0.733765959241135,0.408986788150649,0.150407663949756,0,0.0496142340027794,0.190664706328412,0.249005142696078,0.273127972215846,0.318236194347114,0.492739883602921,0.808499820261485,1.24748870326755,1.88824973320566,2.62307268322609,3.22809275601306,79.14260609,175.3314681,3.363457844,3.363457844,1.09436716035243,0.0496142340027794,0.492739883602921,3.22809275601306,1,9,3.363457844,0,1.0491757459374,-0.17447662,12.9708661635907,2.98645760846455,-7.934284445,0.45,5.65342460249307,3.57042800046531,-3.109383531,0.461044469094123,0.585410471,native,9
Speaker004,Tone3,e,Speaker004_Tone 3_e,1.3836278432715,1.51968247165603,1.38472322642659,1.14947567308895,0.893601285518087,0.606454229284627,0.339219408440681,0.161839018737122,0.123043218593403,0.13681314386728,0.112854321473251,0.0877362673018351,0.135271556586507,0.314922338133094,0.606314102388528,0.913317186103558,1.21772927290731,1.55360085039786,1.90415880084628,2.16522421681649,79.14260609,175.3314681,2.07748794951466,1.3836278432715,0.893601285518087,0.13681314386728,0.606314102388528,2.16522421681649,20,12,2.16522421681649,0.0877362673018351,0.769286017014723,0.351281530514247,7.54616212180376,1.53784282675404,-3.146275293,0.56,5.28630859382665,1.76191416411964,-2.325975781,-0.564061617,0.48662876,native,11.2
Speaker004,Tone3,i,Speaker004_Tone 3_i,3.09979840967746,2.09858090736691,1.57097656717275,1.24232030938914,1.0240516467679,0.842923253281697,0.716829905371202,0.546422002230709,0.337188249219755,0.192180729716319,0.0614236031692265,0.0288900953570038,0.123849173656065,0.326569980623858,0.696313429755508,1.12003203841724,1.63907924824051,2.23463182571195,2.72061360076001,3.2355456366625,79.14260609,175.3314681,3.2066555413055,3.09979840967746,1.0240516467679,0.192180729716319,0.696313429755508,3.2355456366625,20,12,3.2355456366625,0.0288900953570038,1.0889506470494,0.315748698224587,11.8514837278905,2.27928046305521,-4.476596706,0.6,8.86892127390846,2.68595802330829,-3.54756851,-0.861610486,0.491517471,native,12
Speaker004,Tone3,u,Speaker004_Tone 3_u,2.24154215246996,2.08651639654531,1.78586874139089,1.52209719942579,1.33528447431222,1.19678928303936,0.984305780917294,0.771760497583523,0.522045711100428,0.376780910665551,0.352253760440254,0.347402890835443,0.361675803941243,0.440212720552762,0.680693320825095,1.13876252151566,1.6983087507448,2.21721197509491,2.83202047276858,3.51253421794718,79.14260609,175.3314681,3.16513132711174,2.24154215246996,1.33528447431222,0.376780910665551,0.680693320825095,3.51253421794718,20,12,3.51253421794718,0.347402890835443,1.23046642623217,0.462416879572805,10.230012627595,2.09057255538929,-3.227679233,0.66,10.0059610349202,2.13026829380687,-3.402026752,-1.271758458,0.601493176,native,13.2
Speaker004,Tone3,y,Speaker004_Tone 3_y,2.75153153528797,2.26681024026518,2.11350327392511,1.90273932692928,1.73832867798041,1.53012337915156,1.26874858949036,1.08036003361403,0.832200404994424,0.618670500912104,0.334353149656586,0.178833901298113,0.220191882552457,0.328615841791405,0.558107026181059,0.897988912889975,1.32346092309513,1.84128721963704,2.31853164060981,2.58940649343524,79.14260609,175.3314681,2.57269763398986,2.75153153528797,1.73832867798041,0.618670500912104,0.558107026181059,2.58940649343524,1,12,2.75153153528797,0.178833901298113,1.25591070868877,-0.641900621,8.98079904555407,2.57575855571938,-4.054648195,0.65,7.63916675462776,2.63552132661603,-2.673708364,-0.038187038,0.647728988,native,13
Speaker006,Tone2,a,Speaker006_Tone 2_a,3.34147629875911,2.80473062114928,2.5612082215335,2.48542220352763,2.45080792972833,2.46433893055192,2.52264230388346,2.55670335702974,2.56838277730036,2.60677139716376,2.6700816853223,2.76060100261461,2.87292786410163,2.99185989009385,3.11681005101665,3.24739787644378,3.38884603230911,3.54982673371223,3.7174463860693,3.8919450298095,88.78643145,340.3592519,1.44113710008118,3.34147629875911,2.45080792972833,2.60677139716376,3.11681005101665,3.8919450298095,20,5,3.8919450298095,2.45080792972833,2.8980814333252,1.03841716359177,3.4690081760108,3.1518195525662,-4.039895444,0.23,1.92535584157738,0.92917595211759,-1.482523998,-0.553348046,0.374356965,native,4.6
Speaker006,Tone2,e,Speaker006_Tone 2_e,2.93863829085432,2.97550737622603,2.93033269028867,2.82709987142376,2.73686477204963,2.66859812024613,2.61497199035747,2.57716711307599,2.56340196759623,2.57756564451365,2.6092942307448,2.6448874451779,2.68896900026843,2.76020725380339,2.87328458803529,3.02595950466245,3.19647200703104,3.35388140736292,3.40861222212705,3.33308628792515,88.78643145,340.3592519,0.845210254530818,2.93863829085432,2.73686477204963,2.57756564451365,2.87328458803529,3.33308628792515,19,9,3.40861222212705,2.56340196759623,2.84211647779362,0.469806063022493,2.63609169901768,2.97467028072623,-0.984045323,0.5,1.9236574492292,0.492022661592109,-0.961828725,-0.469806063,0.269095667,native,10
Speaker006,Tone2,i,Speaker006_Tone 2_i,3.44083422397005,3.21938729272287,3.12873302018718,3.0584493542312,2.99133965247627,2.93536386850044,2.89490678943462,2.87539722596397,2.88157725590263,2.91048213418953,2.95615483554234,3.0171627802207,3.09507407715197,3.20535834370148,3.3303488637421,3.44169145376875,3.57051344271966,3.72355229261672,3.90424300645647,3.95921562652928,88.78643145,340.3592519,1.08381840056531,3.44083422397005,2.99133965247627,2.91048213418953,3.3303488637421,3.95921562652928,20,8,3.95921562652928,2.87539722596397,3.19986697585158,0.704337502862811,3.0919423310805,3.30280430084301,-1.208431409,0.45,2.14089734166532,0.543794133884583,-1.177493538,-0.633699404,0.402717341,native,9
Speaker006,Tone2,o,Speaker006_Tone 2_o,3.48174414512668,3.15291756216707,3.01469206964739,2.97407520558894,2.92407776682601,2.86873606943678,2.8143553896389,2.78173250455377,2.78324650494083,2.79738858595884,2.80739482855944,2.81641362815896,2.83449408486759,2.87365285276809,2.93791293169649,3.02577498069416,3.13859112272484,3.28832918567782,3.48497063854408,3.69094284759173,88.78643145,340.3592519,0.909210343037963,3.48174414512668,2.92407776682601,2.79738858595884,2.93791293169649,3.69094284759173,20,8,3.69094284759173,2.78173250455377,2.99846560103537,0.262751431101198,2.97614604142741,3.21504069550975,-1.019326636,0.56,2.07175419489085,0.570822916381619,-0.911571846,-0.340748929,0.401876786,native,11.2
Speaker006,Tone2,u,Speaker006_Tone 2_u,2.41907065053302,2.61168172997438,2.71489997387707,2.74063174250072,2.74962055258934,2.77685769004453,2.81971082833666,2.85929531003898,2.88778452480345,2.93284868484914,3.00040057334475,3.04223936466577,3.04692234502456,3.04786724950346,3.08368985408397,3.1658615679094,3.29227442034853,3.45213076517594,3.63187390884428,3.70327368273268,88.78643145,340.3592519,1.28420303219966,2.41907065053302,2.74962055258934,2.93284868484914,3.08368985408397,3.70327368273268,20,1,3.70327368273268,2.41907065053302,2.99310953926288,1.00541755014486,0.665444413361319,2.5678260485817,0.762058405133994,0.79,2.67318064689385,-0.60202614,-0.561367936,-1.163394076,0.336721849,native,15.8
Speaker006,Tone2,y,Speaker006_Tone 2_y,2.81697463651932,2.95975178973512,2.97125853147096,2.91296664313218,2.87214702281204,2.85905942345934,2.85982756974941,2.87277157688988,2.90312999592037,2.93602272822965,2.95816688723869,2.97260504116578,3.00502318103613,3.07160651467665,3.17182305451747,3.29577337069783,3.42308543496743,3.60845072264073,3.86284339841776,4.08978238109015,88.78643145,340.3592519,1.27280774457082,2.81697463651932,2.87214702281204,2.93602272822965,3.17182305451747,4.08978238109015,20,1,4.08978238109015,2.81697463651932,3.10107732407876,0.93677677274413,2.28868350991279,2.86224072560371,0.185434477928202,0.7,3.47472102205323,-0.129804135,-1.042416307,-1.172220441,0.338329652,native,14
Speaker006,Tone3,a,Speaker006_Tone 3_a,3.53217050021605,3.36846098649365,3.16381125088281,2.93353218596272,2.75152538307803,2.55965934539827,2.24689492159506,1.76776079152846,1.16534010161244,0.646252801474205,0.435452489635233,0.369882263293477,0.186781946606607,0,0.415358132695756,1.53150675558063,2.35608942697351,2.63982585675422,2.7137702414698,2.8904158844137,88.78643145,340.3592519,3.53217050021605,3.53217050021605,2.75152538307803,0.646252801474205,0.415358132695756,2.8904158844137,1,14,3.53217050021605,0,1.78458770343952,-1.394840935,11.3016020221826,3.81027851102903,-5.95373401,0.65,9.66736038612769,3.86992710675481,-3.383576135,0.48635097161012,0.427649405,native,13
Speaker006,Tone3,e,Speaker006_Tone 3_e,3.27263703310711,3.34974433899727,3.17592438820928,2.99404411063697,2.82123522706846,2.64898378993113,2.51026902666211,2.27257453482674,1.77915194040398,1.16189844574119,0.829338263822639,1.14372957142449,1.86871173297342,2.39100244962848,2.54785583339101,2.56091395281757,2.57436407234035,2.601738473,2.65352995852229,2.65968846334477,88.78643145,340.3592519,2.52040607517464,3.27263703310711,2.82123522706846,1.16189844574119,2.54785583339101,2.65968846334477,2,11,3.34974433899727,0.829338263822639,2.33666309360522,-0.66309985,6.17922028639792,3.61104950353865,-4.333539669,0.52,3.45224176552365,2.25344062782589,-1.657076047,0.596364580374538,0.396009341,native,10.4
Speaker006,Tone3,i,Speaker006_Tone 3_i,3.24832384203153,3.15573854335183,3.17582279455846,2.98171006883551,2.7686250960343,2.71540565480225,2.6606442770074,2.57938845244647,2.5126716128046,2.49009273045092,2.48963052408663,2.48847655188362,2.5070927037155,2.59362609995316,2.68763179309162,2.72537200051338,2.81355346390975,3.00953328043645,3.24776760018334,3.39652438119499,88.78643145,340.3592519,0.908047829311371,3.24832384203153,2.7686250960343,2.49009273045092,2.68763179309162,3.39652438119499,20,12,3.39652438119499,2.48847655188362,2.78187092383668,-0.027563951,3.47821406898087,3.21994182136495,-1.596193689,0.56,2.18576112283281,0.893868466101719,-0.961734894,-0.067866428,0.453766018,native,11.2
Speaker006,Tone3,o,Speaker006_Tone 3_o,3.37989404098678,3.25472554671614,3.21442814679915,3.19734476849484,3.09104446876507,2.83721389978831,2.53337848553737,2.11586980752058,1.46739196532511,0.791110793091791,0.44414826085492,0.756905456710941,1.50995235093975,2.01515544928639,2.15511882059691,2.28314986688845,2.50152578603692,2.65225886078596,2.70713544568127,2.86057011522967,88.78643145,340.3592519,2.93574578013186,3.37989404098678,3.09104446876507,0.791110793091791,2.15511882059691,2.86057011522967,1,11,3.37989404098678,0.44414826085492,2.2180181038819,-0.868794847,8.02537347287063,3.84631110216503,-5.461810595,0.53,4.5842547347079,2.89475961559442,-2.154599725,0.74015989028171,0.456386252,native,10.6
Speaker006,Tone3,u,Speaker006_Tone 3_u,3.18966741509886,3.05126486554463,3.06310658859317,3.00357024949197,2.85029101738909,2.69256965652731,2.49966147078709,2.31825796443011,2.24077843407278,2.19291983274389,2.22508134271898,2.32932036418627,2.39108478842008,2.52550344884305,2.67354328438613,2.78249742828898,2.92383784378056,3.05409395429415,3.18603477882309,3.33309946826118,88.78643145,340.3592519,1.14017963551729,3.18966741509886,2.85029101738909,2.19291983274389,2.67354328438613,3.33309946826118,20,10,3.33309946826118,2.19291983274389,2.6898212893681,0.0538633597767105,4.15962293312027,3.25336831998725,-2.285208865,0.5,2.39293558439653,1.14260443242156,-1.196467792,-0.05386336,0.533175071,native,10
Speaker006,Tone3,y,Speaker006_Tone 3_y,3.11260629367731,2.85321418034295,2.82060684937138,2.80020016960971,2.77544869773634,2.72314866650867,2.63455521633508,2.51700589940818,2.34407034073617,2.08104901900875,1.91527286811009,1.92265560276853,1.99875843699002,2.13663508523761,2.24253788631746,2.31150880874553,2.44794002583117,2.61582741637724,2.73151241821516,2.89522756026244,88.78643145,340.3592519,1.19733342556722,3.11260629367731,2.77544869773634,2.08104901900875,2.24253788631746,2.89522756026244,1,11,3.11260629367731,1.91527286811009,2.46396750655929,-0.439796195,3.42245846930278,3.1184533468501,-1.998028504,0.6,2.34127001067134,1.19881710214829,-0.936508004,0.262309097879754,0.464997313,native,12
Speaker007,Tone2,a,Speaker007_Tone 2_a,3.7148965667043,3.41941808073253,3.24081474900416,3.13971509087158,3.04238138607238,2.96342678832421,2.92035586442999,2.90878675752525,2.92282810066976,2.96387288939888,3.02163511560334,3.08084494523363,3.14461928191579,3.22670123920499,3.33650111083595,3.46977959799154,3.61983755634896,3.77615358617968,3.91619733198364,4.06626700820631,92.0617018,306.5508054,1.15748025068106,3.7148965667043,3.04238138607238,2.96387288939888,3.33650111083595,4.06626700820631,20,8,4.06626700820631,2.90878675752525,3.2633230387382,0.590105750109088,3.58286195309483,3.54923899463072,-2.074769458,0.39,1.99612554642014,0.809160088503913,-1.217636583,-0.408476495,0.361446457,native,7.8
Speaker007,Tone2,e,Speaker007_Tone 2_e,3.92115145552261,3.38818445873121,3.05768103047197,2.98464835038578,2.95107804777731,2.93690721591729,2.93004217931638,2.93720674966854,2.9639759035597,3.00464004589929,3.05058314754787,3.11252119703963,3.19988502611665,3.31371623020112,3.45086978517626,3.59776061225979,3.74180024437128,3.86499129774201,3.93858539892237,3.989638402,92.0617018,306.5508054,1.05959622314562,3.92115145552261,2.95107804777731,3.00464004589929,3.45086978517626,3.989638402,20,7,3.989638402,2.93004217931638,3.28636102470254,0.697722237987432,3.46928382471831,3.73516539656104,-4.549633632,0.23,1.61418470052268,1.04641573526174,-1.242922219,-0.196506484,0.32152752,native,4.6
Speaker007,Tone2,i,Speaker007_Tone 2_i,3.77044903550948,3.7649993668754,3.76199141447544,3.76060255796165,3.76374610035418,3.77317084303663,3.79229405317113,3.82218414177146,3.86579498780976,3.91978950437653,3.98770270996643,4.07138962018618,4.17156696384534,4.28373724173438,4.39788574063707,4.50566201669025,4.60684813234658,4.76678555568058,4.9322854462432,5,92.0617018,306.5508054,1.23939744203835,3.77044903550948,3.76374610035418,3.91978950437653,4.39788574063707,5,20,4,5,3.76060255796165,4.12023020843783,1.27048084215408,1.79140320431627,3.73300841818808,0.279546484436756,0.49,2.20636329110933,-0.136977777,-1.125245278,-1.262223056,0.286901479,native,9.8
Speaker007,Tone2,o,Speaker007_Tone 2_o,2.98596752144735,2.95873392820183,2.8905498006957,2.83925847054067,2.81651548755794,2.80656118253439,2.80031098803747,2.79570889716103,2.79297112968327,2.80371935795591,2.841550477,2.90346738359691,2.9760605241027,3.05763379938024,3.15684214223724,3.26742151145123,3.39013313731122,3.55707606553455,3.76702308147748,3.88266670966085,92.0617018,306.5508054,1.08969557997758,2.98596752144735,2.81651548755794,2.80371935795591,3.15684214223724,3.88266670966085,20,9,3.88266670966085,2.79297112968327,3.04274407283648,0.844604248813574,2.48115378888787,2.92811343466451,-0.304765986,0.55,2.37498230475804,0.16762129241649,-1.068742037,-0.901120745,0.381997905,native,11
Speaker007,Tone2,u,Speaker007_Tone 2_u,2.64831510736331,2.84868923033093,2.94654844347072,2.95253781029699,2.97709463632922,3.02799182106647,3.10125793549261,3.18624455391654,3.26866152401901,3.35215148602401,3.44897742018142,3.55813826717711,3.66672306925992,3.77637486076881,3.89482660797106,4.03307402467604,4.18578429819533,4.33428261298481,4.42041266959348,4.30342827082757,92.0617018,306.5508054,1.77209756223017,2.64831510736331,2.97709463632922,3.35215148602401,3.89482660797106,4.30342827082757,19,1,4.42041266959348,2.64831510736331,3.49028194599128,1.75036312899875,0.71749166168316,2.73650182539937,1.22958193732812,0.44,2.11945164404729,-0.541016052,-1.186892921,-1.727908973,0.305193695,native,8.8
Speaker007,Tone2,y,Speaker007_Tone 2_y,3.19382775565345,3.21441526481764,3.20976226646805,3.18298511007453,3.17192694589864,3.18591781930765,3.22514323888198,3.25182793199714,3.27301641076912,3.28705361401574,3.31253277711695,3.35655383420201,3.4111549415539,3.47906734682857,3.56143410542621,3.64826764345556,3.72637374099181,3.8098206738792,3.93641949476865,3.98600149022657,92.0617018,306.5508054,0.814074544327925,3.19382775565345,3.17192694589864,3.28705361401574,3.56143410542621,3.98600149022657,20,5,3.98600149022657,3.17192694589864,3.4104248835292,0.783712723773588,1.22552699377139,3.17180966667769,0.210887222646283,0.55,1.54642568613882,-0.115987972,-0.695891559,-0.811879531,0.32101886,native,11
Speaker007,Tone3,a,Speaker007_Tone 3_a,2.99399797804262,2.9710899385191,2.81656006890348,2.64654778236204,2.49021593782765,2.34632209175456,2.22056158312478,2.10157598480238,1.99254265097681,1.90692940042221,1.82003273657026,1.78991217487835,1.90382373023828,2.07061466575452,2.19939985448209,2.29483838546664,2.36770144604953,2.42046434633174,2.43629152509639,2.51747140325664,92.0617018,306.5508054,1.20408580316427,2.99399797804262,2.49021593782765,1.90692940042221,2.19939985448209,2.51747140325664,1,12,2.99399797804262,1.78991217487835,2.28311785442782,-0.484523531,3.67385859893121,3.03972063373329,-2.498398493,0.51,1.64781466451461,1.27418323147587,-0.807429186,0.466754045863714,0.3896254,native,10.2
Speaker007,Tone3,e,Speaker007_Tone 3_e,3.16060385285741,3.00956447318192,2.70109240718843,2.41086145970982,2.19380962534704,1.99973510657301,1.83668664820116,1.78766409947531,1.81039216693988,1.72540197461664,1.51730952924833,1.4079706267301,1.48926995122091,1.66636015203951,1.89427689901552,2.12057576728448,2.27794505306747,2.33466564963634,2.30244431698541,2.28770876280577,92.0617018,306.5508054,1.75263322612732,3.16060385285741,2.19380962534704,1.72540197461664,1.89427689901552,2.28770876280577,1,12,3.16060385285741,1.4079706267301,2.05282107199807,-0.595495337,5.00412736832906,2.99412665298282,-3.02707299,0.54,2.46116357454458,1.63461941444086,-1.132135244,0.502484170150348,0.366017129,native,10.8
Speaker007,Tone3,i,Speaker007_Tone 3_i,3.6053238876894,3.25183243954038,3.04891794393007,2.86936918369157,2.69496233751248,2.53186821692381,2.33681020826877,2.22576754696799,2.16262439368279,2.13818148080958,2.0935617690275,1.92024199345881,1.84837056272455,2.07642786321856,2.42732099471496,2.7291752591855,2.87346084681625,2.81937329786187,2.62705683491855,2.37203080948944,92.0617018,306.5508054,1.75695332496485,3.6053238876894,2.69496233751248,2.13818148080958,2.42732099471496,2.37203080948944,1,13,3.6053238876894,1.84837056272455,2.49529549488735,-0.606996328,4.25657744430967,3.45893294910226,-3.39045274,0.45,1.48348186380899,1.52570373306569,-0.815915025,0.70978870797075,0.474745747,native,9
Speaker007,Tone3,o,Speaker007_Tone 3_o,3.71539008554443,3.12129290834443,2.83117426772876,2.64937045343581,2.47562685791294,2.30767623276129,2.16481721947166,2.04448042927476,1.89165048236295,1.51175976953334,0.755464099257991,0.00646302326860865,0,0.850694676426977,1.83071769605101,2.36011130269931,2.50038262638093,2.52539260753679,2.56854382254039,3.07668173901176,92.0617018,306.5508054,3.71539008554443,3.71539008554443,2.47562685791294,1.51175976953334,1.83071769605101,3.07668173901176,1,13,3.71539008554443,0,1.97675327777514,-0.849316795,9.41996104103627,3.60135708528239,-5.119278845,0.61,7.24368163733686,3.12276009565549,-2.825035839,0.29772425709411,0.395190512,native,12.2
Speaker007,Tone3,u,Speaker007_Tone 3_u,3.15211279651338,2.99456005660122,2.60327598660474,2.35461572966791,2.2417641628091,2.12886893009335,1.96464573108164,1.80504739603652,1.6903422541652,1.62687761461784,1.60755362234554,1.63364667565103,1.74184765887853,1.9286782346441,2.10531611238871,2.20735336014049,2.26958148916679,2.3170546914992,2.34045333898618,2.58913061771479,92.0617018,306.5508054,1.54455917416784,3.15211279651338,2.2417641628091,1.62687761461784,2.10531611238871,2.58913061771479,1,11,3.15211279651338,1.60755362234554,2.12285562996504,-0.40804166,4.81999900374084,3.0578181021994,-3.485843507,0.45,1.90350078369445,1.56862957815133,-1.046925431,0.521704147119384,0.427917085,native,9
Speaker007,Tone3,y,Speaker007_Tone 3_y,2.75548630948205,2.95227616844604,2.90075440088839,2.78200993745097,2.66090747528677,2.50944417602467,2.37221072365859,2.25980022873703,2.15646229161372,2.12963008837093,2.2156576294811,2.26970351575781,2.31431618801904,2.38582881063846,2.51310642786636,2.67642750871217,2.67859274774269,2.56306616245339,2.53156228536296,2.80342629116003,92.0617018,306.5508054,0.822646080075108,2.75548630948205,2.66090747528677,2.12963008837093,2.51310642786636,2.80342629116003,2,10,2.95227616844604,2.12963008837093,2.49985052390133,-0.166481216,2.47185566802148,2.97786679984667,-1.812881215,0.46,1.14323293891257,0.833925359113073,-0.617345787,0.216579572100283,0.489048097,native,9.2
Speaker008,Tone2,a,Speaker008_Tone 2_a,3.52954629793278,3.14982527577142,2.90892919400048,2.81707898497402,2.7228159500476,2.64034574489532,2.60471317127304,2.61217717091006,2.65051266901265,2.71167848868904,2.78798882636339,2.87788155062256,2.96996584677103,3.0596827858804,3.14018304611506,3.22083667844857,3.30374525790205,3.391509928,3.53281876172785,3.7683230702657,55.72554493,154.7987583,1.16360989899266,3.52954629793278,2.7228159500476,2.71167848868904,3.14018304611506,3.7683230702657,20,7,3.7683230702657,2.60471317127304,2.9909727512851,0.576027598372652,3.31229094313416,3.38157861584754,-3.214923393,0.29,1.62307155835399,0.932327783947279,-1.152380806,-0.220053022,0.278363589,native,5.8
Speaker008,Tone2,e,Speaker008_Tone 2_e,3.33996964855637,3.34555759532364,3.33213084703761,3.30572008528698,3.26615910961898,3.22743243329608,3.19887906517302,3.1852837213118,3.17996771006268,3.18004570641932,3.18473813074158,3.19780241029648,3.21912752711665,3.2506871683537,3.29304955207746,3.34651003534549,3.41643259003747,3.49516283492795,3.53624303162832,3.50389797268408,55.72554493,154.7987583,0.356275321565632,3.33996964855637,3.26615910961898,3.18004570641932,3.29304955207746,3.50389797268408,19,9,3.53624303162832,3.17996771006268,3.29026424559539,0.175793135486489,1.13721990131127,3.3501928463541,-0.383174859,0.54,0.878454019171037,0.206914423921261,-0.404088849,-0.197174425,0.220321887,native,10.8
Speaker008,Tone2,i,Speaker008_Tone 2_i,3.59438748725397,3.53578612541932,3.48357285659947,3.42237435009805,3.33958574858275,3.25996252432544,3.21575940559152,3.20552741477107,3.21105287524985,3.21991004783123,3.22559284197157,3.22517103997871,3.23319270304039,3.29606842371537,3.42651124568053,3.5794643786996,3.6575948667962,3.66874558122276,3.67358210763638,3.77863223065175,55.72554493,154.7987583,0.57310481588068,3.59438748725397,3.33958574858275,3.21991004783123,3.42651124568053,3.77863223065175,20,8,3.77863223065175,3.20552741477107,3.39473935880416,0.236639566981355,2.03881635048714,3.56163154277396,-0.903691507,0.49,1.31361891420124,0.442808838207336,-0.669945646,-0.227136808,0.294552185,native,9.8
Speaker008,Tone2,o,Speaker008_Tone 2_o,3.20791083737788,2.98855988957935,2.89371755153978,2.88284110562098,2.84357994745029,2.77727834475537,2.69616763727167,2.63029035397102,2.59173430661546,2.58234617614318,2.59098133836149,2.60281640582623,2.61595811600672,2.64921912014216,2.71637011310247,2.81441898973606,2.92170266767733,3.04360286327536,3.23592962063567,3.67649313291663,55.72554493,154.7987583,1.09414695677345,3.20791083737788,2.84357994745029,2.58234617614318,2.71637011310247,3.67649313291663,20,10,3.67649313291663,2.58234617614318,2.82105385460111,0.209063786519287,3.0827961281025,3.03282987877561,-0.856673663,0.66,2.96533682111027,0.565404617770252,-1.008214519,-0.442809901,0.327842102,native,13.2
Speaker008,Tone2,u,Speaker008_Tone 2_u,3.57737763602451,3.13680753340424,2.89072023171683,2.83062875794682,2.80637885857964,2.80334468891461,2.80074890192601,2.79958755527617,2.81329953317832,2.87074863774407,2.97121787937278,3.08834151854997,3.2092682146696,3.33157476871997,3.43589618215644,3.51035818093535,3.57547416403282,3.64606594494606,3.70639492122527,3.80941487930495,55.72554493,154.7987583,1.00982732402878,3.57737763602451,2.80637885857964,2.87074863774407,3.43589618215644,3.80941487930495,20,8,3.80941487930495,2.79958755527617,3.15739257488534,0.78901978200286,2.65504569823096,3.42018980200725,-3.547229231,0.23,1.54635539008165,0.815862723043807,-1.19069365,-0.374830927,0.32515501,native,4.6
Speaker008,Tone2,y,Speaker008_Tone 2_y,3.70717507717079,3.44563376018444,3.24372417951726,3.13073682152245,3.10006422246065,3.11995611452499,3.11933129381025,3.06548566969844,3.00065832866496,2.97075054698153,2.97728348390256,2.98878370998514,3.01703385092485,3.08692095843642,3.17763799958146,3.23901189990049,3.28463500761061,3.36751720269144,3.49845307873895,3.764990208,55.72554493,154.7987583,0.794239660926471,3.70717507717079,3.10006422246065,2.97075054698153,3.17763799958146,3.764990208,20,10,3.764990208,2.97075054698153,3.19199793625936,0.105761810327653,2.65520072746238,3.47985453770811,-1.220266588,0.51,1.50979187924606,0.622335959928598,-0.739798021,-0.117462061,0.336631069,native,10.2
Speaker008,Tone3,a,Speaker008_Tone 3_a,3.08322792847786,3.17153529006686,3.028309643,2.90970562240305,2.74804223554801,2.51183486088912,2.33293036113345,2.21162181771685,2.06425235123734,1.88736934632764,1.67631133345559,1.48996568358191,1.45353029432635,1.54175854982138,1.70456929702916,1.99700539919719,2.34739055341808,2.58486188810385,2.74986618888836,2.8335306430833,55.72554493,154.7987583,1.71800499574051,3.08322792847786,2.74804223554801,1.88736934632764,1.70456929702916,2.8335306430833,2,13,3.17153529006686,1.45353029432635,2.26813989036134,-0.752340128,5.49948243968583,3.28045428406242,-2.932890999,0.65,4.53878917365741,1.90637914964851,-1.588576211,0.317802938868419,0.41313813,native,13
Speaker008,Tone3,e,Speaker008_Tone 3_e,3.46258385845608,3.55297579397328,3.36272060221637,3.04265045053749,2.75946893403132,2.52069836979348,2.32540621794911,2.23889800620547,2.23453103215631,2.25254672820359,2.27541386467852,2.29856166004707,2.32135396217426,2.34083886849081,2.35212330231255,2.35363366892542,2.3505286987698,2.34873612111408,2.42849453575669,3.05123443487052,55.72554493,154.7987583,1.31844476181698,3.46258385845608,2.75946893403132,2.25254672820359,2.35212330231255,3.05123443487052,2,9,3.55297579397328,2.23453103215631,2.55854827623508,-0.805503809,4.0038714399758,3.63787719438489,-3.96123116,0.38,0.760573107527736,1.50526784068255,-0.471555327,1.03371251401536,0.359583187,native,7.6
Speaker008,Tone3,i,Speaker008_Tone 3_i,3.0754113861206,3.40045742841689,3.3054525457426,3.09985200660423,2.88981467678101,2.74175089205138,2.63947077288437,2.52211132089506,2.4300620761234,2.39589312163101,2.39388369754521,2.41063770233873,2.45194633178695,2.5148686217673,2.59151666160512,2.66854700051737,2.73498429690349,2.80059134574435,2.88325006127625,3.03693498222709,55.72554493,154.7987583,1.00657373087168,3.0754113861206,2.88981467678101,2.39589312163101,2.59151666160512,3.03693498222709,2,11,3.40045742841689,2.39388369754521,2.72236097054174,-0.384416431,3.07923985332689,3.3497259162586,-2.107698926,0.5,1.33886606350347,1.05384946322556,-0.669433032,0.38441643147382,0.401744394,native,10
Speaker008,Tone3,o,Speaker008_Tone 3_o,2.49711094589724,2.50337568139494,2.56359744809771,2.52396087147395,2.47860893536261,2.48788812001612,2.49304674144247,2.41588765067176,2.284184001,2.12799603714495,1.99134041092471,2.00825713789028,2.13438563823806,2.19362271714845,2.17665945903865,2.26211563067834,2.47619156355951,2.60423800998345,2.6132185591114,2.83588517698693,55.72554493,154.7987583,0.844544766062214,2.49711094589724,2.47860893536261,2.12799603714495,2.17665945903865,2.83588517698693,20,11,2.83588517698693,1.99134041092471,2.36513570958565,-0.019396457,2.10248230266068,2.63080638913537,-0.900400981,0.65,2.11837015587003,0.585260637822798,-0.741429555,-0.156168917,0.420788836,native,13
Speaker008,Tone3,u,Speaker008_Tone 3_u,2.91292504527461,2.99046553079986,2.91728367272383,2.80113460757062,2.67629528515484,2.57490961765258,2.41553334779014,2.19128247356742,1.9547202446312,1.54900517556076,0.771366650524355,0,0.0630044984124804,1.00343970473769,1.91853118542904,2.26802974732266,2.39702070821388,2.53743438881436,2.61759687295279,3.05547141207711,55.72554493,154.7987583,3.05547141207711,2.91292504527461,2.67629528515484,1.54900517556076,1.91853118542904,3.05547141207711,20,12,3.05547141207711,0,2.01077350785726,-0.744968252,7.97988606877072,3.45400413490135,-4.53749177,0.62,6.89716609902143,2.8132448971276,-2.620923118,0.192321779499451,0.459042367,native,12.4
Speaker008,Tone3,y,Speaker008_Tone 3_y,2.892883182,2.84143764108664,2.71127818051516,2.67740144267054,2.62013956843185,2.52434345482657,2.4505296855052,2.41100616778225,2.31500674395524,2.15841352087112,2.04848964413211,1.87306693207925,1.49981332666964,1.28862230052386,1.55681738357721,2.02872824738725,2.34994606786567,2.47691059630644,2.55018330953972,2.69027631723853,55.72554493,154.7987583,1.60426088150915,2.892883182,2.62013956843185,2.15841352087112,1.55681738357721,2.69027631723853,1,14,2.892883182,1.28862230052386,2.26700319986542,-0.655880087,3.56380937942615,3.03117239385835,-2.115937145,0.69,3.95697968983675,1.45999663000854,-1.226663704,0.233332926159151,0.428439542,native,13.8
Speaker009,Tone2,a,Speaker009_Tone 2_a,2.73374305234568,2.28092697122199,1.96025723528728,1.82985152118743,1.75588102649231,1.71777944940193,1.71548730589865,1.74384839581325,1.79595594804975,1.87002996144739,1.95281969313453,2.03713251115583,2.14050869190712,2.28740367519449,2.50815161922474,2.793522765,3.11155108965426,3.43073710119996,3.65729026222206,3.66707693445322,128.6921251,322.6172937,1.95158962855458,2.73374305234568,1.75588102649231,1.87002996144739,2.50815161922474,3.66707693445322,20,7,3.66707693445322,1.71548730589865,2.3021674472706,1.50244651742849,5.39565570756396,2.40031508977276,-2.329724992,0.4,3.64961347272589,0.931889996626181,-2.189768084,-1.257878087,0.273837131,native,8
Speaker009,Tone2,e,Speaker009_Tone 2_e,3.11045417633987,2.65347137852685,2.29700706609989,2.10376142089341,2.03113816815313,1.99965832096788,2.00722430821494,2.04630198133325,2.10867318601402,2.18007501578861,2.24908057909772,2.31966124776109,2.41060563587664,2.55020093838398,2.76380017111747,3.03821333848069,3.34756071614568,3.65287598856331,3.77529110276341,3.88528043112008,128.6921251,322.6172937,1.8856221101522,3.11045417633987,2.03113816815313,2.18007501578861,2.76380017111747,3.88528043112008,20,6,3.88528043112008,1.99965832096788,2.57984073656774,1.3511355255068,5.32106651,2.83973095465347,-3.332745397,0.34,3.16219968621974,1.13313343514991,-2.087051793,-0.953918358,0.230149031,native,6.8
Speaker009,Tone2,i,Speaker009_Tone 2_i,3.15079256803707,2.71268386407035,2.39004218045536,2.26932720233091,2.20209547949259,2.16597678474105,2.15304706599806,2.15515973622714,2.17838308820162,2.23642702269685,2.33738579250603,2.48911458357828,2.67021917241133,2.87661763086902,3.09440947738363,3.32909671321782,3.57069691372205,3.79938627486225,3.95911097462214,3.93160579783366,128.6921251,322.6172937,1.80606390862408,3.15079256803707,2.20209547949259,2.23642702269685,3.09440947738363,3.93160579783366,19,7,3.95911097462214,2.15304706599806,2.73987423737492,1.47870045864888,4.98233338182536,2.83576262722528,-2.359670433,0.39,3.50387050908947,0.920271468808681,-2.137361011,-1.217089542,0.282028841,native,7.8
Speaker009,Tone2,o,Speaker009_Tone 2_o,1.98943391733829,2.06321951653622,2.06215534249108,2.00722841231348,1.99039687370654,1.99681258023716,1.99728775760068,1.9847596956705,1.97712366923082,1.98201417766088,2.00854068228424,2.07243729906653,2.19221913634896,2.3746909750546,2.61921118691353,2.91229359519735,3.23262732403857,3.54915344287085,3.80312681162099,3.90247268467996,128.6921251,322.6172937,1.92534901544914,1.98943391733829,1.99039687370654,1.98201417766088,2.61921118691353,3.90247268467996,20,9,3.90247268467996,1.97712366923082,2.39900709311624,1.7699336638606,4.20126034565769,2.01957539878161,-0.035247885,0.6,4.9917442841229,0.0211487309919056,-1.996697714,-1.975548983,0.303726878,native,12
Speaker009,Tone2,u,Speaker009_Tone 2_u,2.20157728448714,2.22296581462907,2.22108981943036,2.1182713427078,1.99011534262311,1.93161367170855,1.99013223296361,2.10261917701306,2.22309776674646,2.35264703429164,2.4983877687195,2.6702042978828,2.86031537640781,3.06808840203188,3.2741612924201,3.46710311691149,3.61538058776359,3.75643709295752,3.85462799907015,3.74893291989839,128.6921251,322.6172937,1.9230143273616,2.20157728448714,1.99011534262311,2.35264703429164,3.2741612924201,3.74893291989839,19,6,3.85462799907015,1.93161367170855,2.68507562517696,2.01116674441156,2.65765827161124,2.26314656427917,-1.112374704,0.31,2.99982648209237,0.344836158095138,-2.069880273,-1.725044115,0.280140261,native,6.2
Speaker009,Tone2,y,Speaker009_Tone 2_y,2.89998587987424,2.42648582981526,2.1953749540079,2.21663443606612,2.29438303551447,2.34017936019529,2.37391334909541,2.41681729513251,2.4907275462763,2.59501221810604,2.7268265268028,2.89135518182469,3.07775307889079,3.28349489106301,3.50054835235717,3.7120660543729,3.90304834703975,4.05846302001338,4.15432244537934,4.17248808957059,128.6921251,322.6172937,1.97711313556269,2.89998587987424,2.29438303551447,2.59501221810604,3.50054835235717,4.17248808957059,20,3,4.17248808957059,2.1953749540079,2.95851330668868,2.00662496209094,3.18979841845869,2.62220681286662,-1.722817867,0.29,3.03668063864723,0.499617181384032,-2.156043253,-1.656426072,0.258955469,native,5.8
Speaker009,Tone3,a,Speaker009_Tone 3_a,3.40312217434671,2.86987172781588,2.45071515364265,2.09713650613366,1.73276794342957,1.39889870910945,1.1467875974032,1.01900601873134,0.979588822382484,0.929112925987926,0.87841239228244,0.956791336023063,1.14478013846909,1.31352174838374,1.37065575435512,1.39131604244509,1.42195628039886,1.50518788408769,1.67783911207377,2.28695255512946,128.6921251,322.6172937,2.52470978206427,3.40312217434671,1.73276794342957,0.929112925987926,1.37065575435512,2.28695255512946,1,11,3.40312217434671,0.87841239228244,1.53573199272241,-0.953789572,7.18075151864321,3.20646537094983,-6.437597341,0.39,1.93953250876922,2.5106629628635,-1.18311483,1.32754813251428,0.354583978,native,7.8
Speaker009,Tone3,e,Speaker009_Tone 3_e,2.44041440527834,2.6032408395334,2.56046671878305,2.34242593716694,2.16447001390141,2.04268549863883,1.89282968866511,1.6342599919844,1.25807556982053,0.929264991227763,0.839593097435864,0.962667489705391,1.11655023997628,1.24798158471986,1.4036007460599,1.59135503371899,1.70246211037881,1.75443341529825,1.90030409607581,2.42889819205225,128.6921251,322.6172937,1.76364774209754,2.44041440527834,2.16447001390141,0.929264991227763,1.4036007460599,2.42889819205225,2,11,2.6032408395334,0.839593097435864,1.69294142440829,-0.753045302,5.45576168185613,2.81115781936322,-3.542325442,0.55,2.96086078940887,1.94827899312293,-1.332387355,0.615891637888941,0.316250013,native,11
Speaker009,Tone3,i,Speaker009_Tone 3_i,3.90363946519532,3.42939371939834,3.08966090032807,2.7618932799971,2.44176518406698,2.21591775131543,2.07884534220592,1.91590514633373,1.72914746703737,1.54842127229868,1.39514719117558,1.41394344736256,1.61183195832785,1.79258571118169,1.89328755802604,2.01580044608958,2.16736724097004,2.33753424694872,2.49416969469534,2.80698123180513,128.6921251,322.6172937,2.50849227401974,3.90363946519532,2.44176518406698,1.54842127229868,1.89328755802604,2.80698123180513,1,11,3.90363946519532,1.39514719117558,2.18996885926489,-0.970834379,7.09000809593183,3.6428416003671,-4.793053816,0.5,2.85138505811814,2.39652690787491,-1.425692529,0.970834378815841,0.4248052,native,10
Speaker009,Tone3,o,Speaker009_Tone 3_o,3.58989534708883,3.17553187192319,2.96278595919235,2.8948980115643,2.81694185220508,2.65524787381327,2.45853314838346,2.23832340293444,1.99756550919138,1.68329621388697,1.40043322785003,1.38340575432646,1.47028399954405,1.52699381467941,1.58073072448476,1.58599965447849,1.61084936460586,1.68519529863441,1.72321897443708,1.7484041260739,128.6921251,322.6172937,2.20648959276237,3.58989534708883,2.81694185220508,1.68329621388697,1.58073072448476,1.7484041260739,1,12,3.58989534708883,1.38340575432646,2.07621756953157,-1.874735399,3.78584161039865,3.50678722591815,-3.689469401,0.57,0.840298486142414,2.10299755859503,-0.361328349,1.74166920955379,0.492229527,native,11.4
Speaker009,Tone3,u,Speaker009_Tone 3_u,3.46536809540328,3.01220305356456,2.77296443826336,2.61526015438431,2.42342617460109,2.23118640528317,2.09277296137826,1.93791481452921,1.62029006971968,1.06391312507621,0.395631896274315,0,0.112811392320163,0.58788015612894,1.06850914912669,1.37353850612137,1.52201892348798,1.61988283113528,1.79051920691153,2.48903927422936,128.6921251,322.6172937,3.46536809540328,3.46536809540328,2.42342617460109,1.06391312507621,1.06850914912669,2.48903927422936,1,12,3.46536809540328,0,1.63749207433404,-1.686128728,8.23814810517004,3.50582483911428,-5.297718931,0.62,5.59141547805053,3.28458573743642,-2.124737882,1.15984785577722,0.367749405,native,12.4
Speaker009,Tone3,y,Speaker009_Tone 3_y,3.68591068440402,3.34754257220816,3.14820046846604,2.9828452761122,2.74097914475953,2.43903091684343,2.11449238518866,1.74563271220602,1.37655094470082,1.07897231673765,0.81729664307062,0.599157626036611,0.623765428064566,0.942012840232597,1.24264000732383,1.35706989305262,1.42558999906759,1.61825108517674,1.9101352188878,2.59845879677388,128.6921251,322.6172937,3.08675305836741,3.68591068440402,2.74097914475953,1.07897231673765,1.24264000732383,2.59845879677388,1,12,3.68591068440402,0.599157626036611,1.81750042627105,-1.867030558,8.23380067318699,3.75632911599998,-5.46092083,0.6,4.5471906906734,3.27655249811879,-1.818876276,1.45767622184943,0.417970074,native,12
Speaker010,Tone2,a,Speaker010_Tone 2_a,4.01512765506019,3.76791054731891,3.55531652518166,3.3945205774061,3.29099637086509,3.19903180016824,3.1169694911451,3.04648820544272,2.98983717323248,2.94957597931331,2.9282010609234,2.93097809898174,2.96348366385598,3.02977041574489,3.12426714355623,3.26305291288211,3.43623867143493,3.63949841351572,3.86892104227628,4.05523199429692,79.26097555,286.2062845,1.12703093337352,4.01512765506019,3.29099637086509,2.94957597931331,3.12426714355623,4.05523199429692,20,11,4.05523199429692,2.9282010609234,3.28965674924494,0.0297228011851534,4.40201171890789,3.80527415667694,-1.929637588,0.56,2.79436596,1.08059704904281,-1.229521022,-0.148923973,0.187643018,native,11.2
Speaker010,Tone2,e,Speaker010_Tone 2_e,3.9072762529398,3.85052392275652,3.74814663337134,3.62464716594421,3.51491655379075,3.42859864025566,3.36606021093063,3.31234605386685,3.26010235856654,3.21830388808978,3.19215529130055,3.19392807876833,3.21903717170264,3.25410362192936,3.29309315896108,3.33091242176567,3.37003270849855,3.45500305899564,3.63353251782343,3.87907587126554,79.26097555,286.2062845,0.715120961639257,3.9072762529398,3.51491655379075,3.21830388808978,3.29309315896108,3.87907587126554,1,11,3.9072762529398,3.19215529130055,3.42924662076399,-0.237861564,2.66112004758518,3.86940605425724,-1.42449901,0.56,1.43647518270112,0.797719445564371,-0.63204908,0.165670365175878,0.217253672,native,11.2
Speaker010,Tone2,i,Speaker010_Tone 2_i,3.54946206586562,3.57135127733749,3.58473025242211,3.57263391903435,3.53877302098148,3.51252266572662,3.49279096886143,3.47928078138637,3.47313756490127,3.47255667804177,3.48177967543159,3.50090955526324,3.52940542195552,3.56776089685265,3.61098403308464,3.65930380051142,3.71754885276637,3.76878845584738,3.78702471211371,3.76524910790011,79.26097555,286.2062845,0.314468034071936,3.54946206586562,3.53877302098148,3.47255667804177,3.61098403308464,3.76524910790011,19,10,3.78702471211371,3.47255667804177,3.57435681353924,0.221301598972256,0.848487382351553,3.58390259978503,-0.249690313,0.51,0.719998917734103,0.127342059727773,-0.35279947,-0.22545741,0.204788297,native,10.2
Speaker010,Tone2,o,Speaker010_Tone 2_o,3.6181240933463,3.44558970615338,3.32321400373441,3.25450456716618,3.22882211341812,3.29449927670487,3.41860251917585,3.49985756601382,3.49292598604821,3.40631675957197,3.30347298813398,3.29341107021135,3.36926773440547,3.42249562308233,3.43661250898055,3.45760603704183,3.51502375115401,3.61199148082456,3.7363325019812,3.8481652492554,79.26097555,286.2062845,0.619343135837285,3.6181240933463,3.22882211341812,3.40631675957197,3.43661250898055,3.8481652492554,20,5,3.8481652492554,3.22882211341812,3.43844923578972,0.27857681914624,1.18474967747322,3.39935835533953,-0.032512355,0.76,1.91913199377654,0.0247093900216972,-0.460591679,-0.435882288,0.330486491,native,15.2
Speaker010,Tone2,u,Speaker010_Tone 2_u,3.16356399981669,3.38598402333441,3.53949183937645,3.59186837495079,3.60268535100653,3.59886602159617,3.61553431199851,3.6759814622711,3.76871700251474,3.8518546008055,3.9036254131083,3.93323954541107,3.98397716729779,4.05631137028591,4.11614474724272,4.14470223577502,4.17455916336978,4.24162078965082,4.29422928795602,4.27727345796777,79.26097555,286.2062845,1.13066528813933,3.16356399981669,3.60268535100653,3.8518546008055,4.11614474724272,4.27727345796777,19,1,4.29422928795602,3.16356399981669,3.84847127487769,1.00708591920585,-0.280413391,3.18253834097315,3.10438605847699,0.1,0.922773994320404,-0.310438606,-0.830496595,-1.140935201,0.279331462,native,2
Speaker010,Tone2,y,Speaker010_Tone 2_y,3.32673552661091,3.53419386286812,3.63443670540396,3.65883887126787,3.65704163831699,3.67441396642216,3.67847689724781,3.6645457110926,3.64655995822954,3.63879150117879,3.66079780623527,3.71190478867497,3.78279587260513,3.86573000860044,3.94353552996098,4.02287626252517,4.10338615158953,4.17869716736023,4.24202524193249,4.26600190559819,79.26097555,286.2062845,0.93926637898728,3.32673552661091,3.65704163831699,3.63879150117879,3.94353552996098,4.26600190559819,20,1,4.26600190559819,3.32673552661091,3.78826853207611,0.748407921999165,0.720563973534508,3.52053165436257,0.357197937962354,0.58,1.36931527139092,-0.207174804,-0.575112414,-0.782287218,0.233923646,native,11.6
Speaker010,Tone3,a,Speaker010_Tone 3_a,3.14152798121408,3.286838761,3.36791115943336,3.31837008858809,3.16482630327649,2.90390803653921,2.61193135625709,2.40484851612201,2.31640440145354,2.32764991151318,2.42903613100467,2.56465983157955,2.67382711991666,2.74612537276644,2.79497222903181,2.83625287233982,2.86939755409515,2.88863446141921,2.91651181050575,3.179582633,79.26097555,286.2062845,1.05150675797982,3.14152798121408,3.16482630327649,2.32764991151318,2.79497222903181,3.179582633,3,9,3.36791115943336,2.31640440145354,2.80977830665471,-0.286609136,3.1216072674993,3.466682829,-2.459639157,0.45,1.34541637222584,1.10683762047045,-0.739979005,0.366858615746235,0.291476308,native,9
Speaker010,Tone3,e,Speaker010_Tone 3_e,3.82941335908499,4.1272645865248,4.12599086244849,3.89046137491806,3.60984356526689,3.2519305977969,2.69230697431311,2.07739368003855,1.65294663300662,1.46835875454516,1.29280606500084,1.02557194178101,0.941782240039752,1.28181094103653,1.88412074513755,2.35672114256464,2.47990629317859,2.28090333686387,1.89385748564526,1.86650348251717,79.26097555,286.2062845,3.18548234648505,3.82941335908499,3.60984356526689,1.46835875454516,1.88412074513755,1.86650348251717,2,13,4.1272645865248,0.941782240039752,2.340097193,-2.356865412,6.99931610778792,4.50697519120001,-6.049793189,0.56,2.8538286356412,3.3878841857377,-1.2556846,2.13219958605557,0.28017537,native,11.2
Speaker010,Tone3,i,Speaker010_Tone 3_i,3.94322894537647,4.2138782622313,4.1704563285603,3.99659732166845,3.83669586311677,3.67593782404625,3.51355410166644,3.28531756070495,2.98091584164256,2.60887488227236,2.06849213850647,1.36890093680493,0.915610319777193,0.755434037982785,0.724372878125762,0.935268649522114,1.74885504126128,2.60553392570765,2.9970234910008,2.99419992766591,79.26097555,286.2062845,3.48950538410554,3.94322894537647,3.83669586311677,2.60887488227236,0.724372878125762,2.99419992766591,2,15,4.2138782622313,0.724372878125762,2.60916082422392,-2.66320223,6.58881122102574,4.75511746482836,-5.296609295,0.75,10.1837504698275,3.97245697157332,-2.545937617,1.42651935411644,0.346128116,native,15
Speaker010,Tone3,o,Speaker010_Tone 3_o,4.24167653870966,4.03341093349735,3.89040637966451,3.81027922302218,3.71804932168574,3.61298925333567,3.59478194047645,3.63724299546918,3.53199203997772,3.12699794041111,2.24979844482607,0.936177928066486,0,0.150471223304177,1.18774442070744,2.26307335165186,2.80855267975764,2.99778116261013,3.01726682322909,2.96644007459191,79.26097555,286.2062845,4.24167653870966,4.24167653870966,3.71804932168574,3.12699794041111,1.18774442070744,2.96644007459191,1,13,4.24167653870966,0,2.72911007039365,-2.238696243,6.79970822259142,4.82924239719438,-5.58095095,0.68,7.63779164655772,3.79504664596268,-2.444093327,1.35095331906421,0.394707501,native,13.6
Speaker010,Tone3,u,Speaker010_Tone 3_u,3.99334335301059,3.78305127566988,3.68703573537012,3.66615912267879,3.61718691623398,3.51914895375353,3.34457680114572,3.00317072176785,2.49533560112063,2.04654953690206,1.80781126642991,1.84381212679407,2.16395622117018,2.57846329071076,2.88054326792251,3.0636761647693,3.20689244024545,3.39355945320453,3.76212450446756,4.2820682637469,79.26097555,286.2062845,2.47425699731699,3.99334335301059,3.61718691623398,2.04654953690206,2.88054326792251,4.2820682637469,20,11,4.2820682637469,1.80781126642991,3.04165825673673,-0.411869116,7.44020932956424,4.22513125233983,-3.975558568,0.58,5.24422623368102,2.30582396920001,-2.202575018,0.103248951053976,0.370132351,native,11.6
Speaker011,Tone2,a,Speaker011_Tone 2_a,3.18383235407736,3.05344009453131,2.96034891922618,2.84752638725826,2.70348060343217,2.6009820810876,2.53099808975912,2.46289276840497,2.41009569732123,2.39984114867652,2.43417735776308,2.49808787017518,2.57982085885608,2.7018116600001,2.87588825904554,3.06339302710081,3.265645223,3.49818538627105,3.70643658179481,3.82284734970236,76.78665464,366.5021958,1.42300620102584,3.18383235407736,2.70348060343217,2.39984114867652,2.87588825904554,3.82284734970236,20,10,3.82284734970236,2.39984114867652,2.84023870389765,0.646530821512511,4.53125854604325,3.1260689001103,-1.731733843,0.51,3.16469340728987,0.883184259844713,-1.55069977,-0.66751551,0.351366165,native,10.2
Speaker011,Tone2,e,Speaker011_Tone 2_e,3.16546291035197,2.88376638041739,2.68758706904497,2.57749580426675,2.50141765912422,2.49148409441985,2.50747060323302,2.49421347941333,2.4382076882586,2.38677324387512,2.41028193037719,2.51243239988641,2.66927942452154,2.80730594503563,2.91089668186955,2.984366987,3.08999380432865,3.25141685993466,3.50176311752453,3.81480052766065,76.78665464,366.5021958,1.42802728378554,3.16546291035197,2.50141765912422,2.38677324387512,2.91089668186955,3.81480052766065,20,10,3.81480052766065,2.38677324387512,2.77094608667126,0.718154227879614,3.80472079673273,2.91859187680737,-1.280426893,0.5,2.71673534891374,0.640213446577255,-1.358367674,-0.718154228,0.289056782,native,10
Speaker011,Tone2,i,Speaker011_Tone 2_i,2.4441017911166,2.91429134919588,3.06605641729515,3.00253442623216,2.9661482497722,2.94735595630447,2.91113631634025,2.87393484323668,2.8717940550201,2.89706651103219,2.93628579749587,2.98183418117991,3.03102904098704,3.09841575920008,3.2350865996403,3.42551304155907,3.57975724945631,3.67196393784893,3.7031693172486,3.62187869689449,76.78665464,366.5021958,1.259067526,2.4441017911166,2.9661482497722,2.89706651103219,3.2350865996403,3.62187869689449,19,1,3.7031693172486,2.4441017911166,3.09834132584412,0.892707877575553,1.21140401499086,2.82479163195577,0.263488105222011,0.59,1.95125491957787,-0.155457982,-0.800014517,-0.955472499,0.308587645,native,11.8
Speaker011,Tone2,o,Speaker011_Tone 2_o,3.38972485110975,2.95432162478625,2.78593889015363,2.77749977663323,2.74173056457648,2.66776789509989,2.59337817896942,2.5444055362071,2.52396882334566,2.53579756065838,2.56337147332133,2.5923218341539,2.63606596974636,2.73747735953381,2.89181968523363,3.04416628878461,3.19928664608303,3.38970068376017,3.59814099780409,3.74250139124486,76.78665464,366.5021958,1.2185325678992,3.38972485110975,2.74173056457648,2.53579756065838,2.89181968523363,3.74250139124486,20,9,3.74250139124486,2.52396882334566,2.86127321362338,0.560431832357765,3.89835402480618,3.09029646316271,-1.423905887,0.51,2.66149529955735,0.726192002198673,-1.304132697,-0.577940695,0.352514632,native,10.2
Speaker011,Tone2,u,Speaker011_Tone 2_u,3.76610467040709,3.57020707528514,3.25243524345358,3.01663030316865,2.89076185345139,2.79294047950218,2.72407655174108,2.69980691905231,2.69972784397619,2.69562932048462,2.7075578796332,2.77696569980688,2.90169622312997,3.04628874326866,3.22461459516141,3.43497961249689,3.6546207361567,3.87456632825817,4.07727709378717,4.2064585801282,76.78665464,366.5021958,1.51082925964358,3.76610467040709,2.89076185345139,2.69562932048462,3.22461459516141,4.2064585801282,20,10,4.2064585801282,2.69562932048462,3.15396023323185,0.685611326832926,5.32460419996051,3.5902920678038,-2.587807581,0.45,3.14406938245642,1.16451341158846,-1.72923816,-0.564724749,0.401528952,native,9
Speaker011,Tone2,y,Speaker011_Tone 2_y,3.33383728186837,2.9801237681236,2.79674883463518,2.7719792968828,2.76134139889803,2.69167667948633,2.59802461171169,2.53888576073215,2.55311696974706,2.63413294015382,2.71504583806819,2.77676601536747,2.8383772092522,2.91389698837163,3.01314307420333,3.15406945547727,3.31746296126656,3.50534122642134,3.68604369465635,3.67283069031951,76.78665464,366.5021958,1.1471579339242,3.33383728186837,2.76134139889803,2.63413294015382,3.01314307420333,3.67283069031951,19,8,3.68604369465635,2.53888576073215,2.93296708293898,0.683361673060426,3.38296731012019,3.13517852267077,-1.773581583,0.4,2.05998778641491,0.709432633140453,-1.235992672,-0.526560039,0.351555545,native,8
Speaker011,Tone3,a,Speaker011_Tone 3_a,3.32038682040521,3.32564199511081,3.26692437213876,2.87753672705846,2.52217826889133,2.42935285849208,2.28675778197627,2.14025041559695,1.85977817649814,1.29653638660379,0.880556037394839,0.849701159979669,1.12741078065955,1.69887034788624,2.21601834264031,2.50829144632085,2.73758131140322,3.06587790008495,3.3561503281697,3.52928709449625,76.78665464,366.5021958,2.67958593451658,3.32038682040521,2.52217826889133,1.29653638660379,2.21601834264031,3.52928709449625,20,12,3.52928709449625,0.849701159979669,2.28467368423621,-0.214939399,9.1292047423742,3.57013174377748,-4.503787025,0.58,6.59208782518539,2.61219647461944,-2.768676887,-0.156480412,0.482573399,native,11.6
Speaker011,Tone3,e,Speaker011_Tone 3_e,3.817523495,3.7100568011802,3.48495799937487,3.21621532545123,2.90688229608395,2.54071956513723,2.23165913017419,2.0716220245366,2.00073326613146,1.87436349940668,1.61296164698024,1.18862070753537,0.798647039321531,0.83922308008296,1.41441260089758,2.07039508303249,2.50126246675842,2.78078623711789,3.02878362599788,3.37860161081178,76.78665464,366.5021958,3.01887645563447,3.817523495,2.90688229608395,1.87436349940668,1.41441260089758,3.37860161081178,1,13,3.817523495,0.798647039321531,2.29292403002532,-1.113227317,9.17669733263445,3.88094473645127,-4.616648462,0.66,7.94752702788792,3.0469879845942,-2.702159189,0.344828795112306,0.42903658,native,13.2
Speaker011,Tone3,i,Speaker011_Tone 3_i,2.59872476574447,3.12619419056786,3.04839000294028,2.82758218659216,2.6612878166293,2.50336282355962,2.37665626481111,2.14572113942276,1.76112058145965,1.46850274882265,1.31609783882579,1.11522896333033,1.04811887956596,1.31882978855129,1.87586484286374,2.37455848736165,2.63619028157621,2.82667353042218,3.01052729288125,3.22983151597263,76.78665464,366.5021958,2.18171263640667,2.59872476574447,2.6612878166293,1.46850274882265,1.87586484286374,3.22983151597263,20,13,3.22983151597263,1.04811887956596,2.20233949978199,-0.279621882,6.96924149368816,3.22642474526119,-3.399070204,0.62,6.00623055080225,2.10742352650342,-2.282367609,-0.174944083,0.46887319,native,12.4
Speaker011,Tone3,o,Speaker011_Tone 3_o,2.76680239892447,2.7888032012016,2.77039414603295,2.67078194045605,2.46514747347364,2.16189668460022,1.77631479522612,1.37211220880088,1.14354629461256,1.07216880318752,0.973314057448562,0.683504133399844,0.244308238027093,0,0.522608024612352,1.46800760493757,2.1764737467977,2.50479714823023,2.65074728036884,2.90234143424016,76.78665464,366.5021958,2.90234143424016,2.76680239892447,2.46514747347364,1.07216880318752,0.522608024612352,2.90234143424016,20,14,2.90234143424016,0,1.67481335061772,-0.792228737,9.22147483267678,3.1135398381419,-4.281739639,0.68,9.51940672526359,2.91158295460258,-3.046210152,-0.134627197,0.340449456,native,13.6
Speaker011,Tone3,u,Speaker011_Tone 3_u,2.46702134578368,3.01400306968634,3.04829458329173,3.05724228707626,2.99150411102375,2.87534498150032,2.67813453415494,2.42883753496684,2.16484514796485,1.90479979738871,1.65905049237335,1.21438020842986,0.910986052120573,1.27248827640583,1.8604903833599,2.31196272728753,2.63696067399175,2.85789716400279,3.0685614215913,3.26445858671066,76.78665464,366.5021958,2.35347253459008,2.46702134578368,2.99150411102375,1.90479979738871,1.8604903833599,3.26445858671066,20,13,3.26445858671066,0.910986052120573,2.33421400113308,-0.419648495,5.71700513176118,3.31180099026797,-3.081298841,0.65,6.0388736696345,2.00284424647385,-2.113605784,-0.110761538,0.521586276,native,13
Speaker011,Tone3,y,Speaker011_Tone 3_y,3.77559366497355,3.31426021619916,2.9563955538537,2.82645982607153,2.72929458015009,2.533223497,2.35237679942755,2.20381137166748,1.97451283882398,1.18794644022206,0.505958962639468,0.668729403774889,1.0255180916303,1.70054331049157,2.41954777172041,2.86894064116901,3.08029743672665,3.18973113220119,3.40554490809937,3.50473889473761,76.78665464,366.5021958,3.26963470233408,3.77559366497355,2.72929458015009,1.18794644022206,2.41954777172041,3.50473889473761,1,11,3.77559366497355,0.505958962639468,2.32454613232709,-0.161929882,9.87526536253032,3.72178822187906,-5.013073689,0.57,7.09589401831281,2.85745200260575,-3.051234428,-0.193782425,0.515801091,native,11.4
Speaker012,Tone2,a,Speaker012_Tone 2_a,3.00720321349849,3.43926407796668,3.62569941152687,3.6160968093989,3.58680929680635,3.56966176637107,3.55813399759512,3.55036474678792,3.54583064940329,3.54458070244214,3.54875526104334,3.56483366891816,3.59111267617469,3.62877799164066,3.67970087833603,3.77070942771248,3.89070498703061,4.02687320578661,4.11003026931674,4.1322089677153,70.29318726,260.1022027,1.12500575421681,3.00720321349849,3.58680929680635,3.54458070244214,3.67970087833603,4.1322089677153,20,1,4.1322089677153,3.00720321349849,3.64388972025416,0.659119035374701,0.624478322213348,3.40640532700472,0.352236099862432,0.72,1.85346570200793,-0.253609992,-0.518970397,-0.772580388,0.260997795,native,14.4
Speaker012,Tone2,e,Speaker012_Tone 2_e,3.38277842737935,3.65889717593348,3.80454039177833,3.77063777708205,3.71057455663868,3.66693513765779,3.63422051861792,3.6180770974079,3.61388060062249,3.6153316058369,3.61669361432599,3.61821832002408,3.62476713489123,3.64669338504865,3.6890865391892,3.75010515275023,3.82171055340186,3.91315646081661,4.01488004587933,4.10209097639509,70.29318726,260.1022027,0.719312549015741,3.38277842737935,3.71057455663868,3.6153316058369,3.6890865391892,4.10209097639509,20,1,4.10209097639509,3.38277842737935,3.70600958450229,0.325445270546366,0.872577555298685,3.64767206367546,-0.019530935,0.71,1.57447390613251,0.0138669639146629,-0.456597433,-0.442730469,0.264448476,native,14.2
Speaker012,Tone2,i,Speaker012_Tone 2_i,3.97870440789902,3.91767314795927,3.82195547302035,3.71466955914832,3.63397933307578,3.58044733202019,3.5497068015559,3.53529650028258,3.53622727504272,3.54270740195997,3.55332365629542,3.56879365428802,3.59396064622873,3.62995943623911,3.66681003618554,3.704798647,3.75299874763403,3.82216737779704,3.93048153170773,4.05081313085432,70.29318726,260.1022027,0.515516630571747,3.97870440789902,3.63397933307578,3.54270740195997,3.66681003618554,4.05081313085432,20,8,4.05081313085432,3.53529650028258,3.68752296792915,0.0658421090293055,1.90958400177767,3.95458509844705,-1.287450149,0.4,0.824092205712639,0.51498005958164,-0.494455323,0.0205247361540559,0.233162607,native,8
Speaker012,Tone2,o,Speaker012_Tone 2_o,4.02472242419168,3.9158423732502,3.81680762428209,3.75101325545044,3.71001364682946,3.68385935274334,3.67066902761987,3.66878109735521,3.67684044819089,3.69181165674732,3.71211920623977,3.73644809708972,3.76260158042321,3.7912783198632,3.8280131224738,3.88057873383396,3.95674486300007,4.04809227697781,4.15908445401616,4.33249133400533,70.29318726,260.1022027,0.663710236650119,4.02472242419168,3.71001364682946,3.69181165674732,3.8280131224738,4.33249133400533,20,8,4.33249133400533,3.66878109735521,3.82472364581568,0.297322902713108,1.84303787613813,3.93418484943537,-0.784038783,0.45,1.10946532107732,0.352817452549968,-0.610205927,-0.257388474,0.281851404,native,9
Speaker012,Tone2,u,Speaker012_Tone 2_u,4.0098344883484,4.08615284890967,4.08353788274864,4.01383614794152,3.95473928755069,3.90954409360577,3.88265011141341,3.87150827084687,3.87131060115815,3.87904396116402,3.89448084437513,3.91668984558918,3.95085322711717,3.99979698708998,4.07359626930349,4.17871757362596,4.32362786961668,4.48552030035196,4.57119488856149,4.34758052124725,70.29318726,260.1022027,0.699884287403337,4.0098344883484,3.95473928755069,3.87904396116402,4.07359626930349,4.34758052124725,19,9,4.57119488856149,3.87131060115815,4.05019203219156,0.428978231438356,1.71213964738566,4.05789254095788,-0.403866128,0.55,1.53790440062819,0.222126370402129,-0.69205698,-0.46993061,0.293628824,native,11
Speaker012,Tone2,y,Speaker012_Tone 2_y,4.18411289492191,4.17558351817332,4.11462287023303,4.02003094471169,3.91423207205843,3.80424674061229,3.71297676039607,3.65051828322686,3.61550346146624,3.60042540837325,3.59954888241592,3.61349425663893,3.63981235415447,3.67417536969865,3.71410584176643,3.76147880361818,3.8252533035768,3.91536799208797,3.99834216443921,4.01398192576369,70.29318726,260.1022027,0.584564012505987,4.18411289492191,3.91423207205843,3.60042540837325,3.71410584176643,4.01398192576369,1,11,4.18411289492191,3.59954888241592,3.8081015626417,-0.208430307,2.19896079434601,4.22076258158502,-1.441877187,0.49,0.956491745944155,0.706519821536953,-0.48781079,0.218709031105434,0.27759087,native,9.8
Speaker012,Tone3,a,Speaker012_Tone 3_a,4.10259496707373,3.98212501120235,3.79955887617236,3.64886512673643,3.53699647250649,3.48985581970459,3.50372764302303,3.66010554918188,3.94161982424371,4.13740953334386,3.92735913119014,3.1563248268228,2.19275578058308,1.48753373051817,1.08945856879911,0.654342762402716,0.232069753360128,0,0.0962635179971784,1.10563814489819,70.29318726,260.1022027,4.13740953334386,4.10259496707373,3.53699647250649,4.13740953334386,1.08945856879911,1.10563814489819,10,18,4.13740953334386,0,2.6310393774429,-4.310605081,-4.994240302,3.85722838950442,-0.455095594,0.47,-7.558038564,0.213894929010056,4.00576043899485,4.2196553680049,0.302715811,native,9.4
Speaker012,Tone3,e,Speaker012_Tone 3_e,3.97106204293863,3.96125065637468,3.89916880364963,3.85416577288284,3.88677893764056,3.80463329137066,3.3745467592247,2.50802788484616,1.56470347987584,0.856113659316426,0.56443515711283,0.380538069948027,0.263131372322359,0.311763032797608,0.575284972306305,1.20853516164835,2.04243107734842,2.91391786632294,3.62399037666589,4.12381161085253,70.29318726,260.1022027,3.86068023853017,3.97106204293863,3.88677893764056,0.856113659316426,0.575284972306305,4.12381161085253,20,13,4.12381161085253,0.263131372322359,2.26981073315976,-1.945649398,13.0648293368258,4.74428479397672,-6.946457828,0.69,13.8537523683612,4.79305590157085,-4.294663234,0.498392667378884,0.285223844,native,13.8
Speaker012,Tone3,i,Speaker012_Tone 3_i,4.47942632581299,4.32469599410202,4.13505299122356,4.00903594748117,3.91396322788733,3.73251280680343,3.37846707200315,2.93631485559296,2.60150029246405,2.53975016216582,2.66817689848387,2.9042405118239,3.20902192964937,3.54602047949152,3.83325495112105,4.04155505337045,4.17741688190657,4.27702974805412,4.36043597128813,4.40289777093263,70.29318726,260.1022027,1.93967616364717,4.47942632581299,3.91396322788733,2.53975016216582,3.83325495112105,4.40289777093263,1,10,4.47942632581299,2.53975016216582,3.61291995584508,0.133648379509954,6.91051330211208,4.62833152275109,-4.315504778,0.47,3.88109835423761,2.02828724548073,-2.056982128,-0.028694882,0.273195827,native,9.4
Speaker012,Tone3,o,Speaker012_Tone 3_o,3.91359072126188,3.78005098845013,3.67291524910922,3.62888001096387,3.57316764447718,3.39315757029848,2.98707624337116,2.39845835731032,1.83787741513699,1.45336206314592,1.19052957986249,0.85531526667849,0.464181785913101,0.155867147185769,0.0688983544011687,0.204488931402362,0.481321295072825,0.790988754135336,1.27640354304915,2.0603822109937,70.29318726,260.1022027,3.84469236686071,3.91359072126188,3.57316764447718,1.45336206314592,0.0688983544011687,2.0603822109937,1,15,3.91359072126188,0.0688983544011687,1.85396874490048,-3.737061332,6.31296793499624,4.4161860810703,-5.936116293,0.77,8.85398786626528,4.57080954522895,-2.036417209,2.53439233598793,0.288728811,native,15.4
Speaker012,Tone3,u,Speaker012_Tone 3_u,4.32540525508129,4.16745805706929,4.0052410568298,3.8967003712146,3.84554256007925,3.78324744338808,3.56107090033084,3.17185477813374,2.82925981381073,2.71797444697345,2.72950512590381,2.81127211659174,3.07272568143371,3.41167012724813,3.63159138723033,3.69544410811568,3.70056017592919,3.60559924221953,3.28193092750168,3.0609055204549,70.29318726,260.1022027,1.60743080810784,4.32540525508129,3.84554256007925,2.71797444697345,3.63159138723033,3.0609055204549,1,10,4.32540525508129,2.71797444697345,3.435251537,-0.746053953,3.41959166180288,4.40355589242407,-3.207858165,0.47,1.32748404597492,1.50769333776695,-0.703566544,0.804126793400244,0.329061892,native,9.4
Speaker012,Tone3,y,Speaker012_Tone 3_y,4.0744275795611,3.96871220776528,3.84722779932205,3.78740493987734,3.82493101993333,3.96371793416446,4.08951051042443,3.93541885744476,3.37871920598173,2.46563076171067,1.71688372174725,1.51530042635578,1.89005235717984,2.60652015627617,3.34948715652333,3.80279328372952,3.99569401876034,4.09112855296124,4.2507896928731,4.43917945363141,70.29318726,260.1022027,2.92387902727563,4.0744275795611,3.82493101993333,2.46563076171067,3.34948715652333,4.43917945363141,20,12,4.43917945363141,1.51530042635578,3.38602758763636,-0.208949832,7.25597393592622,4.52598888841129,-3.95209165,0.6,6.47164917393707,2.37125499012668,-2.58865967,-0.217404679,0.303742776,native,12
Speaker013,Tone2,a,Speaker013_Tone 2_a,1.70919453721254,1.80603612201559,1.86521676711045,1.88376592402699,1.89940799686373,1.89531946920198,1.86850443470897,1.82593587844792,1.79003540277085,1.77837670448228,1.80016163464185,1.86595285895956,1.97923923745783,2.13847261120978,2.32809764352594,2.54125219262123,2.79249246120414,3.08626432708181,3.37527609738558,3.50696741167237,68.31899433,225.0762281,1.79777287445983,1.70919453721254,1.89940799686373,1.77837670448228,2.32809764352594,3.50696741167237,20,1,3.50696741167237,1.70919453721254,2.15634705203624,1.49750062329185,3.47146342969637,1.8218990503504,0.0428245186296462,0.62,4.42874948054641,-0.026551202,-1.682924803,-1.709476004,0.30355338,native,12.4
Speaker013,Tone2,e,Speaker013_Tone 2_e,3.27225587627727,2.58713911594558,2.09233362122818,1.91970545223861,1.87568498012917,1.86084429705523,1.866582867,1.89070607952502,1.9352890453241,1.99174286257046,2.05722687636969,2.13711011525496,2.23592017191431,2.36079213442648,2.5082025832045,2.69065620339028,2.91003228988109,3.1647924681593,3.42851707584243,3.63525131082106,68.31899433,225.0762281,1.77440701376583,3.27225587627727,1.87568498012917,1.99174286257046,2.5082025832045,3.63525131082106,20,6,3.63525131082106,1.86084429705523,2.37375044578124,1.01155515370884,5.39092610988996,3.02932266075781,-6.384645323,0.24,2.41405470749028,1.53231487759402,-1.834681578,-0.3023667,0.284815517,native,4.8
Speaker013,Tone2,i,Speaker013_Tone 2_i,2.50162030845707,2.05898240109059,1.75458189635948,1.67836955636838,1.67882828769146,1.69183819636536,1.7119940883787,1.73478398238793,1.76225144544588,1.79938698008049,1.85738098061137,1.94073437530142,2.04622791404237,2.17485541351046,2.34405292980804,2.55412959288076,2.81012609872731,3.11309318879997,3.4333687281909,3.74892491008771,68.31899433,225.0762281,2.07055535371934,2.50162030845707,1.67882828769146,1.79938698008049,2.34405292980804,3.74892491008771,20,4,3.74892491008771,1.67836955636838,2.17675830305426,1.47203997301885,4.90408171695207,2.02369744739671,-0.698567986,0.55,4.36218858431432,0.384212392329493,-1.962984863,-1.578772471,0.262330082,native,11
Speaker013,Tone2,o,Speaker013_Tone 2_o,3.04732648999789,2.17581666337767,1.968666935,1.990817425,1.99646332386308,1.9794306645385,1.93534239278987,1.86220338733187,1.77113040439335,1.68683812870681,1.63723418044289,1.63375001129342,1.66987000198092,1.7358001887482,1.82117697972245,1.92958112265474,2.09884135450313,2.40126386403471,2.86991697240112,3.03471775311377,68.31899433,225.0762281,1.41357647870446,3.04732648999789,1.99646332386308,1.68683812870681,1.82117697972245,3.03471775311377,1,12,3.04732648999789,1.63375001129342,2.02048333293574,0.206760134379467,4.7681730378774,2.40216782691163,-1.426256192,0.66,4.43016324898443,0.941329086581547,-1.506255505,-0.564926418,0.389459306,native,13.2
Speaker013,Tone2,u,Speaker013_Tone 2_u,1.37535037743359,1.59033823823774,1.6859216194172,1.70077928445681,1.71337324438367,1.72802452157457,1.74727020975847,1.77029215935194,1.80394567433532,1.86400022903571,1.94806340822327,2.04522739097902,2.15809667433953,2.29583815111554,2.47755901381533,2.70986786769567,2.99616590905082,3.31663299435867,3.60155242957523,3.65246293210967,68.31899433,225.0762281,2.27711255467608,1.37535037743359,1.71337324438367,1.86400022903571,2.47755901381533,3.65246293210967,20,1,3.65246293210967,1.37535037743359,2.18335921871555,2.0435804902226,2.9273943431394,1.50627706892996,0.834558500222654,0.62,4.47982338664795,-0.51742627,-1.702332887,-2.219759157,0.326038816,native,12.4
Speaker013,Tone2,y,Speaker013_Tone 2_y,1.35196695197973,1.4124211021965,1.46772477276123,1.53364780749778,1.62728576795169,1.72784702759349,1.81214917762339,1.87974384130136,1.95391460358642,2.03661573901735,2.11848122387282,2.2129024891525,2.34737785144591,2.52643815137956,2.73848721627422,3.00202577384014,3.33432792963501,3.66360721122571,3.92926971699378,3.97892788455194,68.31899433,225.0762281,2.62696093257221,1.35196695197973,1.62728576795169,2.03661573901735,2.73848721627422,3.97892788455194,20,1,3.97892788455194,1.35196695197973,2.30921248864672,2.59229551580923,2.68420106159249,1.31733198862681,1.54465395186553,0.64,4.98132344684658,-0.988578529,-1.793276441,-2.78185497,0.373126815,native,12.8
Speaker013,Tone3,a,Speaker013_Tone 3_a,1.98929625108312,2.32978841902919,2.21909666257154,1.93565235727586,1.67751275110072,1.46673619710449,1.27553467993927,1.11122719078954,0.97161924768115,0.943756724818547,1.01617109194902,1.18204122067901,1.38372837314118,1.55898557286711,1.7617392721842,2.01927574293537,2.16083096726669,2.13654643137545,1.98870872962216,1.80957642499836,68.31899433,225.0762281,1.38603169421064,1.98929625108312,1.67751275110072,0.943756724818547,1.7617392721842,1.80957642499836,2,10,2.32978841902919,0.943756724818547,1.60890151343191,0.0420114297240781,4.33082602671053,2.34134568447868,-3.233377043,0.43,2.2312875441108,1.39035212863856,-1.2718339,0.118518228495409,0.520496229,native,8.6
Speaker013,Tone3,e,Speaker013_Tone 3_e,3.3832159970921,2.64527487333275,2.29638361073979,2.04410740213507,1.85888126749608,1.72564521429837,1.58496347571505,1.3197232725321,0.805809133030773,0.247792553836634,0,0.0539546159388846,0.446578168522379,1.14286010010414,1.70972370241408,2.12271549771168,2.42924311441877,2.6174903874468,2.65299511633237,2.59965890532746,68.31899433,225.0762281,3.3832159970921,3.3832159970921,1.85888126749608,0.247792553836634,1.70972370241408,2.59965890532746,1,11,3.3832159970921,0,1.5933467069772,-0.173398529,10.3744689326236,3.12308816881663,-5.700720014,0.53,6.38890383685564,3.02138160739345,-3.002784803,0.0185968040712976,0.483436865,native,10.6
Speaker013,Tone3,i,Speaker013_Tone 3_i,3.23939866081698,2.74473981900113,2.60951859828727,2.43895318438014,2.2261052451254,1.97781920935103,1.73105638685525,1.53368054204072,1.38544278378642,1.23035473186766,1.09069908990386,1.02741287373245,1.04354368229267,1.14929241463417,1.32624372569161,1.55687535409866,1.82697274449853,2.04793267154028,2.130093803,2.35070424636785,68.31899433,225.0762281,2.21198578708453,3.23939866081698,2.2261052451254,1.23035473186766,1.32624372569161,2.35070424636785,1,12,3.23939866081698,1.02741287373245,1.77589219592222,-0.923945663,6.54927633581562,3.06102411546893,-3.974175847,0.56,3.37990678780327,2.22553847420131,-1.487158987,0.738379487567869,0.494679583,native,11.2
Speaker013,Tone3,o,Speaker013_Tone 3_o,1.91397593487688,2.42197041446281,2.45528164770985,2.40083284546306,2.2360562944225,1.97157724364621,1.68061069466299,1.44745150168225,1.30631473777897,1.11863603803415,0.899911974313635,0.822503717567236,0.814462260359237,0.837271215450992,0.900150134840895,1.10750320430087,1.44710073183117,1.787475033,1.96634947284833,1.89717843,68.31899433,225.0762281,1.64081938735061,1.91397593487688,2.2360562944225,1.11863603803415,0.900150134840895,1.89717843,3,13,2.45528164770985,0.814462260359237,1.53074335717494,-0.903939042,4.66115438834479,2.54486115439374,-2.824412304,0.66,4.06290214829062,1.86411212,-1.38138673,0.482725389915191,0.667696786,native,13.2
Speaker013,Tone3,u,Speaker013_Tone 3_u,1.93425212323325,2.03917484007277,2.08988674846676,2.12978870213377,2.12571039356702,2.06179091668294,1.91858057433994,1.73061435618343,1.57215887267741,1.4289222877651,1.26076296021739,1.16466272885453,1.20383372769564,1.33233210139631,1.53111976916534,1.81314158460496,2.20169523766397,2.52016615859926,2.55089233324476,2.34113051,68.31899433,225.0762281,1.38622960439023,1.93425212323325,2.12571039356702,1.4289222877651,1.53111976916534,2.34113051,19,12,2.55089233324476,1.16466272885453,1.81360240835281,0.106803934280223,3.86784192666107,2.26096494990978,-1.646443291,0.63,3.86769502214184,1.0372592734958,-1.431047158,-0.393787885,0.617217427,native,12.6
Speaker013,Tone3,y,Speaker013_Tone 3_y,1.91458640811505,2.10423209163314,2.20137671972877,2.23116830789553,2.20890723971357,2.1192892493286,1.98760860457845,1.83930096689224,1.69717389531964,1.55294024819916,1.40859553730031,1.27655719565328,1.24698408414789,1.36163977445815,1.62224935806464,1.96662162461824,2.30269026076837,2.43979402877311,2.31369471514163,2.09658548772696,68.31899433,225.0762281,1.19280994462521,1.91458640811505,2.20890723971357,1.55294024819916,1.62224935806464,2.09658548772696,18,13,2.43979402877311,1.24698408414789,1.86867252578088,-0.062330996,2.95570810990304,2.30366008149702,-1.481550804,0.63,2.98203779116932,0.933377006416287,-1.103353983,-0.169976976,0.647484767,native,12.6
Speaker014,Tone2,a,Speaker014_Tone 2_a,3.18264621890532,2.74081725262999,2.4375599312484,2.32778389132328,2.27446059523744,2.23891114444441,2.20961257529701,2.18057961863025,2.15989549784023,2.15975262198616,2.19608069335126,2.26998995150952,2.37762992369026,2.50272771228141,2.63445151830974,2.77865727607485,2.9368378640182,3.108355282,3.21496312173296,3.22405677073909,60.2844581,188.1395685,1.06430414875294,3.18264621890532,2.27446059523744,2.15975262198616,2.63445151830974,3.22405677073909,20,10,3.22405677073909,2.15975262198616,2.52337607578845,0.561951541930835,3.9230132887445,2.8740813596227,-2.291814174,0.4,2.16091740984743,0.91672566950246,-1.296550446,-0.379824776,0.269197116,native,8
Speaker014,Tone2,e,Speaker014_Tone 2_e,3.12172234942148,3.01734798647813,2.89536582742838,2.7761964146013,2.67507911915698,2.61821235978773,2.605123703,2.61715760770632,2.64999445026233,2.70011362744359,2.76804922375051,2.84937060077198,2.94271363840503,3.04826649059121,3.16263730114165,3.27926980049962,3.36939461233429,3.39734295689002,3.35518117872174,3.24247998777186,60.2844581,188.1395685,0.792219254265014,3.12172234942148,2.67507911915698,2.70011362744359,3.16263730114165,3.24247998777186,18,7,3.39734295689002,2.605123703,2.93677511560989,0.574579408475706,2.02644646447006,3.10841386686569,-1.941878666,0.3,1.31956085766759,0.582563599933301,-0.9236926,-0.341129,0.179180815,native,6
Speaker014,Tone2,i,Speaker014_Tone 2_i,2.74787944394101,2.70680818526644,2.65023288933919,2.60238450987582,2.5737814792065,2.56576368828157,2.57615387990801,2.60686687161349,2.66582306036834,2.75238206037254,2.85919820057617,2.97610352377649,3.10131949243934,3.23686869456058,3.380155919,3.52416176714105,3.65291069483311,3.75751229900168,3.76756817217634,3.64841158498506,60.2844581,188.1395685,1.20180448389477,2.74787944394101,2.5737814792065,2.75238206037254,3.380155919,3.64841158498506,19,6,3.76756817217634,2.56576368828157,3.00157934619789,1.30468142274086,1.82798711114242,2.72560446182826,-0.594262169,0.34,2.03892482878168,0.202049137493892,-1.345690387,-1.14364125,0.236590277,native,6.8
Speaker014,Tone2,o,Speaker014_Tone 2_o,2.83934461951171,2.79119225971709,2.75859735789124,2.70423533577712,2.64764546664478,2.59642950254396,2.56206747584478,2.54281684760525,2.53440571447755,2.53280256157779,2.54158938396456,2.56788092847484,2.63817309349838,2.77660518071075,2.98559200348944,3.24678059266487,3.52886514482747,3.81189493340239,4.06215164661367,4.03623806022734,60.2844581,188.1395685,1.52934908503588,2.83934461951171,2.64764546664478,2.53280256157779,2.98559200348944,4.03623806022734,19,10,4.06215164661367,2.53280256157779,2.89945486794999,1.18639489462567,4.08240127765202,2.79066795820914,-0.541438654,0.6,4.27015812076706,0.324863192369459,-1.708063248,-1.383200056,0.311985419,native,12
Speaker014,Tone2,u,Speaker014_Tone 2_u,3.32611957050803,2.79677968144789,2.52578811768172,2.51757264744532,2.51273079385794,2.51492665215894,2.52538283028098,2.54155631329652,2.57034039018111,2.62458912372135,2.70899872453987,2.816594827,2.93618419609055,3.08280988567511,3.26051302906499,3.47794805976236,3.71551288976221,3.93431942418182,4.08846047795057,4.21302365140909,60.2844581,188.1395685,1.70029285755115,3.32611957050803,2.51273079385794,2.62458912372135,3.26051302906499,4.21302365140909,20,5,4.21302365140909,2.51273079385794,2.9982145287067,1.42195589792018,4.13740605586557,2.94126371628873,-1.529594257,0.4,3.07571041933596,0.611837702854379,-1.845426252,-1.233588549,0.316201438,native,8
Speaker014,Tone2,y,Speaker014_Tone 2_y,2.43126246245374,2.52143942733236,2.55191927534784,2.5322252939403,2.49933296409674,2.4842079392063,2.48893572213021,2.5075649522774,2.5366053527393,2.57861805169786,2.64596895256477,2.75089169727679,2.90083770553024,3.08984418983428,3.29746365590206,3.50617780630036,3.70647437843054,3.88831597344512,3.95648164533551,3.86840032251741,60.2844581,188.1395685,1.52521918288176,2.43126246245374,2.49933296409674,2.57861805169786,3.29746365590206,3.86840032251741,19,1,3.95648164533551,2.43126246245374,2.91490630405646,1.60414361866099,2.53559761721092,2.48105037358346,0.143365375233423,0.5,3.06492186208855,-0.071682688,-1.532460931,-1.604143619,0.233989064,native,10
Speaker014,Tone3,a,Speaker014_Tone 3_a,3.01842996315127,2.6973402895142,2.46613224481421,2.26893312078265,2.07143476679478,1.88610546234026,1.69079031014645,1.48213171754842,1.26306650890938,1.03250190809732,0.789163428850873,0.531552214128657,0.258846456954468,0,0.0154729591955928,0.699124367580381,1.68465555929185,2.39503549795738,2.66565519236908,2.74315010939442,60.2844581,188.1395685,3.01842996315127,3.01842996315127,2.07143476679478,1.03250190809732,0.0154729591955928,2.74315010939442,1,14,3.01842996315127,0,1.50114661191926,-0.953599573,9.32856208478715,2.97963069215077,-4.234122508,0.71,10.923935800683,3.00622698098348,-3.167941382,-0.161714401,0.341497553,native,14.2
Speaker014,Tone3,e,Speaker014_Tone 3_e,3.27566282459647,2.79598941621044,2.42174164897769,2.26945994850532,2.20993829592424,2.20439753898351,2.23169090186134,2.27796049376193,2.33043363236598,2.38309022099719,2.43512314625769,2.48654700869555,2.53599853250291,2.57770429153525,2.60698045296991,2.63272048305549,2.68279195766113,2.78333698987414,2.95752027594102,3.36221884236721,60.2844581,188.1395685,1.1578213033837,3.27566282459647,2.20993829592424,2.38309022099719,2.60698045296991,3.36221884236721,20,6,3.36221884236721,2.20439753898351,2.54589079882018,0.395633463507559,3.09789828185187,3.1935660211051,-6.310446322,0.18,1.14000652714434,1.13588033801773,-0.934805352,0.201074985759373,0.30355338,native,3.6
Speaker014,Tone3,i,Speaker014_Tone 3_i,2.73531088818947,2.71953380224434,2.57966756502483,2.37465515813134,2.21888273313731,2.14624761741123,2.14045949565196,2.15872081103989,2.14532979392428,2.10716105035478,2.1010392774326,2.15153085703541,2.20888463330341,2.24208287631036,2.25619759265433,2.28930746470181,2.38192175516701,2.55205710293232,2.77114292008552,3.06503524250707,60.2844581,188.1395685,0.96399596507447,2.73531088818947,2.21888273313731,2.10716105035478,2.25619759265433,3.06503524250707,20,11,3.06503524250707,2.1010392774326,2.33969591471303,0.136590179744936,3.14212695497838,2.67716065274801,-1.46024291,0.5,1.73342326961423,0.730121455062179,-0.866711635,-0.13659018,0.340914356,native,10
Speaker014,Tone3,o,Speaker014_Tone 3_o,3.4197110231696,2.9185111726124,2.62097008973249,2.44821581947768,2.29100891511041,2.1925597028582,2.17253426460844,2.19937305076718,2.24022839334216,2.28508239749591,2.33258022215049,2.38101956679945,2.42893064121127,2.47632485186923,2.52307975702668,2.56709729548839,2.6155777288796,2.69650219994064,2.82789960823425,3.01078836975793,60.2844581,188.1395685,1.24717675856116,3.4197110231696,2.29100891511041,2.28508239749591,2.52307975702668,3.01078836975793,1,7,3.4197110231696,2.17253426460844,2.50274335661192,0.0536372220834794,3.38082924827619,3.27849126453943,-5.077678196,0.24,1.02665946600014,1.21864276711373,-0.780261194,0.438381572953625,0.360469639,native,4.8
Speaker014,Tone3,u,Speaker014_Tone 3_u,3.0930607526627,2.85606591299547,2.61281258225924,2.38323103349758,2.20514266931195,2.12398124015241,2.1130453513928,2.12058585834979,2.11794718739006,2.09418257784034,2.07116936547664,2.0960407568653,2.17901737921925,2.26443547986616,2.31685667344895,2.37294481812585,2.51088899842243,2.72197791303085,2.8878170936115,2.9219145933076,60.2844581,188.1395685,1.02189138718606,3.0930607526627,2.20514266931195,2.09418257784034,2.31685667344895,2.9219145933076,1,11,3.0930607526627,2.07116936547664,2.36959882076365,0.0775697869238226,3.82550838513723,3.00029246091222,-3.273736215,0.34,1.37338201862872,1.11307031314031,-0.906432132,0.206638180845353,0.365739663,native,6.8
Speaker014,Tone3,y,Speaker014_Tone 3_y,2.68380807782792,2.79610625999321,2.69944034894785,2.50518358867424,2.33465878469638,2.23056687229584,2.1805046407884,2.16840714177326,2.17678127389079,2.1983153539006,2.22369253625726,2.24566587965857,2.26302861219702,2.28158290274617,2.30063453665098,2.31882853646585,2.37499768186793,2.52691800117757,2.78882966110255,3.34263347758722,60.2844581,188.1395685,1.17422633581396,2.68380807782792,2.33465878469638,2.1983153539006,2.30063453665098,3.34263347758722,20,8,3.34263347758722,2.16840714177326,2.40385339008394,0.142612726334183,3.21204329087811,2.56043395189585,-0.528206582,0.82,6.18604447503086,0.433129397496043,-1.113488006,-0.680358608,0.349731697,native,16.4
Speaker015,Tone2,a,Speaker015_Tone 2_a,2.95513866725705,2.92534330084347,2.88614794255686,2.82795194382393,2.76279771439889,2.71282030422975,2.69962060684036,2.72902318023732,2.80132059345139,2.89308187632506,2.98145965465952,3.05946916009448,3.14547208929833,3.24865724682921,3.37046916392548,3.51301807859288,3.68379670595314,3.86709940183118,4.02421606535601,4.0383326215677,58.19680613,142.5062645,1.33871201472734,2.95513866725705,2.76279771439889,2.89308187632506,3.37046916392548,4.0383326215677,20,7,4.0383326215677,2.69962060684036,3.13342427352233,1.22944805960423,2.60347983146515,2.95078678767681,-0.755115551,0.39,2.27652738100137,0.294495065071724,-1.388681702,-1.094186637,0.312382092,native,7.8
Speaker015,Tone2,e,Speaker015_Tone 2_e,2.94353476130516,3.14107341306734,3.19192786928418,3.14420085428962,3.11182596563238,3.09933449625767,3.09755062229401,3.09802265435543,3.09981232424807,3.10614060594056,3.12125383881676,3.15690859116699,3.2178256788543,3.31323766293371,3.43420941516282,3.56287562226625,3.67941084607287,3.77424533635984,3.87158117894998,4.04283202088221,58.19680613,142.5062645,1.09929725957706,2.94353476130516,3.11182596563238,3.10614060594056,3.43420941516282,4.04283202088221,20,1,4.04283202088221,2.94353476130516,3.29527945106484,0.846691696928718,1.72262400000685,3.0838639590497,0.0886187104422011,0.6,2.19966785622752,-0.053171226,-0.879867142,-0.933038369,0.318826492,native,12
Speaker015,Tone2,i,Speaker015_Tone 2_i,3.71859068530983,3.45572599082647,3.31382516787737,3.24953678414106,3.18957927770204,3.14187941623052,3.11574732439345,3.11050788907058,3.12427465449351,3.16355191828364,3.21983221800247,3.27382919301277,3.33231903414683,3.42578306415979,3.54462219069381,3.66763056591674,3.79138170192419,3.93524797622206,4.08940498750955,4.13949266301659,58.19680613,142.5062645,1.02898477394601,3.71859068530983,3.18957927770204,3.16355191828364,3.54462219069381,4.13949266301659,20,8,4.13949266301659,3.11050788907058,3.42408288687446,0.68289293622779,2.97029830303102,3.55689231162638,-1.458621803,0.4,1.88278434798737,0.583448721140263,-1.129670609,-0.546221888,0.350398038,native,8
Speaker015,Tone2,o,Speaker015_Tone 2_o,3.9642727792231,3.53982029601089,3.43713277501867,3.40375929894097,3.34159253924309,3.27795089040404,3.2306463346277,3.17201792877639,3.132309549,3.13014511543219,3.15032795892271,3.17869589757202,3.20507376005369,3.24400986399668,3.31439417188343,3.41225652636267,3.54477006285468,3.73877914295565,3.96400781091468,4.02786554024737,58.19680613,142.5062645,0.89772042481518,3.9642727792231,3.34159253924309,3.13014511543219,3.31439417188343,4.02786554024737,20,10,4.02786554024737,3.13014511543219,3.39185218958044,0.232867782949784,3.26487136799145,3.66989477105883,-1.237828901,0.55,2.19108965442167,0.68080589575788,-0.985990344,-0.305184449,0.438465994,native,11
Speaker015,Tone2,u,Speaker015_Tone 2_u,3.47137401526274,3.48828921656532,3.50289384662672,3.52836566661926,3.54805690520392,3.55707988733019,3.55498802902758,3.55013209488961,3.55243013904401,3.56442178939789,3.58482629250085,3.60928406606796,3.64739015964679,3.7158952777998,3.83225116033219,3.99689456962973,4.19465359536087,4.39638006321034,4.58577368831737,4.78649705090679,58.19680613,142.5062645,1.31512303564406,3.47137401526274,3.54805690520392,3.56442178939789,3.83225116033219,4.78649705090679,20,1,4.78649705090679,3.47137401526274,3.76298957519546,1.07037104477836,2.32609025603483,3.48335157325044,0.210335994828537,0.67,3.44547080952793,-0.140925117,-1.137005367,-1.277930484,0.311048525,native,13.4
Speaker015,Tone2,y,Speaker015_Tone 2_y,3.06836472618249,3.26776479721729,3.33156229004219,3.30253070167315,3.27425294883949,3.25553337610408,3.25169935038582,3.2615985805688,3.28295351901559,3.31090380004192,3.34137488726553,3.37545853745571,3.41839791744953,3.47277341301377,3.5452409721942,3.63937426832825,3.74515485891477,3.8516062544344,3.95381456133706,4.11562584331268,58.19680613,142.5062645,1.04726111713019,3.06836472618249,3.27425294883949,3.31090380004192,3.5452409721942,4.11562584331268,20,1,4.11562584331268,3.06836472618249,3.44191573907699,0.776839783858064,1.29772368675044,3.19915841107458,0.27879484639457,0.65,1.98535098919103,-0.18121665,-0.694872846,-0.876089496,0.327345157,native,13
Speaker015,Tone3,e,Speaker015_Tone 3_e,3.34537155603902,3.35011305671733,3.13489205810475,2.97721836176295,2.81590242472921,2.50379488448024,1.92289764265226,1.26509528371429,1.0217842719888,1.19739285278896,1.45028269725752,1.69514689933617,1.92972156937913,2.14687123284219,2.42308547235308,2.80389331601637,3.05316061292054,3.06859453682677,3.00498427368816,3.26376034119485,58.19680613,142.5062645,2.32832878472853,3.34537155603902,2.81590242472921,1.19739285278896,2.42308547235308,3.26376034119485,2,9,3.35011305671733,1.0217842719888,2.34703678128344,-0.015993951,8.16939799900607,3.70794804300969,-5.812762188,0.44,4.09229685304273,2.55761536264749,-2.291686238,0.265929124943562,0.447834925,native,8.8
Speaker015,Tone3,i,Speaker015_Tone 3_i,3.35227036175402,3.49817148214877,3.2601784410371,2.98528371017755,2.77057635497253,2.73642063364518,2.97131368419559,3.1858213369417,3.21328110878844,3.21038247026241,3.16683004191404,3.05798646091855,2.93172343461273,2.80278953099488,2.75221832679244,3.11606654534725,3.47479024311442,3.43120027220208,3.22317795767314,3.04372004124366,58.19680613,142.5062645,0.761750848503589,3.35227036175402,2.77057635497253,3.21038247026241,2.75221832679244,3.04372004124366,2,6,3.49817148214877,2.73642063364518,3.09866772691379,-0.008935103,1.20183303262573,3.48234262098029,-2.687248101,0.21,0.381882970568097,0.564322101228461,-0.301687547,0.262634554479665,0.580873752,native,4.2
Speaker015,Tone3,o,Speaker015_Tone 3_o,3.75559212987114,3.42475852221963,3.34975810729826,3.23520513611452,3.09781208570409,2.93372301049688,2.70002919716138,2.52357433895102,2.54239206932963,2.5522887049429,2.38813547609266,2.15484083112506,1.90957033118345,1.65374379260069,1.46753824504951,1.92112049019222,2.76442285145124,3.09255449408558,3.0786747268548,3.01968635167779,58.19680613,142.5062645,2.28805388482163,3.75559212987114,3.09781208570409,2.5522887049429,1.46753824504951,3.01968635167779,1,15,3.75559212987114,1.46753824504951,2.63318643764584,-0.967199335,5.1396451950681,3.65397544793881,-2.698801755,0.73,6.3002261368101,1.97012528091478,-1.701061057,0.269064223976053,0.530281522,native,14.6
Speaker015,Tone3,u,Speaker015_Tone 3_u,3.78529256787414,3.37306209270659,3.21962021161112,3.07009214139095,2.93238405225953,2.90592604883059,2.90056248041635,2.8802716452075,2.8177659919405,2.43404067801277,1.67214709801113,0.741735609602376,0,0.205276322929627,1.63949241898021,2.98762634924917,3.46033317803223,3.44278635276495,3.27063748373608,3.24653868315029,58.19680613,142.5062645,3.78529256787414,3.78529256787414,2.93238405225953,2.43404067801277,1.63949241898021,3.24653868315029,1,13,3.78529256787414,0,2.47600419573005,-0.780078572,8.35339270499968,3.98174568680074,-4.646471064,0.65,8.6017629033018,3.02020619144753,-3.010617016,0.00958917529190284,0.539650454,native,13
Speaker015,Tone3,y,Speaker015_Tone 3_y,3.07924036409102,3.29378753861372,3.22816385805504,3.11534090646285,2.99129631905411,2.882539081,2.75361357274423,2.64046101365408,2.60599098302213,2.59286984859656,2.55959829154047,2.53725707648019,2.62177141566127,2.8816633103496,3.13662977859966,3.34056022924703,3.41153013540694,3.33694370365013,3.11049211095236,2.94705079446622,58.19680613,142.5062645,0.874273058926752,3.07924036409102,2.99129631905411,2.59286984859656,3.13662977859966,2.94705079446622,17,12,3.41153013540694,2.53725707648019,2.93244051759985,0.0935239965405834,2.38254288169979,3.29178059635029,-1.606314903,0.46,1.44574889316111,0.738904855363923,-0.780704402,-0.041799547,0.532155308,native,9.2
Speaker016,Tone2,a,Speaker016_Tone 2_a,2.74298287326173,2.98905049240488,3.02880542490855,2.89750762923879,2.73342775352855,2.57686903713756,2.44548863644001,2.37267845476228,2.37038684682769,2.44301382821334,2.57633241625993,2.73397372375938,2.89826033839121,3.04896479058796,3.18147755656648,3.29315396173999,3.39239361191412,3.49219821038847,3.55293254577514,3.55401742369943,66.864698,217.3257434,1.18363057687173,2.74298287326173,2.73342775352855,2.44301382821334,3.18147755656648,3.55401742369943,20,9,3.55401742369943,2.37038684682769,2.88983433727882,0.829354965768529,3.0052042183059,3.01036933374589,-1.565224649,0.41,2.25273699836677,0.641742106193627,-1.329114829,-0.687372723,0.26987686,native,8.2
Speaker016,Tone2,e,Speaker016_Tone 2_e,2.75428649872463,3.05508492613014,3.19467292197724,3.1809637942175,3.11594293742544,3.06067151214675,3.02130812340497,3.0003008214402,2.9999056302833,3.02615777544004,3.07529549578671,3.14433283785444,3.22622481505632,3.31081131646735,3.38662424894781,3.4501586108038,3.50035069918043,3.52478662655317,3.44118816957955,3.24132282365247,66.864698,217.3257434,0.770500127828537,2.75428649872463,3.11594293742544,3.02615777544004,3.38662424894781,3.24132282365247,18,1,3.52478662655317,2.75428649872463,3.18310961191224,0.50242413351964,0.274730576916246,3.01833408053149,0.11774889604702,0.43,0.759541820816623,-0.050632025,-0.432938838,-0.483570863,0.249963704,native,8.6
Speaker016,Tone2,i,Speaker016_Tone 2_i,2.67814338604709,3.03709304256802,3.18350299660712,3.1383305686306,3.08789962204734,3.06529883676997,3.0690430955759,3.09284430013097,3.1292596624507,3.17505727932378,3.23652434008676,3.32375301686223,3.44695134777418,3.58379591999122,3.71675187195696,3.83364410687299,3.93207056375812,4.01288003411142,4.04799605414841,3.96467286743474,66.864698,217.3257434,1.36985266810132,2.67814338604709,3.08789962204734,3.17505727932378,3.71675187195696,3.96467286743474,19,1,4.04799605414841,2.67814338604709,3.37924959183372,1.20676722321915,0.971970135902408,2.94540901991032,0.505536647097463,0.47,1.79740243220383,-0.237602224,-0.952623289,-1.190225513,0.272523779,native,9.4
Speaker016,Tone2,o,Speaker016_Tone 2_o,3.10379999880744,3.17741660703344,3.20036961031418,3.18059314435865,3.16097016104986,3.14531703722413,3.13247441839683,3.12477994495756,3.12730521999749,3.1443678437478,3.17587499482664,3.22899915846868,3.30525966249456,3.4054471899833,3.52560688035787,3.65296884926239,3.77932509979285,3.89871569293617,4.0237317317025,4.14587091466457,66.864698,217.3257434,1.04207091585714,3.10379999880744,3.16097016104986,3.1443678437478,3.52560688035787,4.14587091466457,20,1,4.14587091466457,3.10379999880744,3.3645878550411,0.92042574706369,1.98039123946311,3.15720935584311,-0.017547572,0.56,2.24389923148554,0.00982664055026827,-0.987315662,-0.977489021,0.278322004,native,11.2
Speaker016,Tone2,u,Speaker016_Tone 2_u,2.51847632067685,2.88096420259159,2.99077836783293,2.97002576050517,2.93500186353147,2.90417056859815,2.88872608922999,2.88895461981465,2.90767185170217,2.94894572103091,3.01431533911176,3.09567264227662,3.19633405242222,3.32514070586351,3.48017835358378,3.6399650097065,3.79246070273239,3.92086093737216,3.99097569414735,4.01855944888023,66.864698,217.3257434,1.50008312820337,2.51847632067685,2.93500186353147,2.94894572103091,3.48017835358378,4.01855944888023,20,1,4.01855944888023,2.51847632067685,3.20097167425568,1.28820719609181,1.64584516903229,2.79049648084203,0.399406021729673,0.54,2.40549087714434,-0.215679252,-1.106525803,-1.322205055,0.33915532,native,10.8
Speaker016,Tone2,y,Speaker016_Tone 2_y,2.95816606495731,3.01700309376414,3.01370237060484,2.97890898545594,2.97339312454853,2.97386401051993,2.98417006586126,3.01419431107393,3.0748066730096,3.17366824843065,3.30076610010458,3.44966380589215,3.61438828154923,3.79223002512388,3.97741547859454,4.1567413177609,4.31805094137765,4.46060761396292,4.59129606262436,4.54161770074498,66.864698,217.3257434,1.63312999766706,2.95816606495731,2.97339312454853,3.17366824843065,3.97741547859454,4.54161770074498,19,1,4.59129606262436,2.95816606495731,3.49787827227819,1.82741196833553,2.32040633326593,2.98838419183459,-0.006669314,0.4,2.85504831333984,0.00266772563201689,-1.713028988,-1.710361262,0.322291243,native,8
Speaker016,Tone3,a,Speaker016_Tone 3_a,2.88835290541008,2.4598877279232,2.05192329283002,1.59473834116959,1.06639571461036,0.691964617780031,0.617724446376999,0.783979143807518,1.09918136774791,1.46784725088512,1.76587852620526,2.00849825557665,2.23875885417439,2.46340696808803,2.68147404648322,2.86446434589239,2.97394576704895,2.98501392210649,2.94239475703249,2.95193271786655,66.864698,217.3257434,2.36728947572949,2.88835290541008,1.06639571461036,1.46784725088512,2.68147404648322,2.95193271786655,18,7,2.98501392210649,0.617724446376999,1.97658060463325,1.46058128360226,6.07705999519655,2.92333835017025,-8.700622904,0.26,3.70360065675969,2.26216195497154,-2.740664486,-0.478502531,0.323952933,native,5.2
Speaker016,Tone3,e,Speaker016_Tone 3_e,3.77503384617765,3.47558685268528,3.25133681077999,3.1038627779448,2.9251727221174,2.70580942374959,2.46367498922208,2.20493051035236,1.92790511314031,1.6953107447405,1.57269407035532,1.57818194830674,1.71319019428806,1.99718847097184,2.36740685243911,2.67761079049354,2.84217723251941,2.87475117643036,2.81648281749867,2.92407731191641,66.864698,217.3257434,2.20233977582233,3.77503384617765,2.9251727221174,1.6953107447405,2.36740685243911,2.92407731191641,1,11,3.77503384617765,1.57269407035532,2.48637716474588,-0.701261959,6.63959575890664,3.75279169903156,-4.207011938,0.53,3.4609333184852,2.22971632705187,-1.62663866,0.603077667363825,0.322291243,native,10.6
Speaker016,Tone3,i,Speaker016_Tone 3_i,3.4635358910299,3.28515992291408,3.09294544055891,2.91061078298693,2.73095904559912,2.55579524483135,2.38212859579259,2.20591123311842,2.05243115735058,1.98798112202019,2.06249317868058,2.28775940079859,2.62655238491431,2.96126041496857,3.19665284686811,3.29884496357483,3.28920191308327,3.19405085847311,3.0316263049578,3.09100363960861,66.864698,217.3257434,1.47555476900971,3.4635358910299,2.73095904559912,1.98798112202019,3.19665284686811,3.09100363960861,1,10,3.4635358910299,1.98798112202019,2.74627736683277,0.200031006771194,4.45373493120471,3.46293268755446,-3.459256462,0.41,2.37517857839275,1.41829514927805,-1.401355361,0.0169397880263249,0.345097901,native,8.2
Speaker016,Tone3,o,Speaker016_Tone 3_o,2.87576112289378,3.20905826858063,3.28267178775744,3.15982508657665,3.02145802249366,2.86830218729353,2.72075222544141,2.59229037722254,2.50061386556191,2.45200474166657,2.4664976572771,2.55323909038555,2.69952810412706,2.85430496877836,2.9704177799686,3.02643603742657,3.03475258598265,2.98191092270678,2.87585849221934,2.8351572927954,66.864698,217.3257434,0.830667046090868,2.87576112289378,3.02145802249366,2.45200474166657,2.9704177799686,2.8351572927954,3,10,3.28267178775744,2.45200474166657,2.83286447996844,-0.142228565,1.84424080138386,3.22951107614591,-1.489471637,0.47,0.992532554392257,0.700051669156938,-0.526042254,0.174009415329041,0.314575872,native,9.4
Speaker016,Tone3,u,Speaker016_Tone 3_u,3.53454806785907,3.20803269364311,3.03059702833837,2.94651414947048,2.84499246221543,2.74691205726758,2.63776343114193,2.51187980710544,2.3884019333043,2.3145340778011,2.3303249484956,2.43867420805285,2.60992536424588,2.81170432834773,2.99821875695962,3.13075776562863,3.18946265215585,3.1616142763993,3.12063512079044,3.46540019017604,66.864698,217.3257434,1.22001399005796,3.53454806785907,2.84499246221543,2.3145340778011,2.99821875695962,3.46540019017604,1,10,3.53454806785907,2.3145340778011,2.83583569688617,0.137194589102965,4.01382247554926,3.38218692673186,-2.42110565,0.46,2.1723270230597,1.11370859918369,-1.173056592,-0.059347993,0.337281534,native,9.2
Speaker016,Tone3,y,Speaker016_Tone 3_y,3.95879657964522,3.31021265653929,2.98852899880641,2.84110105557797,2.77065705376507,2.71127096975769,2.59294699426809,2.41965678971107,2.24470006644415,2.13577580102049,2.14321016502606,2.28675840647757,2.53561818591113,2.79911811072174,2.99402126062909,3.08922695242643,3.08570308883613,2.96771066927547,2.73120746855136,2.70147117484667,66.864698,217.3257434,1.82302077862473,3.95879657964522,2.77065705376507,2.13577580102049,2.99402126062909,2.70147117484667,1,10,3.95879657964522,2.13577580102049,2.73199187269146,-0.323701196,3.80677346812535,3.58896789938761,-3.485477741,0.4,1.44784324073505,1.39419109629138,-0.868705944,0.525485151850344,0.414106772,native,8
Speaker017,Tone2,a,Speaker017_Tone 2_a,3.20068048934045,2.67670152572312,2.47119288514554,2.32738889686312,2.22830372155419,2.19159292256885,2.19375545093945,2.22792951207772,2.30304618018077,2.39969938983271,2.51585078140018,2.71189273497827,2.97741960311842,3.21125044354845,3.39292189535227,3.57605147303665,3.74292346363951,3.85050678211936,3.87896340315581,3.71967131476959,73.05692493,155.6354514,1.68737048058696,3.20068048934045,2.22830372155419,2.39969938983271,3.39292189535227,3.71967131476959,19,6,3.87896340315581,2.19159292256885,2.85589989265188,1.53201039861421,3.87454659294913,2.98958434235656,-3.636219242,0.28,2.85996778984445,1.01814138788189,-2.059176809,-1.041035421,0.423055566,native,5.6
Speaker017,Tone2,e,Speaker017_Tone 2_e,2.21861272502075,2.35964222725126,2.34273516861269,2.29194417206371,2.26200756133868,2.26096742469279,2.29997284916893,2.38672436125963,2.5262351828856,2.69667230810542,2.86080358408327,3.01759206681369,3.17372198775199,3.31883351551165,3.45419120888044,3.60265497946826,3.76856248838145,3.89764717755695,3.9289343471035,3.76234970622259,73.05692493,155.6354514,1.71032162208275,2.21861272502075,2.26200756133868,2.69667230810542,3.45419120888044,3.76234970622259,19,1,3.9289343471035,2.21861272502075,2.90909989951789,1.95314339011935,1.41820019534782,2.29766391127251,-0.05872972,0.3,2.54874566145403,0.0176189159895137,-1.784121963,-1.766503047,0.37449354,native,6
Speaker017,Tone2,i,Speaker017_Tone 2_i,2.15528063624419,2.34203233862341,2.35058714483722,2.29502291226901,2.27544118993541,2.27771750693026,2.30357233618165,2.361670469,2.44511987468081,2.53589493634789,2.63053759933337,2.73448417422757,2.85518006441623,2.99499001199071,3.14470858024315,3.27072526276086,3.34889014057481,3.36846397104336,3.32226641031358,3.17084455201771,73.05692493,155.6354514,1.21318333479918,2.15528063624419,2.27544118993541,2.53589493634789,3.14470858024315,3.17084455201771,18,1,3.36846397104336,2.15528063624419,2.7025850393651,1.31356245302406,0.750857148425369,2.26081419102008,0.151733987476707,0.31,1.68130305935861,-0.047037536,-1.160099111,-1.207136647,0.339003327,native,6.2
Speaker017,Tone2,u,Speaker017_Tone 2_u,2.94739250504247,2.52308511388002,2.40832361554143,2.45690925860875,2.53356325349743,2.58996272718029,2.62496157629399,2.67284687856078,2.76664455176148,2.91810999592558,3.09304134589497,3.27878421462664,3.48698644773992,3.69927414492313,3.88404839665419,4.03150404359906,4.13769250632959,4.17609315206776,4.08597040283968,3.93516043513554,73.05692493,155.6354514,1.76776953652633,2.94739250504247,2.53356325349743,2.91810999592558,3.88404839665419,3.93516043513554,18,3,4.17609315206776,2.40832361554143,3.19951383187896,1.93042459619423,1.4824441925846,2.88855554757678,-4.869229026,0.13,2.35964583512125,0.63299977336387,-2.052891877,-1.419892103,0.368960662,native,2.6
Speaker017,Tone2,y,Speaker017_Tone 2_y,3.23409262420717,2.70827458646176,2.51196139897174,2.39422909111742,2.33359338504535,2.32767995632266,2.35183684837722,2.40510419295847,2.49005486657667,2.6219278183547,2.80492352883243,3.00434534496389,3.20630933451768,3.40662026016497,3.56917231744815,3.70146624160811,3.84211647196745,3.98825217393727,4.07767436086108,3.85510447182526,73.05692493,155.6354514,1.74999440453842,3.23409262420717,2.33359338504535,2.6219278183547,3.56917231744815,3.85510447182526,19,6,4.07767436086108,2.32767995632266,3.01328174336361,1.64830468933336,3.24389512130966,3.05074090481883,-3.882982291,0.24,2.69717127235604,0.931915749827203,-2.049850167,-1.117934417,0.398599315,native,4.8
Speaker017,Tone3,a,Speaker017_Tone 3_a,1.82356484318379,2.0526356522956,2.02822482255795,1.81392698426153,1.43697560289792,0.999991316529624,0.50381488416954,0.198944089782275,0.15544484037118,0.159463466476549,0.163544343913302,0.183682626862658,0.484118380972557,1.11206173795009,1.55524154104552,1.69503907197357,1.71586668731859,1.7332584468888,1.76347159441541,1.84673922701642,73.05692493,155.6354514,1.89719081192442,1.82356484318379,1.43697560289792,0.159463466476549,1.55524154104552,1.84673922701642,2,9,2.0526356522956,0.15544484037118,1.10633741340317,0.0490512666194681,7.40579278907062,2.29469554543866,-5.081299692,0.45,3.9021336238024,2.28658486144246,-2.146173493,0.140411368351136,0.47594172,native,9
Speaker017,Tone3,e,Speaker017_Tone 3_e,4.83193411027813,3.6103543022574,2.1793625997494,1.83914364014869,1.32113863762866,0.751774345568721,0.475037969163052,0.409358193306592,0.354601853740195,0.299348931000833,0.255656309765597,0.439014638844934,1.0498385544298,1.70264591879063,2.06221225109336,2.1667987057113,2.14375381816253,2.10472671079851,2.11949162127229,2.34923525811126,73.05692493,155.6354514,4.57627780051253,4.83193411027813,1.32113863762866,0.299348931000833,2.06221225109336,2.34923525811126,1,11,4.83193411027813,0.255656309765597,1.51647520989707,-0.522487781,12.1747677797191,4.37061627586527,-14.70390419,0.3,3.6758305824428,4.4111712571226,-2.573081408,1.83808984941264,0.464699002,native,6
Speaker017,Tone3,i,Speaker017_Tone 3_i,2.89368904653646,2.53571464709992,2.22545482139138,1.99583305319415,1.78197113421462,1.45466926151391,0.91032299171981,0.283640378796357,0,0.0470229189368263,0.423264683243149,1.09650748558137,1.58418813659101,1.74617402777101,1.78486560358474,1.80327517595798,1.82274921891708,1.84324373629729,1.8558416451228,2.27931572190509,73.05692493,155.6354514,2.89368904653646,2.89368904653646,1.78197113421462,0.0470229189368263,1.78486560358474,2.27931572190509,1,9,2.89368904653646,0,1.44885606031212,-0.171265979,7.92654814815604,2.97493917157256,-6.622613102,0.41,3.6635330497522,2.71527137201073,-2.161484499,0.553786872656933,0.427223276,native,8.2
Speaker017,Tone3,o,Speaker017_Tone 3_o,2.39070401581143,2.54172337009868,2.44270893856913,2.22772679970388,2.00755137299524,1.80248402132777,1.58450819985725,1.40460653855143,1.33682922052464,1.32669911725469,1.33200028493051,1.34866460915984,1.40793249244133,1.58909249145378,1.81860538454099,1.92985250724811,1.97004359733248,2.00551960771773,2.04493272978029,2.30466066799447,73.05692493,155.6354514,1.21502425284399,2.39070401581143,2.00755137299524,1.32669911725469,1.81860538454099,2.30466066799447,2,10,2.54172337009868,1.32669911725469,1.80221556067593,-0.294400774,4.40344809651792,2.6220608680729,-3.09222413,0.46,1.93127272907507,1.42242309999218,-1.042887274,0.379535826291643,0.487184437,native,9.2
Speaker017,Tone3,u,Speaker017_Tone 3_u,3.24959029146125,2.52664915254595,2.15291078888477,1.75036817768922,1.38814558783747,1.1536872845147,1.0583486416643,1.10132410251471,1.28148482106307,1.57484025833219,1.86573099748524,2.11612794292499,2.28741013658487,2.3699680708922,2.45068672675244,2.53078717110461,2.58888660980726,2.65436357774146,2.69834501463872,2.87090454910797,73.05692493,155.6354514,2.19124164979695,3.24959029146125,1.38814558783747,1.57484025833219,2.45068672675244,2.87090454910797,1,7,3.24959029146125,1.0583486416643,2.03639693475453,0.804213866814466,5.37294088820406,3.09882291776078,-8.331303205,0.25,2.67683967655393,2.08282580125211,-2.007629757,0.0751960438366663,0.500760417,native,5
Speaker017,Tone3,y,Speaker017_Tone 3_y,3.25425427705782,2.8527064826481,2.63732710705287,2.37373767138087,2.16606576878708,2.02855941234022,1.82840367302488,1.63721642373952,1.52483152433503,1.35744605266413,1.22587677886251,1.25047387996663,1.47794414976526,1.86864215931264,2.09872446337336,2.21700185017405,2.40463159119839,2.6050476476217,2.70740360040476,3.24504027234205,73.05692493,155.6354514,2.02837749819531,3.25425427705782,2.16606576878708,1.35744605266413,2.09872446337336,3.24504027234205,1,11,3.25425427705782,1.22587677886251,2.07474626435725,-0.042933398,7.21853414376895,3.06412972836378,-3.779309379,0.52,4.14633664191014,1.96524087707747,-1.990241588,-0.025000711,0.516542873,native,10.4
Speaker018,Tone2,a,Speaker018_Tone 2_a,1.51648824327951,1.42996334344888,1.34263925149467,1.27282457382623,1.23079803071383,1.21305677792637,1.2202706511146,1.24297109693058,1.27363476481256,1.30785817400205,1.34553960740379,1.40422271303965,1.51561797311216,1.7055114319389,1.9952509068045,2.31663734676961,2.62441073651617,2.87635908700496,3.14659096310585,3.43746174775969,71.30508671,181.8002779,2.22440496983332,1.51648824327951,1.23079803071383,1.30785817400205,1.9952509068045,3.43746174775969,20,6,3.43746174775969,1.21305677792637,1.72867530183046,1.86329897897419,4.81422789105371,1.36294090395108,-0.168500563,0.59,5.28142963840404,0.0994153323386933,-2.165386152,-2.065970819,0.231080825,native,11.8
Speaker018,Tone2,e,Speaker018_Tone 2_e,2.47699142500366,2.43817888428249,2.37434952930828,2.27947556103182,2.15072268808617,2.00005898948204,1.98729838272231,1.99064293682191,2.0148615066538,2.06447566684034,2.14233273308732,2.25184931015453,2.38511083956404,2.52954779096181,2.68065569699795,2.83437613901037,2.98621184879795,3.03843321879317,3.00517663575041,2.87384875054841,71.30508671,181.8002779,1.05113483607086,2.47699142500366,2.15072268808617,2.06447566684034,2.68065569699795,2.87384875054841,18,7,3.03843321879317,1.98729838272231,2.40191147004837,0.80757917456405,2.65830405770859,2.51421831150923,-1.695732924,0.36,1.90533687240322,0.610463852526678,-1.219415598,-0.608951746,0.162139585,native,7.2
Speaker018,Tone2,i,Speaker018_Tone 2_i,2.51307987891319,2.21219218594954,2.0375136824006,1.99427599455357,2.00576501359027,2.01199621752435,2.02447947922838,2.05594532023113,2.11566894390662,2.20879838680111,2.3363287861449,2.50453492588225,2.70854975778231,2.94633917147248,3.19630391123926,3.45900940642297,3.69833172133311,3.88005288478495,3.83958930527113,3.55592615328111,71.30508671,181.8002779,1.88577689023138,2.51307987891319,2.00576501359027,2.20879838680111,3.19630391123926,3.55592615328111,18,4,3.88005288478495,1.99427599455357,2.63656449967888,1.92750383812408,3.26832945887333,2.31185161379465,-1.231158203,0.35,3.22923412555066,0.430905371005282,-2.099002182,-1.668096811,0.238740963,native,7
Speaker018,Tone2,o,Speaker018_Tone 2_o,1.69919364959507,1.58301126694258,1.50815584005443,1.47934211060658,1.50042986595425,1.54348499642427,1.60508504054874,1.68779418548356,1.78929935441725,1.90507524772483,2.03755465411331,2.18594175918401,2.35190542063928,2.53946126103558,2.74293214147626,2.95340881496519,3.16487234448569,3.36037328134911,3.52117496904901,3.64221444583157,71.30508671,181.8002779,2.16287233522499,1.69919364959507,1.50042986595425,1.90507524772483,2.74293214147626,3.64221444583157,20,4,3.64221444583157,1.47934211060658,2.2150055789019,2.25032459726593,2.85341470950247,1.56638928220919,0.0607961783407954,0.39,3.40554578457349,-0.02371051,-2.077382929,-2.101093438,0.192953673,native,7.8
Speaker018,Tone2,u,Speaker018_Tone 2_u,2.91617232898749,2.29064971436051,1.91690582821261,1.87294909232224,1.84287268745016,1.83096590864743,1.85703462173991,1.93973799208483,2.07542505670913,2.24967284353828,2.44863768831815,2.67631433290393,2.93131854200444,3.20267746422226,3.47465242051509,3.73493725310998,3.98140882585981,4.18821930456534,4.36469540180808,4.57398548217112,71.30508671,181.8002779,2.74301957352369,2.91617232898749,1.84287268745016,2.24967284353828,3.47465242051509,4.57398548217112,20,6,4.57398548217112,1.83096590864743,2.77268648847934,2.57459756325404,5.2183672136807,2.59163369572539,-3.614461564,0.29,4.28398842383639,1.04819385363627,-3.041631781,-1.993437927,0.292278608,native,5.8
Speaker018,Tone2,y,Speaker018_Tone 2_y,1.58548358726611,1.57616780457241,1.56382024106495,1.54012253841886,1.52007975470795,1.51413124518778,1.52869710987785,1.56585637809793,1.62779721663492,1.70531107236408,1.80186329145701,1.93169710792638,2.11059974720657,2.36229878645493,2.68327176166493,3.05070111313013,3.41164509316771,3.70959736468351,3.93466525674279,4.20038456929118,71.30508671,181.8002779,2.6862533241034,1.58548358726611,1.52007975470795,1.70531107236408,2.68327176166493,4.20038456929118,20,6,4.20038456929118,1.51413124518778,2.2037787080267,2.61743293538393,4.83711621248883,1.51025006132194,0.314901451663539,0.55,5.68323675422839,-0.173195798,-2.557456539,-2.730652338,0.315529649,native,11
Speaker018,Tone3,a,Speaker018_Tone 3_a,2.51004357831373,1.76126941421611,1.49613747165311,1.32828816773445,1.06450796329852,0.788050189315085,0.614008476401202,0.579029251168057,0.627068643021061,0.696239847107633,0.765832430394925,0.834530082983125,0.902355529163894,0.969330640396834,1.03089366299038,1.08021306429318,1.1273360385404,1.19035195100692,1.27265170607957,1.59096925728677,71.30508671,181.8002779,1.93101432714568,2.51004357831373,1.06450796329852,0.696239847107633,1.03089366299038,1.59096925728677,1,8,2.51004357831373,0.579029251168057,1.06833043310407,-0.368769469,4.9162426087169,2.2696841969055,-5.92384901,0.3,1.27577658928046,1.77715470310651,-0.893043612,0.884111090610189,0.381730203,native,6
Speaker018,Tone3,e,Speaker018_Tone 3_e,1.76426385636159,1.82197737076571,1.65281031292918,1.3627475452323,1.13251543860168,0.97394762529013,0.860484602274766,0.764035541604966,0.697856982077098,0.693959931418035,0.759319692283619,0.857015166309279,0.962752051239085,1.06370031609211,1.15353560089511,1.23611529380102,1.32930270119427,1.43992862882526,1.55384306620276,1.60950589788227,71.30508671,181.8002779,1.12801743934768,1.76426385636159,1.13251543860168,0.693959931418035,1.15353560089511,1.60950589788227,2,10,1.82197737076571,0.693959931418035,1.14815877891762,-0.077312508,4.14071964468914,1.88414144503206,-3.235608886,0.4,1.69228198943033,1.2942435542266,-1.015369194,0.278874360568394,0.330662618,native,8
Speaker018,Tone3,i,Speaker018_Tone 3_i,1.80003588799783,2.15289242854519,2.16627732943723,1.97557310543045,1.72440857188624,1.45148036200526,1.1010055555774,0.787856493122964,0.661856347711978,0.697061106485278,0.796104405700134,0.902455322630859,1.00673030318185,1.10900884197497,1.20675591887168,1.30855168441192,1.46880671783549,1.71000344388435,1.93832488256987,1.95886363187394,71.30508671,181.8002779,1.50442098172525,1.80003588799783,1.72440857188624,0.697061106485278,1.20675591887168,1.95886363187394,3,9,2.16627732943723,0.661856347711978,1.34972346806502,-0.269538656,5.29862298505611,2.27378380957043,-3.469273587,0.48,2.58427898434807,1.66525132163217,-1.343825072,0.321426249771169,0.408540686,native,9.6
Speaker018,Tone3,o,Speaker018_Tone 3_o,2.25994236185638,1.64720334578337,1.21266512542134,1.08428067608212,0.982306954975145,0.905572051257033,0.798484354080564,0.597489889481593,0.327808409759603,0.0977797666420153,0,0.0672369564392842,0.240380809454459,0.487103886552493,0.727300291587813,0.892994998262125,0.989854050912234,1.07453422183354,1.208679328,1.72094131496503,71.30508671,181.8002779,2.25994236185638,2.25994236185638,0.982306954975145,0.0977797666420153,0.727300291587813,1.72094131496503,1,11,2.25994236185638,0,0.808837834248411,-0.406100258,6.53107201897956,1.88453609027721,-3.773883391,0.52,3.36989901336532,1.962419363,-1.617551526,0.344867836974641,0.301298756,native,10.4
Speaker018,Tone3,u,Speaker018_Tone 3_u,2.62478098257798,1.76700788510842,1.50228374324346,1.36771227492004,1.22028086060671,1.11572564466013,1.12991083446057,1.17684803321656,1.15837170044459,1.1098025547269,1.11928002462886,1.17743983606618,1.19828628328895,1.19858617855225,1.26411289132941,1.40884448751247,1.60921269052836,1.82742156708833,2.00922287532561,2.35041540652993,71.30508671,181.8002779,1.51497842785107,2.62478098257798,1.22028086060671,1.1098025547269,1.26411289132941,2.35041540652993,1,10,2.62478098257798,1.1098025547269,1.42413438732935,0.156936675730256,4.86129634690431,2.26814102365117,-5.095646607,0.28,1.50656842152177,1.42678104990666,-1.084729263,0.342051786410991,0.425137651,native,5.6
Speaker018,Tone3,y,Speaker018_Tone 3_y,2.45271186098086,1.71510648456842,1.39054773111888,1.33464100013585,1.25788439132609,1.1512037366809,1.03938565936247,0.931518587003877,0.770897079801967,0.545298268556572,0.345945160955479,0.313819235439154,0.40505146438139,0.536084574014982,0.69680724062451,0.91935081803251,1.15849787788703,1.34124082606162,1.45502842345215,1.79207631384336,71.30508671,181.8002779,2.13889262554171,2.45271186098086,1.25788439132609,0.545298268556572,0.69680724062451,1.79207631384336,1,12,2.45271186098086,0.313819235439154,1.02569015046909,-0.507747632,5.92397423162389,1.98179095581298,-3.030643253,0.59,3.73656224983112,1.78807951944344,-1.531990522,0.256088997012677,0.340876135,native,11.8
Speaker019,Tone2,a,Speaker019_Tone 2_a,3.30026066874726,3.31815523291219,3.24913625119886,3.16681779424115,3.09955542638831,3.03110696948564,2.9774353607887,2.95946626303433,2.9747107172515,3.00212379904979,3.02765153708997,3.05504196710666,3.08965503282523,3.13894402936535,3.20889868224803,3.30346147701659,3.41562213436295,3.54938016618895,3.7182703763938,3.97756027137968,88.7642415,312.4782415,1.01809400834535,3.30026066874726,3.09955542638831,3.00212379904979,3.20889868224803,3.97756027137968,20,8,3.97756027137968,2.95946626303433,3.20528032263809,0.475712614628675,2.60859191458516,3.28016630650421,-0.678954619,0.56,2.10493962507611,0.380214586694684,-0.926173435,-0.545958848,0.339726142,native,11.2
Speaker019,Tone2,e,Speaker019_Tone 2_e,4.03324817577651,3.60378792062315,3.23960134253081,3.0515561990566,2.97086963,2.93552282091703,2.92242371400644,2.91820722913213,2.91287191053896,2.90277150484328,2.89522754701651,2.89581243830416,2.91117511936142,2.94402897589965,2.99694572719198,3.06456097567115,3.13669491744222,3.22432892267499,3.33619114531482,3.39884687750953,88.7642415,312.4782415,1.138020629,4.03324817577651,2.97086963,2.90277150484328,2.99694572719198,3.39884687750953,1,11,4.03324817577651,2.89522754701651,3.08741892499774,-0.201204113,3.11387918446926,3.97203285090516,-6.153513211,0.19,0.527363020965871,1.16916751007995,-0.427164047,0.74200346309759,0.328854905,native,3.8
Speaker019,Tone2,i,Speaker019_Tone 2_i,3.61597780040367,3.5245559580177,3.43094282996953,3.35768579408491,3.30432563088439,3.27355633755148,3.25164311281546,3.23380392034606,3.23292644433516,3.24871819522615,3.26961869248662,3.30157254826604,3.34843213271211,3.40984414251015,3.48058957163653,3.56914002180799,3.71529511190301,3.94767637049521,4.24828365916817,4.39617237757806,88.7642415,312.4782415,1.16324593324291,3.61597780040367,3.30432563088439,3.24871819522615,3.48058957163653,4.39617237757806,20,9,4.39617237757806,3.23292644433516,3.48107412760583,0.660151951586618,3.07388517046678,3.46776916650981,-0.414751342,0.65,3.26841593882544,0.269588372011658,-1.143945579,-0.874357207,0.398159038,native,13
Speaker019,Tone2,o,Speaker019_Tone 2_o,3.7505787546165,3.3698843980992,3.19321711001071,3.13963232114683,3.09073422384403,3.05354383229029,3.02701214426112,3.01317683206581,3.01556551399256,3.03066392956464,3.05346685218877,3.0844613005196,3.12243669663235,3.16181366504341,3.20070952854489,3.23902617128383,3.27891872570813,3.33571583695149,3.45128799434791,3.58437786847402,88.7642415,312.4782415,0.737401922550697,3.7505787546165,3.09073422384403,3.03066392956464,3.20070952854489,3.58437786847402,1,8,3.7505787546165,3.01317683206581,3.19064595431026,0.0978478771653242,2.18483629627136,3.61849706377804,-2.940203048,0.24,0.673936245840239,0.705648731569252,-0.512191547,0.193457184730671,0.356435019,native,4.8
Speaker019,Tone2,u,Speaker019_Tone 2_u,3.66325344022227,3.28779612655054,3.1644104604837,3.19525861128022,3.21871635665795,3.23161288782054,3.24467005373055,3.26275771762155,3.28215956859797,3.29639126020317,3.30792711597922,3.3196805343145,3.33066858269705,3.34275703657315,3.3581975444632,3.3794400042608,3.41536396675736,3.47296961101375,3.56908517701232,3.74926920623967,88.7642415,312.4782415,0.58485874575597,3.66325344022227,3.21871635665795,3.29639126020317,3.3581975444632,3.74926920623967,20,3,3.74926920623967,3.1644104604837,3.34421748223971,0.25662077547073,1.18580302080552,3.62715812160304,-5.00005457,0.1,0.467940275526338,0.500005457027052,-0.421146248,0.0788592090533475,0.347887417,native,2
Speaker019,Tone2,y,Speaker019_Tone 2_y,3.34871093355641,3.24611730999123,3.19538620895578,3.18955765499452,3.18776807196357,3.18857330687081,3.18999042423324,3.19239938164551,3.20428672969397,3.2294031951741,3.26443177836506,3.30578163887046,3.3480912664812,3.39896008266336,3.48564288171818,3.62479106942639,3.79863610529954,4.01175573646691,4.29920898598445,4.51532704611824,88.7642415,312.4782415,1.32755897415466,3.34871093355641,3.18776807196357,3.2294031951741,3.48564288171818,4.51532704611824,20,5,4.51532704611824,3.18776807196357,3.43726849233571,1.00419238409741,2.73286478202451,3.19627916707313,0.15848854707492,0.71,4.06616678234421,-0.112526868,-1.179188367,-1.291715235,0.36282752,native,14.2
Speaker019,Tone3,a,Speaker019_Tone 3_a,3.40885641974836,3.45619400879554,3.30736595781684,3.14038512152717,2.96806522208955,2.76819624515697,2.56469484544309,2.37041893887066,2.22885990481842,2.16844618343961,2.15541972435077,2.17083501445388,2.21161660761139,2.28326734287188,2.41224507545164,2.61464147004627,2.85059794291091,3.03447494602921,3.15612192401313,3.5090969401475,88.7642415,312.4782415,1.35367721579673,3.40885641974836,2.96806522208955,2.16844618343961,2.41224507545164,3.5090969401475,20,11,3.5090969401475,2.15541972435077,2.69149888231833,-0.301422588,5.41398647858993,3.53588601360931,-2.89913984,0.55,3.1574189204323,1.59452691176007,-1.420838514,0.173688397565532,0.428054939,native,11
Speaker019,Tone3,e,Speaker019_Tone 3_e,3.70483616371145,3.77671304528436,3.57429984563407,3.28998287884727,3.0358585927854,2.85046620877321,2.68520895290647,2.48967650928611,2.30560329937938,2.20315971831246,2.1599477904404,2.13745555518972,2.1541939999597,2.22934193645842,2.36614478933098,2.54037734751802,2.7055511162046,2.84440481548194,2.96459287185693,3.12089819549598,88.7642415,312.4782415,1.63925749009465,3.70483616371145,3.0358585927854,2.20315971831246,2.36614478933098,3.12089819549598,2,12,3.77671304528436,2.13745555518972,2.71026978934461,-0.838174657,5.31991172199885,3.81014924709827,-3.387415755,0.55,2.55612120740667,1.86307866537405,-1.150254543,0.712824122041048,0.414465893,native,11
Speaker019,Tone3,i,Speaker019_Tone 3_i,3.35609908943417,3.63306992152561,3.5259543098429,3.34525545531828,3.18565982209504,3.05625024066271,2.94994049202305,2.86368646643012,2.75577156198497,2.65109816345948,2.591944042,2.5651977043578,2.57542978312911,2.64973080732758,2.75973495673596,2.85920379940991,2.97842768986435,3.08460916230864,3.13823448748848,3.27182531907226,88.7642415,312.4782415,1.06787221716781,3.35609908943417,3.18565982209504,2.65109816345948,2.75973495673596,3.27182531907226,2,12,3.63306992152561,2.5651977043578,2.96195814843103,-0.454794613,3.18037374571482,3.59490772093246,-1.944691803,0.57,1.77424906530482,1.10847432751925,-0.762927098,0.345547229438172,0.493282358,native,11.4
Speaker019,Tone3,o,Speaker019_Tone 3_o,3.39777476336467,3.53237619152345,3.50012676094442,3.44552661896355,3.28699720503032,3.07113252514672,2.85226734562348,2.62823769560205,2.41858082038859,2.26857258897328,2.19754801338143,2.16010993091452,2.1385373988605,2.01503183154359,1.41377342915522,0.510920539493031,0,0.251637089248982,1.61331124985825,2.79972610793242,88.7642415,312.4782415,3.53237619152345,3.39777476336467,3.28699720503032,2.26857258897328,1.41377342915522,2.79972610793242,2,17,3.53237619152345,0,2.2604440853255,-2.744498316,1.67184647679933,3.95523585233465,-3.739774584,0.9,22.0134829419121,3.36579712553606,-2.201348294,1.16444883134485,0.463386458,native,18
Speaker019,Tone3,u,Speaker019_Tone 3_u,3.26105747469503,3.13282175257839,3.09678177632845,3.08263158216403,3.04354172644331,2.97405962778141,2.87767588909142,2.76024276411678,2.63207274210489,2.51662580413202,2.43573718217573,2.39390686107227,2.38379301040742,2.40358746400795,2.46758267193325,2.57754475391877,2.70199741954718,2.8182987891915,2.91554981486405,3.09578767184793,88.7642415,312.4782415,0.877264464287607,3.26105747469503,3.04354172644331,2.51662580413202,2.46758267193325,3.09578767184793,1,13,3.26105747469503,2.38379301040742,2.75516986659067,-0.451996449,2.66702684555376,3.28499689480715,-1.485194251,0.66,2.22012062899097,0.980228205422985,-0.754841014,0.225387191566055,0.404953561,native,13.2
Speaker019,Tone3,y,Speaker019_Tone 3_y,3.71971416716863,3.22016033118831,3.11323924847157,3.08120174044828,3.01565616495382,2.92807012025821,2.8247817537784,2.70290168667491,2.56280079189239,2.45210331958283,2.38388524665801,2.32633891345606,2.30993758015864,2.36110034378871,2.46670700844454,2.63293565600202,2.81758166015087,2.95540169377871,3.06537429727328,3.25208241965289,88.7642415,312.4782415,1.40977658700999,3.71971416716863,3.01565616495382,2.45210331958283,2.46670700844454,3.25208241965289,1,13,3.71971416716863,2.30993758015864,2.77483733772751,-0.452305398,3.96279611861621,3.46171036209313,-2.080163185,0.61,2.63302659347317,1.26889954278924,-1.026880371,0.242019171334704,0.400959419,native,12.2
Speaker020,Tone2,a,Speaker020_Tone 2_a,4.45079300366884,3.76395957855876,3.45390932740715,3.39635000753015,3.31979992287747,3.24912070320888,3.19771464993223,3.17114368528325,3.16553266619908,3.17705279181928,3.21472387386231,3.29436869312565,3.4252985376082,3.60329000939983,3.80708823845848,3.99808580638521,4.15187259131987,4.22910455059688,4.10871146464481,3.88218629453452,82.16600615,318.9802051,1.28526033746976,4.45079300366884,3.31979992287747,3.17705279181928,3.80708823845848,3.88218629453452,1,9,4.45079300366884,3.16553266619908,3.57038224444835,0.478911571479649,3.71903059248697,4.13440612995785,-4.019917515,0.29,1.72146834225373,1.16577607932745,-1.222242523,-0.056466444,0.370980947,native,5.8
Speaker020,Tone2,e,Speaker020_Tone 2_e,4.3045160175552,4.00082914398724,3.73743766040146,3.57176535815425,3.45510458056161,3.40228600056553,3.38850168800609,3.38842493393647,3.38883481320975,3.38642654342469,3.38991621503501,3.41111287410623,3.46421001634818,3.55124871449491,3.67882242396732,3.82973404641871,3.96761920937309,4.03999638858988,4.00121256103741,3.88311922731662,82.16600615,318.9802051,0.918089474130515,4.3045160175552,3.45510458056161,3.38642654342469,3.67882242396732,3.88311922731662,1,10,4.3045160175552,3.38642654342469,3.63564398668989,0.141181292154506,3.01096049134315,4.19042930223624,-3.354458238,0.29,1.10666152776204,0.972792889000937,-0.785729685,0.187063204289886,0.293523387,native,5.8
Speaker020,Tone2,i,Speaker020_Tone 2_i,3.55040864872169,3.65351781340665,3.61321595254442,3.55841859048021,3.51594760157373,3.47236727859332,3.44867105279954,3.46053782819908,3.49838600162974,3.55414390695502,3.64153356357164,3.77312922567108,3.931248728,4.08925983395938,4.23072294217045,4.33295735801157,4.3876450109711,4.42642961588213,4.57225475446038,4.77762127674967,82.16600615,318.9802051,1.32895022395013,3.55040864872169,3.51594760157373,3.55414390695502,4.23072294217045,4.77762127674967,20,7,4.77762127674967,3.44867105279954,3.85503173405036,1.2210759990676,2.2103591278781,3.62577855264952,-0.508071407,0.4,2.18991785860459,0.203228562742589,-1.313950715,-1.110722152,0.368890402,native,8
Speaker020,Tone2,o,Speaker020_Tone 2_o,3.37145855889018,3.32880082966622,3.30615985483035,3.29889714229168,3.29415203475264,3.28306665680394,3.27150846489238,3.27036940419998,3.28568010506586,3.31277137702735,3.34160177499102,3.37058615522425,3.4098892208105,3.4758623771421,3.58426166015155,3.72757940130883,3.87680702395858,3.98482622893529,4.10116265643093,4.29787341123468,82.16600615,318.9802051,1.02750400703469,3.37145855889018,3.29415203475264,3.31277137702735,3.58426166015155,4.29787341123468,20,8,4.29787341123468,3.27036940419998,3.49147420996693,0.833070548603937,2.07383179383717,3.31152181156185,-0.001540593,0.61,2.41493628444567,0.000939761793203431,-0.941825151,-0.940885389,0.289585817,native,12.2
Speaker020,Tone2,u,Speaker020_Tone 2_u,4.1716910126586,3.83205593753009,3.6691748751664,3.65086115215152,3.63831758091254,3.62679818034935,3.61481387631721,3.60169110055693,3.59119732583926,3.59708252135515,3.63759059728996,3.71369750072048,3.81700373607009,3.93289333285594,4.05715680602309,4.18607656850783,4.29965060289909,4.38459621499235,4.57841781387956,4.79910244796789,82.16600615,318.9802051,1.20790512212863,4.1716910126586,3.63831758091254,3.59708252135515,4.05715680602309,4.79910244796789,20,9,4.79910244796789,3.59119732583926,3.89315942553721,0.819775094206464,3.05907983780433,3.91869033094022,-0.983244222,0.46,2.25408019754506,0.452292342103771,-1.217203307,-0.764910965,0.33021381,native,9.2
Speaker020,Tone2,y,Speaker020_Tone 2_y,3.79524921277978,3.68273989678808,3.57946959893687,3.5226796637286,3.49895378939298,3.48652361452996,3.4802526685324,3.48274418177041,3.49537321261218,3.52722464251752,3.57927179473664,3.65726496672456,3.75709628999749,3.8808975249516,4.01804968891856,4.15746529158939,4.2804071204856,4.40130106686703,4.60738640532888,4.67144151475198,82.16600615,318.9802051,1.19118884621958,3.79524921277978,3.49895378939298,3.52722464251752,4.01804968891856,4.67144151475198,20,7,4.67144151475198,3.4802526685324,3.80412368365962,1.01837044976776,2.73211529466447,3.69107114456803,-0.623943427,0.46,2.32483408772432,0.287013976541606,-1.255410407,-0.968396431,0.301676814,native,9.2
Speaker020,Tone3,a,Speaker020_Tone 3_a,3.726554263,3.99752477396413,3.92411208004174,3.78806656157785,3.68329134851301,3.58495303786509,3.4828796051609,3.21844870579648,2.71861606850699,2.27759045449445,2.05174968652429,1.88148695003231,1.7099809953727,1.58761669333489,1.6853131782135,2.38136076346422,3.33470968610671,3.84088116838593,3.9197947609327,3.89334392402808,82.16600615,318.9802051,2.40990808062923,3.726554263,3.68329134851301,2.27759045449445,1.6853131782135,3.89334392402808,2,14,3.99752477396413,1.58761669333489,2.9669385134351,-0.860841599,7.69217529030208,4.30873824119518,-3.90342418,0.69,8.75180109087997,2.69336268443395,-2.713058338,-0.019695654,0.403594657,native,13.8
Speaker020,Tone3,e,Speaker020_Tone 3_e,4.66888572463059,4.22875357537246,3.96964646392517,3.70793007291652,3.43100118475946,3.03489092958177,2.37939695625346,1.86611392689917,1.89355822908922,2.16377240792528,2.43774067745641,2.6927482968211,2.93044008804283,3.11630640308213,3.19512095080134,3.22141488076146,3.27122782317876,3.32590608620846,3.3354681067307,3.42432410554965,82.16600615,318.9802051,2.80277179773142,4.66888572463059,3.43100118475946,2.16377240792528,3.19512095080134,3.42432410554965,1,8,4.66888572463059,1.86611392689917,3.05213527200139,-0.598251463,7.13606626476121,4.7415516590596,-7.22226094,0.37,2.48972050116825,2.67223654788304,-1.568523916,1.10371263214704,0.436208366,native,7.4
Speaker020,Tone3,i,Speaker020_Tone 3_i,4.07437485217452,4.07480865382993,3.90658434312361,3.73234551723281,3.35598632566926,2.3617778738973,0.819815301290041,0,0.271279383713064,0.722906863940634,1.13326062513163,1.50059085190295,1.79899624786887,2.15950871411641,2.71696744025426,3.20338120607356,3.42955275310216,3.50363709905865,3.51395753548642,3.64795145389695,82.16600615,318.9802051,4.07480865382993,4.07437485217452,3.35598632566926,0.722906863940634,2.71696744025426,3.64795145389695,2,8,4.07480865382993,0,2.3776964429803,-0.051826501,13.5303988382954,4.86181675977245,-11.23011294,0.4,6.21137105970006,4.49204517431811,-3.726822636,0.76522253849808,0.403594657,native,8
Speaker020,Tone3,o,Speaker020_Tone 3_o,3.74251828959657,3.67423185387615,3.5716587558139,3.31817496496483,2.83811722330304,2.11936295524259,1.35885472038474,0.953028051118939,0.910803309755901,1.00159564536758,1.10482158816554,1.25822462118274,1.68095439790895,2.37380515389131,2.92518477753553,3.19515757577026,3.25815144691331,3.27715477185086,3.22017300803927,3.28556829271707,82.16600615,318.9802051,2.83171497984066,3.74251828959657,2.83811722330304,1.00159564536758,2.92518477753553,3.28556829271707,1,9,3.74251828959657,0.910803309755901,2.36025686622385,0.0210099872756825,10.6157032498557,4.18444845123822,-8.047278655,0.42,5.10453021614756,3.37985703503469,-2.960627525,0.419229509669103,0.334899274,native,8.4
Speaker020,Tone3,u,Speaker020_Tone 3_u,3.70843177049396,3.6455041607893,3.59093582130493,3.49058395434601,3.39009801825491,3.28034070074356,3.14537395863363,2.99464134487834,2.78125320106018,2.49708397024224,2.30316542740359,2.29141437780646,2.36243296058517,2.44255709629857,2.54220218738249,2.70066321254681,2.90088053223363,3.1226626942712,3.70408015659763,4.58730499754377,82.16600615,318.9802051,2.29589061973732,3.70843177049396,3.39009801825491,2.49708397024224,2.54220218738249,4.58730499754377,20,12,4.58730499754377,2.29141437780646,3.02000172022865,-0.299529751,6.16498399140748,3.80724997893537,-2.380153877,0.71,7.2336249127331,1.68990925260025,-2.097751225,-0.407841972,0.413106989,native,14.2
Speaker020,Tone3,y,Speaker020_Tone 3_y,4.1637076085355,3.65758597987794,3.7170191024715,3.66523806223269,3.57653888046204,3.48225982632407,3.33305291743833,3.15226554867949,2.98385996680595,2.80254598339489,2.54903740191319,2.02850880345061,1.29867801158681,0.671823817354499,0.210313215656042,0.109874210152755,0.227376556940711,0.418256295693495,0.587214208561502,1.39087498689785,82.16600615,318.9802051,4.05383339838274,4.1637076085355,3.57653888046204,2.80254598339489,0.210313215656042,1.39087498689785,1,16,4.1637076085355,0.109874210152755,2.19823933598725,-4.252153085,0.349094588703807,4.55861722475051,-5.007825055,0.88,9.49915704934573,4.4068860480772,-1.139898846,3.26698720215572,0.486487835,native,17.6
Speaker021,Tone2,a,Speaker021_Tone 2_a,2.62748263370051,2.35407771874053,2.22345841753418,2.1792227667335,2.14597691310904,2.13542606203263,2.13988519408913,2.16827452574327,2.23327998992228,2.31195698069983,2.38595919330664,2.45986853161983,2.54185475829646,2.6305601032985,2.71559045222175,2.7725096573402,2.79609967635974,2.80208177069824,2.81526857906969,2.9456471370655,67.54403817,203.0955342,0.810221075032869,2.62748263370051,2.14597691310904,2.31195698069983,2.71559045222175,2.9456471370655,20,6,2.9456471370655,2.13542606203263,2.4558856918517,0.696483619647263,1.5205731799206,2.56825957731265,-2.821876376,0.19,1.12713354351647,0.536156511465381,-0.91297817,-0.376821659,0.342489429,native,3.8
Speaker021,Tone2,e,Speaker021_Tone 2_e,4.44246468155967,3.37821480639647,2.37351717744672,2.30036714776455,2.26380921577277,2.25771366553184,2.26790989387275,2.29574972612218,2.34526683550474,2.41760141535573,2.50224845659036,2.59275865345112,2.68541375189175,2.77999679460094,2.86136519385905,2.92885067677465,2.98800758191154,3.0492207778071,3.0749919040122,2.96477639243611,67.54403817,203.0955342,2.18475101602783,4.44246468155967,2.26380921577277,2.41760141535573,2.86136519385905,2.96477639243611,1,6,4.44246468155967,2.25771366553184,2.7009673504714,0.0707483367203002,4.28011711363492,4.42636307322826,-19.41010019,0.12,1.14127405666183,2.32921202230376,-1.00432117,1.32489085244135,0.307112432,native,2.4
Speaker021,Tone2,i,Speaker021_Tone 2_i,2.04576583332617,2.23585116919575,2.26015419440279,2.22292464580641,2.21254122104018,2.2209879040408,2.25731389332379,2.3274864797425,2.42041203899893,2.52136989593387,2.62275266294636,2.71407656176909,2.80038370290201,2.88783704361879,2.97283292606502,3.05287870679498,3.11944775828856,3.15181877358057,3.14546045073102,3.17897516565568,67.54403817,203.0955342,1.13320933232951,2.04576583332617,2.21254122104018,2.52136989593387,2.97283292606502,3.17897516565568,20,1,3.17897516565568,2.04576583332617,2.61468614632688,1.22564208992859,0.442024179266568,2.14526978264889,0.411340996968821,0.29,1.45054846380356,-0.119288889,-1.029889409,-1.149178298,0.343802856,native,5.8
Speaker021,Tone2,o,Speaker021_Tone 2_o,2.05575482601633,2.19106959358629,2.19735779113769,2.17491924334286,2.15558902897997,2.14586405598932,2.15569255891654,2.17977914207229,2.22828324697254,2.32575395377597,2.45125425663577,2.56127535766714,2.66118532433906,2.76915335543087,2.86897328606928,2.94620278141902,2.997375013,3.02444466760168,3.03841330088055,3.01072771239983,67.54403817,203.0955342,0.982658474864223,2.05575482601633,2.15558902897997,2.32575395377597,2.86897328606928,3.01072771239983,19,1,3.03841330088055,2.05575482601633,2.49998232288297,1.12397176408901,0.794705619436777,2.13487665096282,0.123150763877794,0.34,1.51094809302778,-0.04187126,-0.997225741,-1.039097001,0.383211088,native,6.8
Speaker021,Tone2,u,Speaker021_Tone 2_u,2.27179690747777,2.258854439,2.15871504528686,2.10697815653594,2.13953703330424,2.19309915213288,2.23973782242179,2.26858413671524,2.28914176628939,2.31262100693579,2.34617454693588,2.39717047780498,2.47114091764349,2.5699661085771,2.68943041763115,2.82508684946786,2.94040010012267,3.01049798052636,3.033327572,3.03582545680464,67.54403817,203.0955342,0.928847300268704,2.27179690747777,2.13953703330424,2.31262100693579,2.68943041763115,3.03582545680464,20,4,3.03582545680464,2.10697815653594,2.46583921004651,0.956912371,1.37541964748829,2.19020704892617,0.115122921746346,0.46,1.62655738860114,-0.052956544,-0.87834099,-0.931297534,0.342443951,native,9.2
Speaker021,Tone2,y,Speaker021_Tone 2_y,2.81740835511325,2.35952932627856,2.05135155488759,2.0031013173262,2.01939198579051,2.07006847571774,2.15767547827473,2.26619479499454,2.349632513,2.40976953640168,2.48492402552807,2.57971120357549,2.68414766499105,2.79477555122162,2.8958660028679,2.96742310289787,3.03221708157672,3.11627422097896,3.17769932036456,3.25396413185806,67.54403817,203.0955342,1.25086281453186,2.81740835511325,2.01939198579051,2.40976953640168,2.8958660028679,3.25396413185806,20,4,3.25396413185806,2.0031013173262,2.5574782603533,1.09615957195985,1.94689449048976,2.78205319685406,-6.915784146,0.13,1.60190539370158,0.899051938924465,-1.393657693,-0.494605754,0.402235752,native,2.6
Speaker021,Tone3,a,Speaker021_Tone 3_a,2.57153672122495,2.1943355158077,1.91887730402347,1.6369698134782,1.18046202679552,0.565279576342705,0.11116126772223,0,0.0458223708700414,0.103897169414663,0.160878373614399,0.240987521796654,0.58811400208688,1.22242395721114,1.69765409658902,1.86997930599476,1.90234718301082,1.87891507356786,1.80391528390472,1.82877142404732,67.54403817,203.0955342,2.57153672122495,2.57153672122495,1.18046202679552,0.103897169414663,1.69765409658902,1.82877142404732,1,8,2.57153672122495,0,1.09930004042796,0.160553342937269,8.75706491998023,2.64680613692897,-7.469638276,0.38,3.94715010156015,2.83846254475863,-2.447233063,0.39122948179133,0.419691346,native,7.6
Speaker021,Tone3,e,Speaker021_Tone 3_e,2.72059623131502,2.25634335013822,1.97624500335049,1.79498062831705,1.63494179892278,1.52646014793948,1.46987239537137,1.43740712829972,1.41919199956285,1.42219169946333,1.46739567001329,1.54620630017961,1.62374231305238,1.71023581632699,1.82334630079948,1.92764080028199,1.99572359751158,2.03149984651084,2.02853420072975,2.44694547073361,67.54403817,203.0955342,1.30140423175216,2.72059623131502,1.63494179892278,1.42219169946333,1.82334630079948,2.44694547073361,1,9,2.72059623131502,1.41919199956285,1.77744070925525,0.0471213198498239,4.05091312817458,2.51213871642367,-3.830294772,0.33,1.45115233848434,1.26399727469463,-0.972272067,0.291725207910122,0.388646706,native,6.6
Speaker021,Tone3,i,Speaker021_Tone 3_i,2.82630629820311,2.65885167238002,2.50060344242019,2.23140174692235,1.93647997938943,1.72164223105529,1.58908768131004,1.5208964190379,1.52555553138001,1.67272443819426,1.93630483675504,2.10588101501354,2.1445571640826,2.14998285488511,2.17467366095334,2.22032234038743,2.24346450762614,2.20787037466721,2.08922082648437,2.04646858395635,67.54403817,203.0955342,1.30540987916521,2.82630629820311,1.93647997938943,1.67272443819426,2.17467366095334,2.04646858395635,1,8,2.82630629820311,1.5208964190379,2.05000494092412,-0.178373506,2.86252168374143,2.88728799349122,-4.397825649,0.29,0.987020583623192,1.27536943834911,-0.700784614,0.574584823976648,0.463386458,native,5.8
Speaker021,Tone3,o,Speaker021_Tone 3_o,2.41724760600839,2.55141363643074,2.43747449400006,2.34816403420112,2.23582361589169,2.10102969480232,1.92944218885963,1.79461493422328,1.69681712692284,1.64051709516753,1.61627489605395,1.57619290328207,1.66304757967783,1.91884404387453,2.12671949972753,2.17444914066688,2.16943022661563,2.16023176327929,2.156428742,2.20858765102962,67.54403817,203.0955342,0.975220733148668,2.41724760600839,2.23582361589169,1.64051709516753,2.12671949972753,2.20858765102962,2,12,2.55141363643074,1.57619290328207,2.02045497662605,-0.267478749,2.92781263826805,2.59245713000017,-2.009484088,0.5,1.47452658900769,1.00474204382736,-0.737263295,0.267478749323512,0.543561827,native,10
Speaker021,Tone3,u,Speaker021_Tone 3_u,2.42011704739881,2.32219385112286,2.1622774308775,1.94203142121692,1.77093757452172,1.68774504745303,1.61522650531186,1.52038504452531,1.44723935394115,1.41985053132798,1.43093394386769,1.50043883044767,1.65153324708972,1.83325485527042,1.97517539463353,2.07578203097762,2.13522650305091,2.12240817173893,2.03707363569317,2.15281663294677,67.54403817,203.0955342,1.00026651607083,2.42011704739881,1.77093757452172,1.41985053132798,1.97517539463353,2.15281663294677,1,10,2.42011704739881,1.41985053132798,1.83168794366326,0.00400755843001139,3.35666262684603,2.40239914044676,-2.552545393,0.41,1.5236695122654,1.04654361110872,-0.898965012,0.147578598872139,0.44028508,native,8.2
Speaker021,Tone3,y,Speaker021_Tone 3_y,2.32177490007619,2.53300630330389,2.38966329491901,2.22993712169948,2.09035817767122,1.91538756987246,1.73952134873454,1.62057193861832,1.53388522691457,1.51309849844408,1.54735322778641,1.62619146758249,1.77059143283199,1.96772450574041,2.14883570103188,2.25304425954643,2.25325922883839,2.16780143597662,2.01156622428115,1.92575411352684,67.54403817,203.0955342,1.01990780485981,2.32177490007619,2.09035817767122,1.51309849844408,2.14883570103188,1.92575411352684,2,10,2.53300630330389,1.51309849844408,1.95446666502872,-0.183776338,2.6789582578857,2.5401249047734,-2.362421891,0.42,1.18890493670161,0.99221719428895,-0.689564863,0.302652331002015,0.494641263,native,8.4
Speaker022,Tone2,a,Speaker022_Tone 2_a,3.89682589820991,3.55890012572374,3.47230117197295,3.45872765510038,3.46980208673678,3.49216142428904,3.50642177731629,3.51380269343879,3.53707136323845,3.58510965158073,3.64032509634709,3.7017190399389,3.75895859621345,3.80010272088648,3.85008311742085,3.9211670365633,4.00134582254639,4.07346661277253,4.14038919614544,4.18115930209493,61.9825554,365.2304059,0.722431646994551,3.89682589820991,3.46980208673678,3.58510965158073,3.85008311742085,4.18115930209493,20,4,4.18115930209493,3.45872765510038,3.71515918114343,0.619659727711238,1.46294356430673,3.85406144264972,-4.002505767,0.13,0.911429236955096,0.520325749762673,-0.792943436,-0.272617686,0.484802961,native,2.6
Speaker022,Tone2,e,Speaker022_Tone 2_e,4.01882205563798,3.76935708812173,3.65219319346982,3.61728225237217,3.58935804268669,3.56356064100846,3.54474391865973,3.53529322276833,3.53720910118064,3.55445849902747,3.58792629206631,3.63023982104437,3.67554516479762,3.72146601575971,3.76481918995167,3.80443595441732,3.84452284596493,3.89185310778351,3.94751868594329,3.96379156799781,61.9825554,365.2304059,0.483528832869655,4.01882205563798,3.58935804268669,3.55445849902747,3.76481918995167,3.96379156799781,1,8,4.01882205563798,3.53529322276833,3.69736964129891,0.213717894874526,1.52192185768398,3.90518072988179,-1.544827711,0.29,0.699420442779016,0.44800003632019,-0.496588514,-0.048588478,0.379134374,native,5.8
Speaker022,Tone2,i,Speaker022_Tone 2_i,3.14885931768212,3.69222532260273,3.70353735974781,3.70218554523563,3.70450088395547,3.71365185875177,3.73550695491874,3.7662767717493,3.80479658276715,3.85599516260759,3.90848951179021,3.95532152074315,4.00760983873164,4.07265888786198,4.13346704450435,4.18034804891914,4.2158272612465,4.24903485152589,4.28558431583868,4.30672262310564,61.9825554,365.2304059,1.15786330542352,3.14885931768212,3.70450088395547,3.85599516260759,4.13346704450435,4.30672262310564,20,1,4.30672262310564,3.14885931768212,3.90822145986372,0.857568055540987,-0.124428338,3.26072572898673,3.71140622526397,0.1,0.742843136157473,-0.371140623,-0.668558823,-1.039699445,0.500076881,native,2
Speaker022,Tone2,o,Speaker022_Tone 2_o,3.65569152364945,3.64259511257978,3.59424396321063,3.56305720827729,3.54970914309055,3.55122196738262,3.5720622849645,3.60655791542924,3.64397257096337,3.68245329262124,3.72603602633556,3.77026259884484,3.81662199103428,3.87632517620759,3.94499265234422,3.99948826557865,4.03335723829359,4.06565597829705,4.10557069533127,4.09882002000972,61.9825554,365.2304059,0.555861552240726,3.65569152364945,3.54970914309055,3.68245329262124,3.94499265234422,4.09882002000972,19,5,4.10557069533127,3.54970914309055,3.76817626,0.593846098574823,0.770471363478752,3.65137556342976,-0.441133237,0.28,0.859780190804762,0.1235173062717,-0.619041737,-0.495524431,0.415955616,native,5.6
Speaker022,Tone2,u,Speaker022_Tone 2_u,3.05482249349002,3.59836928944632,3.62533455051029,3.60442231705071,3.60135133348886,3.61222846023355,3.63591641432474,3.6662192213241,3.70013074027891,3.74115658707585,3.78538635989453,3.82837739819022,3.86513819423711,3.9065105412829,3.97580382191651,4.06823878179933,4.14735907206638,4.19896757093772,4.24356962629115,4.23652324325459,61.9825554,365.2304059,1.18874713280113,3.05482249349002,3.60135133348886,3.74115658707585,3.97580382191651,4.23652324325459,19,1,4.24356962629115,3.05482249349002,3.80370601402943,0.868700811141294,0.123722698080193,3.17047539486408,3.49101761972553,0.1,0.763283101176309,-0.349101762,-0.686954791,-1.036056553,0.445720698,native,2
Speaker022,Tone2,y,Speaker022_Tone 2_y,3.88219249637048,3.63163752127493,3.58155568358518,3.59192030278906,3.61694938612726,3.64761518760134,3.68088791136072,3.71823480715685,3.75459214144798,3.78685143883866,3.81754178534015,3.85824095701437,3.9172858905694,3.97942628842874,4.02962825306053,4.07978602513637,4.13207043317471,4.18455861180973,4.24325586949593,4.32783458849481,61.9825554,365.2304059,0.746278904909625,3.88219249637048,3.61694938612726,3.78685143883866,4.02962825306053,4.32783458849481,20,3,4.32783458849481,3.58155568358518,3.86473998511398,0.669824125092478,0.953415497746958,3.84826166627983,-2.835484497,0.12,0.862450387351684,0.340258139669203,-0.758956341,-0.418698201,0.50165845,native,2.4
Speaker022,Tone3,a,Speaker022_Tone 3_a,3.92596893286461,3.60852565961296,3.4371020228343,3.32013577843514,3.19224673452134,2.87491849148412,2.1385719353846,1.49777277306628,1.32738165695608,1.22662510803521,1.12037483915863,1.02268791802144,1.54776848291243,2.95638616184767,3.64786115962692,3.69216498171188,3.69949760952393,3.69163971873798,3.64141589444486,3.60809970156261,61.9825554,365.2304059,2.90328101484316,3.92596893286461,3.19224673452134,1.22662510803521,3.64786115962692,3.60809970156261,1,12,3.92596893286461,1.02268791802144,2.6696886031327,0.295418846018384,10.165228939107,4.12962523609657,-6.245571343,0.48,6.12927496078567,2.99787424476775,-3.18722298,-0.189348735,0.491923454,native,9.6
Speaker022,Tone3,e,Speaker022_Tone 3_e,3.72123510493394,3.70116688881797,3.57226064376752,3.42613539399841,3.199966202,2.89253237237925,2.32596305141637,1.32287235561403,0.531618887921859,0.340653390668595,0.520067793761021,1.20469330339809,2.21407131583726,2.92502917090143,3.20762795232004,3.3037167048184,3.35216229588855,3.40148554905311,3.46536376468883,3.6163210706432,61.9825554,365.2304059,3.38058171426534,3.72123510493394,3.199966202,0.340653390668595,3.20762795232004,3.6163210706432,1,10,3.72123510493394,0.340653390668595,2.51622888624291,0.0757130653578771,10.9460832838037,4.29239255262134,-7.406202417,0.47,6.37760985195768,3.48091513582972,-3.380133222,0.100781914292154,0.467463171,native,9.4
Speaker022,Tone3,i,Speaker022_Tone 3_i,3.45571060655731,3.94965967141508,3.82888440362902,3.71343409756714,3.58281535459307,3.34304385648159,3.00157474048643,2.83056736974594,2.74154278933436,2.40898642927401,1.12969707509903,0,0.374180980993717,1.34457220974061,2.6793975134286,3.2063450299024,3.36430339782185,3.40755911283638,3.3542780872353,3.42293368075763,61.9825554,365.2304059,3.94965967141508,3.45571060655731,3.58281535459307,2.40898642927401,2.6793975134286,3.42293368075763,2,12,3.94965967141508,0,2.6796198393203,-0.930024072,8.81841083681274,4.39266315731206,-5.403918376,0.61,7.54949381612151,3.29639020927181,-2.944302588,0.35208762098442,0.563945396,native,12.2
Speaker022,Tone3,o,Speaker022_Tone 3_o,3.97895003099493,3.76487623352936,3.69865546851653,3.63157448988936,3.55865795333778,3.45127947909421,3.30355333539749,2.91876216749537,2.03948905811141,1.18019643278449,1.09935087651507,1.39333797515424,1.98809664085064,2.70166360282193,3.17066980423261,3.41687268837547,3.48280863749084,3.45300901573013,3.32358394100916,2.87288724780055,61.9825554,365.2304059,2.87959915447985,3.97895003099493,3.55865795333778,1.18019643278449,3.17066980423261,2.87288724780055,1,11,3.97895003099493,1.09935087651507,2.85859394378198,-0.701525633,7.16145835990434,4.34985102223516,-5.152789673,0.52,4.28928556467514,2.67945063016415,-2.058857071,0.620593559120083,0.500076881,native,10.4
Speaker022,Tone3,u,Speaker022_Tone 3_u,3.87064507795811,3.6868928901344,3.55112173705649,3.44131403119568,3.3281886532406,3.16758885284001,2.92708696361528,2.6787271288147,2.24196021742099,1.5978462036227,1.26270735407351,1.45931372561799,2.16740125610689,2.77965153389683,2.96262360110828,3.0100816109448,3.11917804089825,3.2537508795593,3.37281895501682,3.51302321021111,61.9825554,365.2304059,2.6079377238846,3.87064507795811,3.3281886532406,1.5978462036227,2.96262360110828,3.51302321021111,1,11,3.87064507795811,1.26270735407351,2.80588360589881,-0.462828908,7.26322389053258,4.09963208818881,-4.545333941,0.53,4.3841177575411,2.40902698888538,-2.060535346,0.348491642841062,0.47018098,native,10.6
Speaker022,Tone3,y,Speaker022_Tone 3_y,3.76740994452458,3.82506771220393,3.79262299468717,3.66227295707103,3.49524204060617,3.32942465140676,3.14573881546683,3.00542678669987,2.89897826072045,2.83299073159869,2.6776855599003,2.26283447697689,2.44488093323866,2.96331029081661,3.20125822644088,3.34624992554722,3.44222102746861,3.50579532010161,3.54529590483214,3.73348060543784,61.9825554,365.2304059,1.56223323522703,3.76740994452458,3.49524204060617,2.83299073159869,3.20125822644088,3.73348060543784,2,12,3.82506771220393,2.26283447697689,3.20349471109315,-0.307139213,4.6072697801339,3.95980357417223,-2.503794495,0.58,3.17927336432485,1.45220080734257,-1.335294813,0.116905994326131,0.505512499,native,11.6
Speaker023,Tone2,a,Speaker023_Tone 2_a,1.5500357518362,0.893778276958669,0.504194754559782,0.431705461564889,0.36182841185493,0.317841284029357,0.305258124534586,0.34020040417773,0.425184333287392,0.567674924733684,0.736710774457373,0.907201573083593,1.07172538528558,1.24428266412357,1.4343883710238,1.6372143818959,1.86118699978436,2.11322493067027,2.37065909179388,2.42682383293632,76.51148801,145.2352399,2.12156570840173,1.5500357518362,0.36182841185493,0.567674924733684,1.4343883710238,2.42682383293632,20,7,2.42682383293632,0.305258124534586,1.02977395548227,1.72012448195409,5.16215155079439,1.23386133341865,-4.226132142,0.29,3.36245436078365,1.22557832106119,-2.387342596,-1.161764275,0.302796416,native,5.8
Speaker023,Tone2,e,Speaker023_Tone 2_e,1.96466847531132,1.48348107144016,1.09957337815321,0.905974052222396,0.81608142762363,0.810820346804984,0.85251222290549,0.940614725403309,1.07812251188125,1.23668173026527,1.37822690406085,1.50836726623909,1.67859547565636,1.89554972942335,2.13525634617429,2.35960805227301,2.54875245985855,2.67181626459182,2.72504629770184,2.58518227385504,76.51148801,145.2352399,1.91422595089686,1.96466847531132,0.81608142762363,1.23668173026527,2.13525634617429,2.58518227385504,19,6,2.72504629770184,0.810820346804984,1.59792740366577,1.70226137448364,4.08338274961974,1.82802319831672,-5.447617544,0.23,2.95100375134611,1.25295203520419,-2.272272889,-1.019320853,0.325014183,native,4.6
Speaker023,Tone2,i,Speaker023_Tone 2_i,1.26146625879816,1.42531168956564,1.46686876834007,1.39914019727525,1.32033849699538,1.28410118204941,1.28524627046161,1.31289652606436,1.36693993272302,1.45220652898168,1.56267289017212,1.69037937155356,1.83128018666958,1.97729116165513,2.12127459011758,2.26113035612303,2.41690510548663,2.62805292010926,2.80744220222267,2.84379913655665,76.51148801,145.2352399,1.58233287775849,1.26146625879816,1.32033849699538,1.45220652898168,2.12127459011758,2.84379913655665,20,1,2.84379913655665,1.26146625879816,1.76320528605388,1.5801362545421,2.56863688980586,1.37415101345791,-0.132228383,0.44,2.79372486227636,0.0581804885697033,-1.564485923,-1.506305434,0.252095299,native,8.8
Speaker023,Tone2,o,Speaker023_Tone 2_o,1.26853371074503,1.17687409895265,1.10910645098694,1.05966271324812,1.0241675126847,1.00662773992633,0.99713359697767,0.988089362577433,0.983100303669546,0.987692861267898,1.0262750393519,1.13382486754463,1.29722294440129,1.49013592050995,1.71101333958742,1.95538744725798,2.20625990577586,2.45207016935491,2.67067754479349,2.62712892254808,76.51148801,145.2352399,1.68757724112394,1.26853371074503,1.0241675126847,0.987692861267898,1.71101333958742,2.62712892254808,19,9,2.67067754479349,0.983100303669546,1.42371553971747,1.54755023718204,3.97103984953115,1.18414456224582,-0.515066873,0.52,3.86018154241793,0.267834773904476,-1.85288714,-1.585052366,0.360956175,native,10.4
Speaker023,Tone2,u,Speaker023_Tone 2_u,2.220216198,1.67212224540289,1.42911284602513,1.42542516992671,1.39570305223325,1.34719621074388,1.31173608180747,1.31511326366325,1.36717951535864,1.46934840673424,1.6049812795636,1.78091559766957,2.01083527796346,2.28587678508738,2.58305461619474,2.88729782571183,3.19544181290415,3.47836480077761,3.73296312012723,4.0823214739069,76.51148801,145.2352399,2.77058539209943,2.220216198,1.39570305223325,1.46934840673424,2.58305461619474,4.0823214739069,20,7,4.0823214739069,1.31173608180747,2.07633924853816,2.33382850080908,6.08999747375517,1.8230331843812,-1.557913388,0.44,5.09198731627232,0.68548189076892,-2.851512897,-2.166031006,0.32384742,native,8.8
Speaker023,Tone2,y,Speaker023_Tone 2_y,1.93035820697525,1.25934981775455,0.993226057829693,0.90902705918925,0.895421615073671,0.938006078432302,1.02134922250013,1.12908624872555,1.24747505083181,1.38369604948672,1.54673607880965,1.71609106825313,1.8936552969486,2.09158551757886,2.2783993070305,2.45185450728643,2.63463517906867,2.82077042735007,2.97812449992398,3.15061459788758,76.51148801,145.2352399,2.25519298281391,1.93035820697525,0.895421615073671,1.38369604948672,2.2783993070305,3.15061459788758,20,5,3.15061459788758,0.895421615073671,1.7297291787639,2.06168286264901,3.8468063764533,1.78187242455145,-6.536804955,0.18,3.01611271199177,1.17662489194878,-2.473212424,-1.296587532,0.384795155,native,3.6
Speaker023,Tone3,a,Speaker023_Tone 3_a,1.82065753525966,1.11006597921136,0.784394132667042,0.521976220066697,0.28533923517043,0.134058433158979,0.0506454253372068,0.00939635326590586,0,0.0194786306525148,0.103044572553618,0.253566892636837,0.411501217482787,0.580407109272199,0.779286780221432,0.950383281826756,1.08358141256364,1.19547467718057,1.25570288908437,1.33679458143468,76.51148801,145.2352399,1.82065753525966,1.82065753525966,0.28533923517043,0.0194786306525148,0.779286780221432,1.33679458143468,1,9,1.82065753525966,0,0.583760003613267,0.377645276865035,5.76016513465359,1.51054547592511,-5.336510782,0.33,2.44676867290086,1.7610485579278,-1.639335011,0.121713547084218,0.407008024,native,6.6
Speaker023,Tone3,e,Speaker023_Tone 3_e,2.05205785997641,1.60139253696568,1.25654739880716,0.947513548423158,0.652060292199905,0.439587228978634,0.305480711905249,0.230529740007872,0.206359543074029,0.211450048288097,0.233388316919742,0.28988587415354,0.415715931181278,0.619435173571818,0.867291534638104,1.0668093683443,1.19030078262769,1.23257688883166,1.18624394659052,1.42636407534189,76.51148801,145.2352399,1.84569831690238,2.05205785997641,0.652060292199905,0.211450048288097,0.867291534638104,1.42636407534189,1,9,2.05205785997641,0.206359543074029,0.768447648418809,-0.062018907,6.05361564496822,1.91141660813794,-5.541607062,0.35,2.19619858195754,1.93956247171761,-1.427529078,0.512033393445209,0.354838416,native,7
Speaker023,Tone3,i,Speaker023_Tone 3_i,1.53571619687471,1.56026601316776,1.35035420789151,1.08075700662734,0.876515974278194,0.746127169612045,0.656749676553095,0.564200865273799,0.452939139313537,0.37693443621226,0.400570602315016,0.51978941178743,0.683862678614244,0.883943820601334,1.11036690457753,1.31649762636011,1.47101811947725,1.53696983628418,1.50526638498467,1.68693747773564,76.51148801,145.2352399,1.31000304152338,1.53571619687471,0.876515974278194,0.37693443621226,1.11036690457753,1.68693747773564,20,10,1.68693747773564,0.37693443621226,0.972491295413269,0.290595005661981,4.93595854957485,1.58012757980455,-2.840917567,0.46,2.78171887974237,1.30682208075717,-1.502128195,-0.195306114,0.396149756,native,9.2
Speaker023,Tone3,o,Speaker023_Tone 3_o,2.71299625572849,2.72222147770005,2.71605763866102,2.67745252921672,2.59922639799525,2.49197739822829,2.34591024694536,2.11264630553857,1.78607139060448,1.45752810202322,1.24464319420908,1.19698640214592,1.28532726252803,1.46374548104714,1.67246577859068,1.88373193593924,2.13689695442819,2.47070878637494,2.88884592852368,3.36618480717278,76.51148801,145.2352399,2.16919840502686,2.71299625572849,2.59922639799525,1.45752810202322,1.67246577859068,3.36618480717278,20,12,3.36618480717278,1.19698640214592,2.10620809223711,-0.328602703,6.3125358444962,3.0190355743205,-2.899528078,0.65,5.90977437816526,1.88469325061459,-2.068421032,-0.183727782,0.360136141,native,13
Speaker023,Tone3,u,Speaker023_Tone 3_u,2.36193286594029,1.88733883753511,1.65182599121589,1.50406518420467,1.28507322070353,1.03695730355426,0.796310315436572,0.57572165421511,0.400424862550324,0.305898640246402,0.299695812257251,0.36811635702095,0.513496001294057,0.718773768957039,0.956661357492378,1.19840483905417,1.43917575452519,1.69323850336096,1.93651324140079,2.2036231078635,76.51148801,145.2352399,2.06223705368304,2.36193286594029,1.28507322070353,0.305898640246402,0.956661357492378,2.2036231078635,1,11,2.36193286594029,0.299695812257251,1.08913170644179,-0.071818908,7.69849689295743,2.18912266056842,-4.279477949,0.5,4.13584013226337,2.13973897454081,-2.067920066,0.071818908409127,0.35563444,native,10
Speaker023,Tone3,y,Speaker023_Tone 3_y,1.06071939731575,1.13857465571111,1.11039799076121,0.995636172187054,0.848445291895586,0.689980041293931,0.537798518211395,0.428342557105774,0.356308654593883,0.298165732534564,0.243042228295213,0.204349872569796,0.204081639122318,0.266177272720131,0.405749933599509,0.617864448861033,0.867927194472145,1.10268760666781,1.2799122112065,1.34868633029947,76.51148801,145.2352399,1.14460469117715,1.06071939731575,0.848445291895586,0.298165732534564,0.405749933599509,1.34868633029947,20,13,1.34868633029947,0.204081639122318,0.662095289262048,-0.036141081,4.34876919584445,1.19781318913059,-1.868613959,0.61,3.4370045688741,1.13985451488418,-1.340431782,-0.200577267,0.331060579,native,12.2
Speaker024,Tone2,a,Speaker024_Tone 2_a,1.42305604757238,1.19761071907191,1.06015903856892,0.999206320579661,0.965343706682841,0.970698471662519,1.01263634085194,1.07619494065332,1.17430440022392,1.31990457391972,1.51901012636802,1.73948911215363,1.94081161381899,2.09351741052104,2.20962538200905,2.31609595740661,2.43490258552421,2.54843926845038,2.64220045082667,2.82357035236887,81.73636639,245.8777644,1.85822664568603,1.42305604757238,0.965343706682841,1.31990457391972,2.20962538200905,2.82357035236887,20,5,2.82357035236887,0.965343706682841,1.65100363843534,1.88497970880422,2.54621308800815,1.31596897298928,-1.608177367,0.28,2.78253343206362,0.450289662642168,-2.003424071,-1.553134408,0.315326611,native,5.6
Speaker024,Tone2,e,Speaker024_Tone 2_e,2.95251490752657,2.50517083765642,2.11355668747955,1.8483106072812,1.75738044501487,1.75259733159342,1.77456318840277,1.81770984607956,1.88737212462546,1.98541668441451,2.10637020478203,2.23892779987423,2.37132712406849,2.50776535458754,2.65746195103139,2.81909585930394,2.97762742872702,3.10465886242635,3.24216112793655,3.44408917133068,81.73636639,245.8777644,1.69149183973725,2.95251490752657,1.75738044501487,1.98541668441451,2.65746195103139,3.44408917133068,20,6,3.44408917133068,1.75259733159342,2.35439301556606,1.1473595783073,4.42443822708111,2.85266812449389,-5.918646675,0.23,2.38145340619067,1.36128873528422,-1.833719123,-0.472430387,0.240794867,native,4.6
Speaker024,Tone2,i,Speaker024_Tone 2_i,1.69669291033257,1.70180563289642,1.70464769554262,1.70774095178718,1.70968659912451,1.7116039330166,1.71643551918505,1.73236626497249,1.77158607927709,1.86387502108138,2.00381560788398,2.18452846333774,2.37643579711898,2.56181073949272,2.72497330888626,2.87081360903892,3.01685457429101,3.17508385075385,3.41346664377423,3.6506458068408,81.73636639,245.8777644,1.95395289650823,1.69669291033257,1.70968659912451,1.86387502108138,2.72497330888626,3.6506458068408,20,1,3.6506458068408,1.69669291033257,2.24010818031741,1.96725464390076,2.80842079303088,1.69248111122374,0.106117420188996,0.44,3.28628149277321,-0.046691665,-1.840317636,-1.887009301,0.275976826,native,8.8
Speaker024,Tone2,o,Speaker024_Tone 2_o,1.41733851510578,1.10829799734781,0.94533311307095,0.883625919681469,0.84959089761945,0.845419265594873,0.889720018184802,0.992517620394982,1.13209200945664,1.28622363533118,1.44347456000991,1.59474784968373,1.76807547233053,1.99878166663944,2.2657429459534,2.5089059137838,2.71831612285227,2.90829039412396,3.06043698817691,3.10392324580292,81.73636639,245.8777644,2.25850398020805,1.41733851510578,0.84959089761945,1.28622363533118,2.2657429459534,3.10392324580292,20,6,3.10392324580292,0.845419265594873,1.65339188149182,2.3249803161373,3.7221941714582,1.27815707127336,-2.078999347,0.29,3.54134009409848,0.602909810592302,-2.514351467,-1.911441656,0.358947079,native,5.8
Speaker024,Tone2,u,Speaker024_Tone 2_u,2.39566577580394,1.86924146817855,1.56320998055711,1.52783036836471,1.55671622601809,1.59787172607366,1.65948587377626,1.75514685977363,1.8811892334193,2.02262015125816,2.1602045082912,2.28170108514147,2.39513648556973,2.52237932938034,2.66121907619007,2.80889282673142,3.04073991735443,3.72020260013712,4.47419547662908,5,81.73636639,245.8777644,3.47216963163529,2.39566577580394,1.55671622601809,2.02262015125816,2.66121907619007,5,20,4,5,1.52783036836471,2.39126290096181,2.56732389747505,6.08982841164853,1.59303148329305,1.07899337471308,0.77,11.0890039702803,-0.830824899,-2.550470913,-3.381295812,0.266283212,native,15.4
Speaker024,Tone2,y,Speaker024_Tone 2_y,1.37614754979909,1.32551685300694,1.32064083730547,1.38248556162486,1.50051181258168,1.64991776379053,1.8002912033157,1.93270239202617,2.05581436778673,2.18006845515565,2.29850180615113,2.4003642301831,2.48815990412138,2.57149456480288,2.65924558244024,2.75619083571075,2.85826674816629,2.95105622249612,2.97589681619511,2.88890726523589,81.73636639,245.8777644,1.65525597888963,1.37614754979909,1.50051181258168,2.18006845515565,2.65924558244024,2.88890726523589,19,3,2.97589681619511,1.32064083730547,2.17196677831576,1.8952070545962,-0.382782328,1.1859480556922,2.00853744566983,0.9,-0.923941545,-1.807683701,0.0923941545145803,-1.715289547,0.278604718,native,18
Speaker024,Tone3,a,Speaker024_Tone 3_a,1.93093934643196,1.39661478318664,1.19138000779919,1.01257118819027,0.816928637502746,0.631626526276581,0.475426588713053,0.356295383330564,0.276167423164535,0.207361822477534,0.114044302430286,0.0308023284035836,0.00629336737486373,0.0600194671587612,0.216835780020976,0.44102076199304,0.650981922071708,0.84740346417931,1.03695815741444,1.49196461669263,81.73636639,245.8777644,1.92464597905709,1.93093934643196,0.816928637502746,0.207361822477534,0.216835780020976,1.49196461669263,1,13,1.93093934643196,0.00629336737486373,0.606205480178922,-0.538148103,6.08489974603507,1.55468894354009,-2.930615358,0.61,3.99637316814353,1.78767536838601,-1.558585536,0.229089832810034,0.424257623,native,12.2
Speaker024,Tone3,e,Speaker024_Tone 3_e,1.83349045029656,2.08095508802622,1.91199473377989,1.63178758529773,1.29042265519036,0.923879952434292,0.594211888656696,0.319592674353325,0.129800686669163,0.0272967718653461,0,0.0291593005422878,0.11838687060246,0.258545169465778,0.434314293705611,0.655422025780713,0.896328615710388,1.1326491191864,1.35235286929648,1.46694770871826,81.73636639,245.8777644,2.08095508802622,1.83349045029656,1.29042265519036,0.0272967718653461,0.434314293705611,1.46694770871826,2,11,2.08095508802622,0,0.790208834671808,-0.795395935,7.31516206700825,2.20313345415844,-4.768133291,0.51,3.41103185312699,2.4317479783767,-1.671405608,0.760342370344479,0.422831745,native,10.2
Speaker024,Tone3,i,Speaker024_Tone 3_i,2.64607394104696,1.56833877725355,1.13498701826192,1.01141963913705,0.956338099725616,0.875906731109005,0.7350021456628,0.58644710200309,0.47275915787412,0.387140840652314,0.329867688854276,0.329043697825274,0.40805965826603,0.540760226441675,0.669464706419655,0.797663822719468,0.962426188668811,1.14842105325035,1.34481393125491,1.62297774462796,81.73636639,245.8777644,2.31703024322168,2.64607394104696,0.956338099725616,0.387140840652314,0.669464706419655,1.62297774462796,1,12,2.64607394104696,0.329043697825274,0.872333522872137,-0.428822856,6.16307776758885,1.89756010163575,-3.624002464,0.5,2.7663567530328,1.81200123222566,-1.383178377,0.428822855709257,0.401148624,native,10
Speaker024,Tone3,o,Speaker024_Tone 3_o,1.62671692684626,1.32278552591644,1.18462700960747,1.08964804384432,0.949292649641439,0.781110202173883,0.667624655526127,0.528507890249407,0.389267163232177,0.258572726076792,0.132100433182029,0.102292400442579,0.176268327090052,0.264262690607519,0.386973095888835,0.630496035099822,1.02766014943748,1.36519487824729,1.54188383337484,1.72635887346433,81.73636639,245.8777644,1.62406647302175,1.62671692684626,0.949292649641439,0.258572726076792,0.386973095888835,1.72635887346433,20,12,1.72635887346433,0.102292400442579,0.754570721494065,-0.072936875,6.04330575638637,1.49849371160398,-2.573976657,0.61,4.66736544900692,1.57012576064077,-1.820272525,-0.250146764,0.567587901,native,12.2
Speaker024,Tone3,u,Speaker024_Tone 3_u,1.34212337033514,1.58439257069162,1.60800098245735,1.57970764458604,1.50868067353011,1.41950399187941,1.33302563637283,1.23823232282694,1.09158793621559,0.902157779369535,0.787264998001448,0.759629876175414,0.773335098061096,0.81071811359828,0.864627192134665,0.974537193275263,1.1490157466319,1.35115816604058,1.56905201386707,1.88770499277649,81.73636639,245.8777644,1.12807511660108,1.34212337033514,1.50868067353011,0.902157779369535,0.864627192134665,1.88770499277649,20,12,1.88770499277649,0.759629876175414,1.19965017343913,-0.24724644,3.08628113125155,1.66853573427295,-1.382021847,0.71,3.86134700800403,0.981235511111441,-1.119790632,-0.138555121,0.476641726,native,14.2
Speaker024,Tone3,y,Speaker024_Tone 3_y,1.8959819990839,1.16430029834436,1.06119590059041,0.994107168842138,0.908956025708853,0.8211543529701,0.740384010462808,0.695667537942835,0.652967758082504,0.555284711316974,0.38997071754223,0.310264431269727,0.344841376806944,0.439275497714886,0.568202039579685,0.73357750669095,0.982020686910354,1.28766484787874,1.57768169717344,1.81774662090574,81.73636639,245.8777644,1.58571756781418,1.8959819990839,0.908956025708853,0.555284711316974,0.568202039579685,1.81774662090574,1,12,1.8959819990839,0.310264431269727,0.851333665137096,-0.006858962,5.21305973353123,1.40965832114938,-1.895373136,0.65,4.5756402641616,1.23199253855953,-1.601474092,-0.369481554,0.491915638,native,13
Speaker025,Tone2,a,Speaker025_Tone 2_a,3.00583757948024,3.18544604721957,3.21210519885216,3.17783373717271,3.12662322272004,3.1015534626576,3.12342955688991,3.17854940084877,3.25511287590116,3.3447408692086,3.43685279122976,3.53034654974862,3.6318018472135,3.75648036379645,3.90979864587559,4.06699620177826,4.19818646140404,4.31728060245915,4.46033460870403,4.46681156562694,73.77407216,316.377708,1.4609739861467,3.00583757948024,3.12662322272004,3.3447408692086,3.90979864587559,4.46681156562694,20,1,4.46681156562694,3.00583757948024,3.5583503360477,1.49296525704958,1.81895474664898,3.1193933704723,0.0998363364721388,0.4,2.27353584887007,-0.039934535,-1.364121509,-1.404056044,0.397361475,native,8
Speaker025,Tone2,e,Speaker025_Tone 2_e,4.06674140032841,3.61005083688632,3.37052758714521,3.28724482775193,3.23906918603728,3.21274178268451,3.21302294740897,3.24076081919317,3.28442611763471,3.34171743171527,3.41959980841961,3.51828347246751,3.6326262172367,3.75498288673688,3.88830706084821,4.04003186849975,4.19697773198247,4.33842119752903,4.46458959141698,4.51418608902644,73.77407216,316.377708,1.30144430634193,4.06674140032841,3.23906918603728,3.34171743171527,3.88830706084821,4.51418608902644,20,6,4.51418608902644,3.21274178268451,3.65130063571804,1.01138168343306,3.46728803555474,3.85224036261138,-2.935109988,0.29,2.10138529393294,0.851181896533362,-1.491983559,-0.640801662,0.38093985,native,5.8
Speaker025,Tone2,i,Speaker025_Tone 2_i,3.45896352460187,3.60616509304287,3.45501848059629,3.35376275887314,3.34210082070654,3.34006081747568,3.33663846095931,3.33321385803887,3.33592484463894,3.35618784764232,3.39811445907208,3.45823689471706,3.53447469013256,3.62863641011426,3.74841382799655,3.89280621741897,4.05342315762041,4.23614418905626,4.42989450286477,4.54194203523112,73.77407216,316.377708,1.20872817719225,3.45896352460187,3.34210082070654,3.35618784764232,3.74841382799655,4.54194203523112,20,8,4.54194203523112,3.33321385803887,3.61784396720214,0.97977930720406,2.75448821651466,3.4716153919042,-0.304633294,0.55,2.68996528485667,0.167548311488116,-1.210484378,-1.042936067,0.388568388,native,11
Speaker025,Tone2,o,Speaker025_Tone 2_o,3.4114346545188,3.30442277664622,3.22304587771254,3.17060779453279,3.12899292367374,3.0955140153104,3.06210757062853,3.02761507718502,3.01640059188906,3.02915335889245,3.06343874771422,3.10643661376824,3.14833975105918,3.23225872667482,3.39766190272317,3.61918271934242,3.85877703471622,4.10243006012075,4.33177836518639,4.57392973439211,73.77407216,316.377708,1.55752914250305,3.4114346545188,3.12899292367374,3.02915335889245,3.39766190272317,4.57392973439211,20,9,4.57392973439211,3.01640059188906,3.36085530275464,1.02714154337868,3.91260677708783,3.29267535748811,-0.543815062,0.61,4.00462686863391,0.331727187891707,-1.561804479,-1.230077291,0.496609034,native,12.2
Speaker025,Tone2,u,Speaker025_Tone 2_u,3.30599758394052,3.21191864603619,3.1724106236132,3.19641957373823,3.21457896195411,3.22181080263544,3.22128450844313,3.21836152513203,3.21977611528593,3.24184713850574,3.3011689051621,3.39509502982258,3.50002652948193,3.59644902204809,3.70771297070224,3.88383184831483,4.13580377056707,4.405066408,4.6279071204375,4.61398768246446,73.77407216,316.377708,1.45549649682429,3.30599758394052,3.21457896195411,3.24184713850574,3.70771297070224,4.61398768246446,19,3,4.6279071204375,3.1724106236132,3.54422355201799,1.37114433790627,2.88980723863573,3.21814877264914,0.0400530983219752,0.56,3.24930432855747,-0.022429735,-1.429693905,-1.45212364,0.399361954,native,11.2
Speaker025,Tone2,y,Speaker025_Tone 2_y,3.7447756045003,3.19960083696853,3.0436104782252,3.01107648431727,2.99911457483661,3.00013290134472,3.0051012645275,3.01860477620127,3.0459189949061,3.07606566398307,3.10812933550739,3.15029480913775,3.21600533539725,3.32234366038602,3.46992599644631,3.65146406380187,3.85484411770501,4.06187137618771,4.26348831961831,4.38576127352878,73.77407216,316.377708,1.38664669869217,3.7447756045003,2.99911457483661,3.07606566398307,3.46992599644631,4.38576127352878,20,5,4.38576127352878,2.99911457483661,3.34924811201052,1.02092257908295,3.66605547570449,3.31461124739252,-0.852334049,0.5,2.89417920743747,0.426167024635784,-1.447089604,-1.020922579,0.464123352,native,10
Speaker025,Tone3,a,Speaker025_Tone 3_a,3.96910407683515,3.4076199402186,3.18872836983765,2.96038682909022,2.70485607047901,2.3973535361783,1.95060022615767,1.33638460156259,0.583843754508975,0.498609983449463,0.617256088549653,0.630135928215595,0.688560346217748,1.54815769407537,2.37891593125298,2.68073725971698,2.98770350793689,3.33644034735627,3.58130372031821,3.68192971111307,73.77407216,316.377708,3.47049409338569,3.96910407683515,2.70485607047901,0.498609983449463,2.37891593125298,3.68192971111307,1,10,3.96910407683515,0.498609983449463,2.14253601760372,-0.088040485,12.9840731546773,4.03724288097491,-7.342920165,0.51,7.59359682401938,3.74488928434394,-3.720862444,0.0240268405744368,0.626026847,native,10.2
Speaker025,Tone3,e,Speaker025_Tone 3_e,4.21597002328351,3.78255740705141,3.45134126808818,3.2351917739847,3.06731937174593,2.89249356802395,2.62252975493556,2.31857452286451,1.91700244027968,0.929593900889627,0,0.0592962631768073,0.676269890717497,1.84396985252878,2.47735749539004,2.63325389795803,2.75019179153024,2.86307955484817,2.87345854543743,2.75505718475115,73.77407216,316.377708,4.21597002328351,4.21597002328351,3.06731937174593,0.929593900889627,2.47735749539004,2.75505718475115,1,11,4.21597002328351,0,2.27758250132506,-1.243086426,10.3332933416084,4.37892536440086,-6.827613941,0.55,6.19267108784531,3.75518766744418,-2.78670199,0.968485677913789,0.566662233,native,11
Speaker025,Tone3,i,Speaker025_Tone 3_i,3.48683353101972,3.65660208375177,3.3991909747971,3.27286433224202,3.11582325139158,2.94311592593633,2.59103062605087,2.0819203250573,1.38909057681715,0.808591561512567,0.683148489981189,0.926826430249275,1.87066708146909,2.50018761288263,2.76592205356717,2.91485504251051,3.05203980433802,3.184298221,3.29497489143106,3.45920833838268,73.77407216,316.377708,2.97345359377058,3.48683353101972,3.11582325139158,0.808591561512567,2.76592205356717,3.45920833838268,2,11,3.65660208375177,0.683148489981189,2.48897671920895,-0.282520701,9.22064359223774,4.00894085400489,-5.643085477,0.52,5.72780950266231,2.93440444808361,-2.749348561,0.185055886805706,0.609836498,native,10.4
Speaker025,Tone3,o,Speaker025_Tone 3_o,2.91548796542995,3.23468459266815,3.14494063966606,3.03731787875344,2.90840411309909,2.75488509147554,2.47617207591934,1.9919786466961,1.24154706280792,0.653328410296526,0.534545031255256,1.02111447114138,1.81389219573651,2.18934495385886,2.42149824013784,2.6275667713984,2.7775112781072,2.91424524901223,3.08128261537618,3.24241392268158,73.77407216,316.377708,2.70786889142633,2.91548796542995,2.90840411309909,0.653328410296526,2.42149824013784,3.24241392268158,20,11,3.24241392268158,0.534545031255256,2.2778526004764,-0.18574504,8.1231224171405,3.60340948207638,-4.982951374,0.52,5.19294085012554,2.59113471440331,-2.492611608,0.0985231063430487,0.604153893,native,10.4
Speaker025,Tone3,u,Speaker025_Tone 3_u,3.81952877299019,3.56019094136027,3.41128163345938,3.29390424467385,3.1395721984475,2.89622506194586,2.69619314421301,2.6352091951237,2.54121855695751,2.34401318332115,2.11538126892849,2.14520774588822,2.26448993365288,2.38048620838105,2.52281278286137,2.62607109353602,2.76735886633388,3.00323386249191,3.21012522339187,3.39254990677797,73.77407216,316.377708,1.7041475040617,3.81952877299019,3.1395721984475,2.34401318332115,2.52281278286137,3.39254990677797,1,11,3.81952877299019,2.11538126892849,2.79169240218094,-0.593127915,5.3078729523688,3.76051862569734,-3.085633971,0.56,2.92377987694313,1.72795502375366,-1.286463146,0.441491877898684,0.689175388,native,11.2
Speaker025,Tone3,y,Speaker025_Tone 3_y,4.18519890813218,3.46559653393762,3.3505274037554,3.25448194581882,3.10872856838361,2.94517603885687,2.75437821166898,2.46304410778689,2.1089674255885,2.01466028168887,2.21458994771996,2.1983127102082,2.32337373458098,2.67733842487144,2.91703760372279,3.16882606068849,3.4234118336041,3.60109128743709,3.77523738017061,3.95676136998962,73.77407216,316.377708,2.17053862644332,4.18519890813218,3.10872856838361,2.01466028168887,2.91703760372279,3.95676136998962,1,10,4.18519890813218,2.01466028168887,2.93129643729217,0.0930898514730121,7.30062288677526,3.93027555894663,-4.093593723,0.49,4.04717989360692,2.00586092405005,-2.064061746,-0.058200822,0.717772161,native,9.8
Speaker026,Tone2,a,Speaker026_Tone 2_a,3.17783464187781,2.56638894818624,2.30217503735212,2.28376406005728,2.26442056930437,2.23385068392521,2.1983633385711,2.1861942856356,2.23534267750163,2.3451287405398,2.47925398843436,2.58891827797211,2.66019245617933,2.71538683290576,2.78437018441716,2.90936931527209,3.13196426210998,3.43758854214696,3.72229951247923,3.84498408251932,104.2205021,314.3337053,1.65878979688372,3.17783464187781,2.26442056930437,2.3451287405398,2.78437018441716,3.84498408251932,20,8,3.84498408251932,2.1861942856356,2.66681674440968,1.13738918908882,4.16929663040512,2.82584495602183,-2.504971462,0.34,2.54574028602574,0.851690297128847,-1.680188589,-0.828498292,0.341483054,native,6.8
Speaker026,Tone2,e,Speaker026_Tone 2_e,2.46184266219538,2.84541936766947,2.90931598007952,2.7235863491661,2.58636604547415,2.50637292976769,2.46779762985939,2.4606587261959,2.47653337985654,2.52816219228911,2.61311080018732,2.71293051454584,2.80641377335545,2.89891040216449,3.01624480347738,3.18242912238239,3.38534023692807,3.60961975191296,3.81851261685049,3.9465486240278,104.2205021,314.3337053,1.4858898978319,2.46184266219538,2.58636604547415,2.52816219228911,3.01624480347738,3.9465486240278,20,8,3.9465486240278,2.4606587261959,2.86975026148216,1.15065144275111,3.19833086883049,2.73780949041061,-0.602961649,0.5,2.90426453407797,0.301480824287879,-1.452132267,-1.150651443,0.273500543,native,10
Speaker026,Tone2,i,Speaker026_Tone 2_i,3.3967638886898,2.92392137491681,2.71626854984908,2.66409603751793,2.63345357972025,2.62231362306476,2.63364568023248,2.66232040658387,2.69877735798097,2.75507326212855,2.85056627077022,2.9724551031566,3.10552598838321,3.24840390104568,3.40244433265955,3.56603149329255,3.72594673446425,3.89856959538619,4.10156377343776,4.34109791435376,104.2205021,314.3337053,1.718784291,3.3967638886898,2.63345357972025,2.75507326212855,3.40244433265955,4.34109791435376,20,6,4.34109791435376,2.62231362306476,3.11209935455555,1.34594624486194,3.86033512618223,3.11118725814636,-1.956730668,0.35,2.7070271426503,0.684855733668893,-1.759567643,-1.074711909,0.356406389,native,7
Speaker026,Tone2,o,Speaker026_Tone 2_o,3.55852620619021,2.94134084829445,2.71559018289173,2.70122750528712,2.68019467387426,2.64210073883049,2.60630784921638,2.58863575105042,2.59442260822961,2.6239457123946,2.66328721774453,2.70021356785905,2.75271998774625,2.84328284935595,2.97492846165864,3.13859334910054,3.34676872620177,3.60201128950468,3.88809025668308,4.33115920007715,104.2205021,314.3337053,1.74252344902673,3.55852620619021,2.68019467387426,2.6239457123946,2.97492846165864,4.33115920007715,20,8,4.33115920007715,2.58863575105042,2.95353305622467,0.904813068559716,4.68930938887538,3.01141037226105,-0.90216942,0.6,4.12983792948306,0.541301652231363,-1.651935172,-1.11063352,0.357490072,native,12
Speaker026,Tone2,u,Speaker026_Tone 2_u,3.84265947486202,3.82543133041789,3.80184719210767,3.73470289855271,3.63395350498844,3.55812068924881,3.53137349578216,3.5543122032872,3.59004919467721,3.60954963651677,3.59454491463386,3.58657210931087,3.60646940121447,3.6569579930582,3.79138902741324,3.99853563154195,4.20028546924145,4.38201872559289,4.56878450383846,4.67205326897545,104.2205021,314.3337053,1.14067977319329,3.84265947486202,3.63395350498844,3.60954963651677,3.79138902741324,4.67205326897545,20,7,4.67205326897545,3.53137349578216,3.81003080086283,0.719641319795598,3.07226949362884,3.77793247846519,-0.395933326,0.65,3.42659476569475,0.257356661819375,-1.199308168,-0.941951506,0.336147381,native,13
Speaker026,Tone2,y,Speaker026_Tone 2_y,2.38346689138615,2.80311514528631,2.67174257478034,2.59617244660778,2.60898464879672,2.64312248507543,2.70136008104204,2.77772130226433,2.86144228146767,2.93593553345244,3.00028479555631,3.08834504125787,3.2247702594009,3.40768317546385,3.63143336911905,3.87140625192433,4.09167811158343,4.29858993147968,4.51996126647376,4.73545225736309,104.2205021,314.3337053,2.35198536597693,2.38346689138615,2.60898464879672,2.93593553345244,3.63143336911905,4.73545225736309,20,1,4.73545225736309,2.38346689138615,3.21734832449034,2.12034842268326,2.88249775185594,2.51758116443079,0.78537809586043,0.56,4.00398177701909,-0.439811734,-1.761751982,-2.201563716,0.400175454,native,11.2
Speaker026,Tone3,a,Speaker026_Tone 3_a,2.92699468718387,2.8758381690952,2.80961637388269,2.6553789752351,2.44618911288669,2.23226245901403,2.02830876507175,1.83241458382776,1.6621288327597,1.55024841064078,1.50907359713205,1.56230974687867,1.72840100309309,1.96767117974193,2.21238691368322,2.43669498957519,2.63877895250034,2.77681154281195,2.83293734629336,2.8750036741129,104.2205021,314.3337053,1.41792109005182,2.92699468718387,2.44618911288669,1.55024841064078,2.21238691368322,2.8750036741129,1,11,2.92699468718387,1.50907359713205,2.22817277257802,-0.057049919,5.6771650240016,3.06357178759954,-3.219481462,0.51,3.29140700827711,1.64193554538699,-1.612789434,0.0291461113312059,0.395673674,native,10.2
Speaker026,Tone3,e,Speaker026_Tone 3_e,3.81762809809566,3.39951746958288,2.96355659555604,2.66715039582006,2.43597347966176,2.19083807586782,1.91864510974809,1.58998496679714,1.21282159070776,0.942284278076873,1.0399708542867,1.46910531266955,1.89335118198048,2.12546476319595,2.23759638302564,2.3494330018357,2.48023789276438,2.642221081,2.90795469363519,3.61325923188637,104.2205021,314.3337053,2.87534382001878,3.81762809809566,2.43597347966176,0.942284278076873,2.23759638302564,3.61325923188637,1,10,3.81762809809566,0.942284278076873,2.21451873992456,-0.231278357,9.15773205082737,3.68999136476299,-5.803524321,0.47,4.46213458179372,2.72765643071122,-2.364931328,0.36272510236055,0.369067842,native,9.4
Speaker026,Tone3,i,Speaker026_Tone 3_i,3.64591340170465,3.28985251953151,2.93468134075802,2.67397539743915,2.52877229984402,2.40622174827582,2.26481008709896,2.09739709550017,1.85770139951951,1.54110549981841,1.33827042599111,1.43927965975507,1.69336429308158,1.92342825478982,2.13728431886552,2.33040564598301,2.50535827350927,2.67904314088963,2.79747710603309,2.91652371711196,104.2205021,314.3337053,2.30764297571354,3.64591340170465,2.52877229984402,1.54110549981841,2.13728431886552,2.91652371711196,1,11,3.64591340170465,1.33827042599111,2.29123701440721,-0.553225555,6.70391442292916,3.46840762452995,-3.99442412,0.53,3.53233117472387,2.1170447838321,-1.660195652,0.456849131711882,0.416182472,native,10.6
Speaker026,Tone3,o,Speaker026_Tone 3_o,3.03076283645334,3.16172190901664,3.14058787103646,3.02615273012343,2.86926485103284,2.67085409084759,2.44274310396967,2.20465503063125,1.94906920504239,1.7144681381353,1.60992072933082,1.73707617097787,1.95036716065279,2.12309571191928,2.30586647282782,2.53026493759769,2.75090269061774,3.01862154877567,3.28406179295649,3.47690541578899,104.2205021,314.3337053,1.86698468645817,3.03076283645334,2.86926485103284,1.7144681381353,2.30586647282782,3.47690541578899,20,11,3.47690541578899,1.60992072933082,2.49520750301764,-0.08735205,6.23131032307339,3.37865432090533,-3.243561351,0.55,4.11511753409976,1.78395874320466,-1.85180289,-0.067844147,0.460207303,native,11
Speaker026,Tone3,u,Speaker026_Tone 3_u,3.09998378164929,3.03498852045199,2.87584422162397,2.75387452483544,2.5984245609103,2.43723577954375,2.30795250744085,2.2110257925551,2.13609507910266,2.07634021281563,2.03559841010019,2.01217511107913,2.0215689997857,2.10955398283025,2.28777924775652,2.50672577259721,2.71761835597066,2.88140236376853,2.94455651316517,2.95849900072458,104.2205021,314.3337053,1.08780867057017,3.09998378164929,2.5984245609103,2.07634021281563,2.28777924775652,2.95849900072458,1,12,3.09998378164929,2.01217511107913,2.46210146056423,-0.13879834,4.36171710630758,3.08138855554718,-2.176883662,0.56,2.73692512217069,1.21905485065818,-1.204247054,0.0148077969030727,0.421518145,native,11.2
Speaker026,Tone3,y,Speaker026_Tone 3_y,2.13485141918617,2.96321355665827,2.8755090218755,2.79040298394023,2.70811348615978,2.62036655898988,2.50737070268479,2.34941203199641,2.19633118406971,2.10752447720528,2.0493199690864,2.04277357720112,2.16385591608258,2.35310265878034,2.54458815286032,2.77091914441278,3.01450951023355,3.19673540146696,3.21786228679215,3.0811740536302,104.2205021,314.3337053,1.17508870959104,2.13485141918617,2.70811348615978,2.10752447720528,2.54458815286032,3.0811740536302,19,12,3.21786228679215,2.04277357720112,2.55658593789653,0.393189448176998,3.17043881167653,2.8036820248481,-1.231396887,0.58,2.97164510265709,0.714210194643051,-1.248090943,-0.533880748,0.469539199,native,11.6
Speaker027,Tone2,a,Speaker027_Tone 2_a,2.40734389411923,2.32077655386392,2.19891517951799,2.13878151136194,2.09530748278054,2.06587677906883,2.04617206710205,2.05115982254657,2.09190869349363,2.1557799232745,2.2056191178837,2.22864334691533,2.24307306325491,2.28920288469244,2.38905430068154,2.51224677381433,2.63242831895954,2.77312517181263,2.9595608442448,3.24846957532531,58.75589207,156.8837675,1.20229750822327,2.40734389411923,2.09530748278054,2.1557799232745,2.38905430068154,3.24846957532531,20,7,3.24846957532531,2.04617206710205,2.32939933368512,0.74981477485734,2.65311419676404,2.23826206516628,-0.245709252,0.61,2.63666395291446,0.149882643502273,-1.028298942,-0.878416298,0.292775094,native,12.2
Speaker027,Tone2,e,Speaker027_Tone 2_e,3.33797768497576,3.18490666878437,3.01128298454199,2.78828870195982,2.48684695360877,2.1884322254803,1.98951773096913,1.93012469431875,2.00080173684651,2.16453755018851,2.41082587931373,2.68153093329928,2.93255340701929,3.1360451903496,3.2709011256371,3.35053684926254,3.39190414480849,3.43338741006636,3.5005422530215,3.67707505774521,58.75589207,156.8837675,1.74695036342646,3.33797768497576,2.48684695360877,2.16453755018851,3.2709011256371,3.67707505774521,20,8,3.67707505774521,1.93012469431875,2.79995078811826,0.865090611511443,4.95331949304131,3.41099015318958,-4.405618203,0.34,2.90305698848384,1.49791018889127,-1.916017612,-0.418107424,0.290952106,native,6.8
Speaker027,Tone2,i,Speaker027_Tone 2_i,3.21410905271555,3.22826896271903,3.12279938147402,2.9260724546996,2.75040181779179,2.63383655669931,2.58233474142997,2.5809439548503,2.65624562005739,2.83823011374412,3.08426189590583,3.26280046485329,3.31684663385778,3.3141294915528,3.3251535276995,3.36294415238766,3.39810907509291,3.43450153286084,3.48796477966212,3.49821545859006,58.75589207,156.8837675,0.917271503739764,3.21410905271555,2.75040181779179,2.83823011374412,3.3251535276995,3.49821545859006,20,8,3.49821545859006,2.5809439548503,3.08386925198397,0.635035004536663,1.94247238509769,3.30388478531522,-2.472304784,0.28,1.43345441027279,0.69224533940688,-1.032087175,-0.339841836,0.311962815,native,5.6
Speaker027,Tone2,o,Speaker027_Tone 2_o,3.21524379431607,2.68746444547794,2.54278373887672,2.50685275230912,2.46922113586918,2.40845348827867,2.22051739298878,1.85771899942835,1.50349612900716,1.31430488084113,1.300769208,1.47944302822442,1.78761450137518,2.09951713232285,2.349718119,2.55300435336066,2.72372190127568,2.87095080913299,3.04185891301863,3.14027195738355,58.75589207,156.8837675,1.91447458653306,3.21524379431607,2.46922113586918,1.31430488084113,2.349718119,3.14027195738355,1,11,3.21524379431607,1.300769208,2.24728578573378,0.163597483050185,6.42510250266317,3.08878915161576,-3.457768487,0.51,3.99798498030501,1.76346192815548,-1.95901264,-0.195550712,0.408353833,native,10.2
Speaker027,Tone2,u,Speaker027_Tone 2_u,3.2656480494529,2.94924333271179,2.84968239244853,2.82548603638775,2.80747269236991,2.75943898455399,2.68598148006764,2.62717888236726,2.58372377528065,2.5473442600004,2.54470275655494,2.60737530420698,2.74078588171431,2.92282155709667,3.13203091778137,3.32238045476441,3.43407447215137,3.47420396483639,3.50183120807996,3.46780093211326,58.75589207,156.8837675,0.957128451525016,3.2656480494529,2.80747269236991,2.5473442600004,3.13203091778137,3.46780093211326,19,11,3.50183120807996,2.54470275655494,2.92530962247543,0.597513047245839,3.0951848469613,3.0780868736373,-1.212764426,0.49,2.30721954996815,0.594254568850175,-1.17668197,-0.582427402,0.397048583,native,9.8
Speaker027,Tone2,y,Speaker027_Tone 2_y,2.45121919184667,2.55440916356689,2.61104380134345,2.34204816315633,2.20278893102915,2.17619167932055,2.14674630109165,2.21502497012819,2.27583383060886,2.28739528255243,2.30335801834291,2.40362489578452,2.56962157007912,2.75510899129767,2.92611804899002,3.04599447758509,3.12757359973646,3.17087389095715,3.26028191191925,3.42885270990117,58.75589207,156.8837675,1.28210640880952,2.45121919184667,2.20278893102915,2.28739528255243,2.92611804899002,3.42885270990117,20,7,3.42885270990117,2.14674630109165,2.58864542830438,1.02342302409182,2.74284491995419,2.55120701852175,-1.159786833,0.39,2.17531046327437,0.452316864951667,-1.326939383,-0.874622518,0.447734839,native,7.8
Speaker027,Tone3,a,Speaker027_Tone 3_a,2.97926130190263,2.58046197374844,1.96970338073405,1.40406878323976,1.10964245676731,0.981714954562726,0.89317456211114,0.810001035781058,0.705146442690722,0.581828883503358,0.455419382619578,0.352121550269095,0.302168527156595,0.279302328981105,0.237406289179961,0.205861303848266,0.516325391785284,1.51460631960385,2.69475045020606,3.39083691748966,58.75589207,156.8837675,3.1849756136414,2.97926130190263,1.10964245676731,0.581828883503358,0.237406289179961,3.39083691748966,20,16,3.39083691748966,0.205861303848266,1.10352896952981,-0.475234318,10.7913702198315,2.26506537909619,-3.33212963,0.77,15.882387517239,2.56573981537619,-3.652949129,-1.087209314,0.382808431,native,15.4
Speaker027,Tone3,e,Speaker027_Tone 3_e,3.58629677057993,3.49308414771713,3.29341515819266,3.10103599543021,2.95626499898475,2.79519449317966,2.61095263001015,2.41935527413849,2.22026439735165,2.01306990256921,1.79708401120006,1.57152748911248,1.33551267405785,1.10417596242247,1.00681532005587,1.24839410509335,1.7558021421019,2.17229126449497,2.32342087848059,2.54178459474518,58.75589207,156.8837675,2.57948145052406,3.58629677057993,2.95626499898475,2.01306990256921,1.00681532005587,2.54178459474518,1,15,3.58629677057993,1.00681532005587,2.22023673942028,-1.814939201,5.36374230262384,3.7035784280817,-3.675740161,0.73,5.99472434431942,2.68329031747357,-1.618575573,1.06471474450733,0.397123171,native,14.6
Speaker027,Tone3,i,Speaker027_Tone 3_i,3.27101514516853,3.08241199074026,2.93192279303762,2.72550257989018,2.35189514883785,1.78639954202613,1.26322786270537,0.987582938955792,0.829560883167913,0.661615370163265,0.487644869462319,0.307518513162738,0.126653863818059,0,0.0490386179990623,0.363575354644938,0.865765870021296,1.31724155768763,1.75438194777192,2.22104670294945,58.75589207,156.8837675,3.27101514516853,3.27101514516853,2.35189514883785,0.661615370163265,0.0490386179990623,2.22104670294945,1,14,3.27101514516853,0,1.28443450230673,-2.0473973,9.66327558463196,3.33467258189652,-5.491930058,0.67,7.46513238656788,3.67959313871903,-2.463493688,1.21609945115163,0.398144987,native,13.4
Speaker027,Tone3,o,Speaker027_Tone 3_o,3.09911776245962,3.36805309901368,3.29058092828902,3.1675340949042,3.00435569279561,2.80192646040517,2.60322833228868,2.36027039151635,1.73828155128429,0.895932014417563,0.538534837923235,0.565032564063405,0.62219668117628,0.67878300967978,0.732492230518509,0.80127598249541,0.96883866818025,1.19145758119568,1.3156571224908,1.66394966671226,58.75589207,156.8837675,2.82951826109045,3.09911776245962,3.00435569279561,0.895932014417563,0.732492230518509,1.66394966671226,2,11,3.36805309901368,0.538534837923235,1.72186835858464,-2.730374729,5.52974955066697,3.79029351356796,-5.158792515,0.65,3.16220621231633,3.35321513484632,-1.106772174,2.24644296053561,0.453654865,native,13
Speaker027,Tone3,u,Speaker027_Tone 3_u,3.4805966102991,3.44374643540342,3.33616033155831,3.17525662606673,2.94930893995108,2.59883436512613,1.98320239633031,1.06702763658879,0.428250706676875,0.819627086221123,2.00258323224719,2.59003831850867,2.64784022473758,2.64773580542165,2.64763138396401,2.64032446816758,2.61130420590405,2.63648159324687,2.70427223798956,2.82879407772954,58.75589207,156.8837675,3.05234590362223,3.4805966102991,2.94930893995108,0.819627086221123,2.64763138396401,2.82879407772954,1,9,3.4805966102991,0.428250706676875,2.40429682626189,-0.364534461,6.57255689433406,3.86157505601806,-6.004245547,0.42,3.18883189315788,2.52178312984958,-1.849522498,0.672260631818009,0.539086749,native,8.4
Speaker027,Tone3,y,Speaker027_Tone 3_y,3.47354148940482,3.37188688599146,3.2533948223904,3.12401537172513,2.97794537501775,2.79986335172985,2.51967747169215,2.08018564119577,1.7145561476683,1.47401282900563,1.22652363039816,0.987736960595129,0.822137090198917,0.742558700445397,0.708091043361663,0.737084657847298,0.791116596685482,0.81896290422529,0.829618466273235,1.16969211906363,58.75589207,156.8837675,2.76545044604316,3.47354148940482,2.97794537501775,1.47401282900563,0.708091043361663,1.16969211906363,1,15,3.47354148940482,0.708091043361663,1.74849723508072,-3.120990051,3.72014406381616,3.75291186256733,-4.625269139,0.67,1.03327425204447,3.0989303233032,-0.340980503,2.75794982012853,0.466740316,native,13.4
Speaker028,Tone2,a,Speaker028_Tone 2_a,3.63540337354936,3.38239520675561,3.18205552968552,3.05106737542787,2.95261457221564,2.89725223022815,2.87693259522687,2.87595206396951,2.88715359259305,2.90235020370526,2.92208979668658,2.95220235481015,2.99702356582024,3.06435913526788,3.14531425638769,3.25341056884141,3.37496517823602,3.49802582817039,3.59384172940891,3.66302207663158,77.98610646,259.7734023,0.787070012662074,3.63540337354936,2.95261457221564,2.90235020370526,3.14531425638769,3.66302207663158,20,8,3.66302207663158,2.87595206396951,3.12906849658203,0.296330221784859,2.99854942126986,3.51317448542692,-2.370121321,0.34,1.32733739390585,0.805841249058348,-0.87604268,-0.070201431,0.285369959,native,6.8
Speaker028,Tone2,e,Speaker028_Tone 2_e,3.54554984914225,3.67302617393245,3.66284742787047,3.52940755895741,3.39479125795406,3.27765847059452,3.19233719606905,3.16650081565362,3.18563036326192,3.22584659825488,3.26714312046531,3.31256242440665,3.37157776334279,3.45255638528045,3.54340527716386,3.63010524326612,3.69466582700464,3.73154107114097,3.76016104857693,3.80220430420399,77.98610646,259.7734023,0.635703488550368,3.54554984914225,3.39479125795406,3.22584659825488,3.54340527716386,3.80220430420399,20,8,3.80220430420399,3.16650081565362,3.45252860684872,0.254081093070397,2.102992426,3.69759143784088,-1.46089677,0.39,1.1589237736105,0.569749740474404,-0.706943502,-0.137193761,0.265901934,native,7.8
Speaker028,Tone2,o,Speaker028_Tone 2_o,3.65752294369367,3.4947124716946,3.3920578728166,3.36193962001095,3.34922789084999,3.32932589778661,3.29707804093882,3.25862971424629,3.22210413380962,3.19554946638184,3.18861676204758,3.21053599229369,3.25970380038088,3.32661480725824,3.40803167251973,3.48793445588621,3.55522431550426,3.61858860915985,3.78614305284058,4.04468617357182,77.98610646,259.7734023,0.856069411524238,3.65752294369367,3.34922789084999,3.19554946638184,3.40803167251973,4.04468617357182,20,11,4.04468617357182,3.18861676204758,3.40179298460568,0.294652831253594,2.32769760899546,3.53816430794278,-0.754129769,0.56,1.77447739952714,0.422312670718443,-0.780770056,-0.358457385,0.259711614,native,11.2
Speaker028,Tone2,u,Speaker028_Tone 2_u,3.83594761572379,3.55261752065787,3.320066588,3.20341064889763,3.1538616848944,3.14439374771125,3.15678586330281,3.19271180177326,3.24929883650348,3.31837929067655,3.37421935374239,3.4108612428557,3.44025795530243,3.48281101055653,3.53873526725271,3.59526854025877,3.64258676087347,3.68289496289419,3.746902163,3.84995609171633,77.98610646,259.7734023,0.705562344005076,3.83594761572379,3.1538616848944,3.31837929067655,3.53873526725271,3.84995609171633,20,6,3.84995609171633,3.14439374771125,3.42791556088922,0.388367117424795,1.90183765275846,3.80091534786121,-4.122963862,0.18,0.889123650242619,0.742133495188319,-0.729081393,0.0130521019893717,0.271780914,native,3.6
Speaker028,Tone2,y,Speaker028_Tone 2_y,3.36900146959118,3.42593306789802,3.44178869279453,3.40473128630212,3.3343324497071,3.24890581796148,3.18902375049399,3.15494980396197,3.12041811120449,3.09066687212635,3.10876339279819,3.21545764844466,3.36964229392611,3.52558381400013,3.65771166128876,3.76531294847565,3.85241333759176,3.92315015540741,3.9871643924659,4.01095081266385,77.98610646,259.7734023,0.920283940537503,3.36900146959118,3.3343324497071,3.09066687212635,3.65771166128876,4.01095081266385,20,10,4.01095081266385,3.09066687212635,3.43901101248465,0.670441353502122,2.36938471764066,3.4660167544484,-0.80035501,0.48,1.98223270513914,0.384170405018177,-1.030761007,-0.646590602,0.28265215,native,9.6
Speaker028,Tone3,a,Speaker028_Tone 3_a,3.4890670136622,3.30630393919178,3.03531283333325,2.71049012078487,2.39982922632751,2.24775726996922,2.22333552878374,2.2868892555648,2.36924970787042,2.45057713995008,2.53034334545615,2.60860713823622,2.68319903848355,2.77406526348632,2.87165470377623,2.96395941623818,2.99036219508029,2.89372710115741,2.74838515066889,2.70022484027726,77.98610646,259.7734023,1.26573148487846,3.4890670136622,2.39982922632751,2.45057713995008,2.87165470377623,2.70022484027726,1,7,3.4890670136622,2.22333552878374,2.68961206208157,-0.064329502,2.79926422400228,3.53460509565585,-5.144952518,0.25,0.97711190839157,1.28623812938196,-0.732833931,0.553404198088287,0.250282981,native,5
Speaker028,Tone3,e,Speaker028_Tone 3_e,3.94144396854005,3.85506123873574,3.71342927493027,3.52511415476872,3.29534684384487,3.03584459809934,2.77442761143875,2.51210317877625,2.2579071881541,2.06474583195863,1.95220936370355,1.9232371657586,1.97707758684955,2.11317052660403,2.24799215403844,2.37582655515551,2.55114527734233,2.80258620188161,3.11291894577666,3.48877205540849,77.98610646,259.7734023,2.01820680278145,3.94144396854005,3.29534684384487,2.06474583195863,2.24799215403844,3.48877205540849,1,12,3.94144396854005,1.9232371657586,2.71683645732872,-1.045247087,6.74669427858962,4.05700244435205,-3.987545021,0.59,3.90463038275755,2.35265156241726,-1.600898457,0.751753105486668,0.167397046,native,11.8
Speaker028,Tone3,i,Speaker028_Tone 3_i,3.88818379847797,3.67900936145459,3.33449069842232,2.94084376938633,2.54951037425233,2.32017141666408,2.25158376483052,2.25157367355735,2.25159685927468,2.25643400512676,2.29415010247312,2.41466572765472,2.58698378332296,2.74731816114087,2.85345371918041,2.92084775874045,2.97129483533272,2.99391021214518,3.01416975646133,3.22967002661618,77.98610646,259.7734023,1.63661012492062,3.88818379847797,2.54951037425233,2.25643400512676,2.85345371918041,3.22967002661618,1,8,3.88818379847797,2.25157367355735,2.74214595578799,-0.199550177,5.16957332590337,3.94022232466888,-6.205895616,0.3,1.57859028683866,1.86176868479568,-1.105013201,0.756755484008612,0.280971957,native,6
Speaker028,Tone3,o,Speaker028_Tone 3_o,3.23822043423384,3.56428198614146,3.4960515891581,2.94626089326289,2.13438107120291,1.33171734781975,0.78751549450496,0.509503445179152,0.317182686666552,0.156623422301961,0.0420924840872077,0,0.0397338808602875,0.165483764788399,0.506795538269047,1.09565967345433,1.82024716575407,2.45984410995047,2.98507981263088,3.48498642450677,77.98610646,259.7734023,3.56428198614146,3.23822043423384,2.13438107120291,0.156623422301961,0.506795538269047,3.48498642450677,2,12,3.56428198614146,0,1.42174023935695,-0.885122205,15.0870816945135,3.75569199145734,-7.892351723,0.56,9.00202732589325,4.41971696484907,-3.960892023,0.458824941456036,0.274409949,native,11.2
Speaker028,Tone3,u,Speaker028_Tone 3_u,3.15686753269128,3.26016608280418,3.2221731149256,3.1407194988755,3.06177476391814,2.77701478180361,2.1018636560819,1.08945158060919,0.291221542902833,0.068201626232226,0.308861371054412,0.642877392269174,0.969507896023545,1.26616831324156,1.67289046191343,2.22273619903934,2.72496626781585,2.98133300592811,3.07762099549531,3.18974127409104,77.98610646,259.7734023,3.19196445657195,3.15686753269128,3.06177476391814,0.068201626232226,1.67289046191343,3.18974127409104,2,10,3.26016608280418,0.068201626232226,1.95976039556668,-0.511665152,11.5764118443811,3.93233683576178,-7.258621952,0.51,6.63217145911305,3.70189719547473,-3.249764015,0.452133180509338,0.334129926,native,10.2
Speaker028,Tone3,y,Speaker028_Tone 3_y,3.50282718574955,3.23166554695621,3.12816643432509,3.05995305956601,2.91677033792494,2.65533600999595,2.3002758215573,1.97647491581911,1.73332891961582,1.49213826700209,1.22640212967716,0.947672404971582,0.769721199310137,1.04069409236087,1.7852413502266,2.50482217249288,2.82626123308963,2.85152909487332,2.78950148138601,2.86087766425357,77.98610646,259.7734023,2.73310598643941,3.50282718574955,2.91677033792494,1.49213826700209,1.7852413502266,2.86087766425357,1,13,3.50282718574955,0.769721199310137,2.20838433768586,-0.8105316,8.16224363438904,3.64144309925961,-4.464753138,0.61,6.11543374424653,2.7234994144621,-2.38501916,0.338480254205956,0.344172098,native,12.2
Speaker029,Tone2,a,Speaker029_Tone 2_a,1.85425800952679,1.43544291587244,1.10849051418203,0.9288091853836,0.839422525377776,0.808088818654146,0.819559905438669,0.862734974929648,0.93463187202149,1.04295499836402,1.18039917876365,1.3448060512796,1.54161684695336,1.78591770304625,2.08696803026149,2.45006611052746,2.86565611934476,3.26988427529567,3.5662100942099,3.67715396611341,104.827471,181.9876775,2.86906514745926,1.85425800952679,0.839422525377776,1.04295499836402,2.08696803026149,3.67715396611341,20,6,3.67715396611341,0.808088818654146,1.65990148347048,2.41731221096772,6.86874182897839,1.543678643,-2.514477065,0.4,5.18059536245145,1.00579082610263,-3.108357217,-2.102566391,0.25003844,native,8
Speaker029,Tone2,e,Speaker029_Tone 2_e,3.62772542564708,3.21957891261818,2.35839947964647,1.42307071821251,1.10784934242351,0.998027448420076,0.962443604386258,0.963150394145139,0.977745835743007,1.00839525092072,1.07792023247601,1.21778197340929,1.43616657957812,1.73986667561653,2.08450558990778,2.43910303526598,2.77454245487527,3.0635404224488,3.21217473017259,3.0751567818831,104.827471,181.9876775,2.66528182126082,3.62772542564708,1.10784934242351,1.00839525092072,2.08450558990778,3.0751567818831,1,7,3.62772542564708,0.962443604386258,1.85065302715203,0.722004872864965,9.99828076510814,3.56369477278404,-10.87055859,0.29,3.92381982204857,3.15246199139232,-2.785912074,0.366549917737828,0.28265215,native,5.8
Speaker029,Tone2,i,Speaker029_Tone 2_i,2.80556378549111,1.98451796797614,1.51771863334464,1.32906890672108,1.19688360335185,1.09294571448741,1.02718751961558,1.00026722003232,1.00168398665813,1.04652062873188,1.15730947692643,1.3258926159629,1.55604364372399,1.88659826356009,2.3282522849018,2.84087098174563,3.34285491223101,3.73557336963588,3.93859428351194,3.6749824009403,104.827471,181.9876775,2.93832706347963,2.80556378549111,1.19688360335185,1.04652062873188,2.3282522849018,3.6749824009403,19,8,3.93859428351194,1.00026722003232,1.91161919031836,2.1180726075983,8.8745944411427,2.20297987794567,-3.639319641,0.44,6.19845682599937,1.6013006422138,-3.471135823,-1.86983518,0.347879569,native,8.8
Speaker029,Tone2,o,Speaker029_Tone 2_o,1.74417011201529,1.86150088577468,1.81489472225847,1.75655104971536,1.66267104948326,1.57172489009366,1.52163337030423,1.46189391097489,1.36042572052409,1.22782576157905,1.12593717682093,1.10973442407883,1.14370944277299,1.23821751636165,1.42026436822901,1.62262250086011,1.85462331530812,2.17798206007347,2.55535784660855,3.12871622789373,104.827471,181.9876775,2.01898180381489,1.74417011201529,1.66267104948326,1.22782576157905,1.42026436822901,3.12871622789373,20,12,3.12871622789373,1.10973442407883,1.62418448685306,0.551295993306561,4.99756970361469,1.87190640215097,-1.168676786,0.7,6.36115796078756,0.818073749924649,-1.908347388,-1.090273638,0.421260416,native,14
Speaker029,Tone2,u,Speaker029_Tone 2_u,2.24515398482129,1.64576350209193,1.20652630964661,1.02580294848294,0.92591332164288,0.892223323869612,0.89676736606767,0.934064489603209,1.00553319592261,1.09500446559983,1.19799335254616,1.3144955150894,1.47438856302607,1.68556610641519,1.95677552382309,2.27283996212856,2.64214951638518,3.0610979030043,3.49030642518363,3.8574815178656,104.827471,181.9876775,2.96525819399599,2.24515398482129,0.92591332164288,1.09500446559983,1.95677552382309,3.8574815178656,20,6,3.8574815178656,0.892223323869612,1.6753032626339,2.0638968906059,7.52275763106474,1.72908253101492,-2.54970312,0.44,5.33365164377091,1.12186937265873,-2.986844921,-1.864975548,0.290805578,native,8.8
Speaker029,Tone2,y,Speaker029_Tone 2_y,2.4565818985411,1.65085906147573,1.32093508818552,1.25892467765671,1.21561550598616,1.18159498408724,1.12432291237364,1.05068349454418,0.994498490001074,0.983132868601625,1.01903171298389,1.10760429333712,1.2849560085503,1.56711758830876,1.91081449309462,2.22922151004316,2.52875414373599,2.88175788713241,3.27747540651267,3.69780782859682,104.827471,181.9876775,2.7146749599952,2.4565818985411,1.21561550598616,0.983132868601625,1.91081449309462,3.69780782859682,20,10,3.69780782859682,0.983132868601625,1.66991253422818,1.62163826802258,7.6576032643552,1.81613042555475,-1.986687422,0.54,6.15754970237202,1.07281120800934,-2.832472863,-1.759661655,0.355546577,native,10.8
Speaker029,Tone3,a,Speaker029_Tone 3_a,2.7379101448831,1.85823128523492,1.52370506957176,1.32274558071102,1.16211864937333,0.969392967506664,0.755377220630845,0.590337135865755,0.506833923318338,0.557938251186141,0.737268801536726,0.784794276446488,0.70794533694139,0.781071501031569,0.954719847143911,1.17717943374498,1.45726749883077,1.77478626213284,2.15717700693253,2.44940288575375,104.827471,181.9876775,2.23107622156476,2.7379101448831,1.16211864937333,0.557938251186141,0.954719847143911,2.44940288575375,1,9,2.7379101448831,0.506833923318338,1.1813854665664,0.0990023613159512,7.62941436045868,2.24461871473411,-4.632551175,0.44,3.45235324352514,2.03832251692264,-1.933317816,0.105004700548562,0.432131653,native,8.8
Speaker029,Tone3,e,Speaker029_Tone 3_e,3.06361338907956,1.85183314023062,1.05288757586903,0.858002063631098,0.688790400348908,0.54661945853258,0.453331436876437,0.372133279942181,0.267791701597907,0.147838557788681,0.0466494103564246,0,0.0404178224877375,0.18831710817898,0.363231399546785,0.465660390496126,0.545544960079142,0.682538651253185,0.881852330741091,1.88899585188425,104.827471,181.9876775,3.06361338907956,3.06361338907956,0.688790400348908,0.147838557788681,0.363231399546785,1.88899585188425,1,12,3.06361338907956,0,0.650527080626705,-0.813539252,7.95439170340382,2.16005211038198,-5.430191136,0.45,2.6537361966054,2.44358601135693,-1.459554908,0.984031103223961,0.394027109,native,9
Speaker029,Tone3,i,Speaker029_Tone 3_i,2.43278279992547,2.05636135053396,1.74303386741631,1.54135946840072,1.35246584864825,1.12458576431743,0.894455632172263,0.755098834487257,0.69969058993157,0.682836107323113,0.706904790856863,0.813333445542809,1.00019180768916,1.21826888798303,1.45868689249416,1.73407187676586,2.08223122983834,2.51773293321142,2.99578466094387,3.21489553148235,104.827471,181.9876775,2.53205942415924,2.43278279992547,1.35246584864825,0.682836107323113,1.45868689249416,3.21489553148235,20,10,3.21489553148235,0.682836107323113,1.47508531561581,0.864912691887168,8.68147624359325,2.2186713854117,-3.779063573,0.5,5.50888895672813,1.8895317864769,-2.754444478,-0.864912692,0.402078458,native,10
Speaker029,Tone3,o,Speaker029_Tone 3_o,1.70897636425012,1.83362863270314,1.84322384823756,1.73288991340258,1.54517468992906,1.417682982,1.30257733843057,1.15949256372365,0.976456979523333,0.784659115712333,0.685527555951538,0.677653769321895,0.681989015095311,0.670437633107123,0.732305815058076,0.923983650285039,1.160844229,1.46909502525949,1.99078453825391,2.72378520891316,104.827471,181.9876775,2.05334757580604,1.70897636425012,1.54517468992906,0.784659115712333,0.732305815058076,2.72378520891316,20,14,2.72378520891316,0.670437633107123,1.25096063948019,-0.170072009,5.71114964666383,1.92283844498965,-2.072183035,0.72,7.23268553036281,1.49197178553551,-2.025151949,-0.533180163,0.475398206,native,14.4
Speaker029,Tone3,u,Speaker029_Tone 3_u,2.15734756207186,2.10221312153652,2.02446969699521,1.89944054479839,1.74718823698702,1.58282380988533,1.3740992091516,1.12458902566841,0.917027481345436,0.818065216980884,0.805952742821501,0.835343084242328,0.896338306494286,1.00531293909292,1.16452772752565,1.34232298409136,1.56487365831861,1.9016467380899,2.29033902250005,2.54204356267586,104.827471,181.9876775,1.73609081985436,2.15734756207186,1.74718823698702,0.818065216980884,1.16452772752565,2.54204356267586,20,11,2.54204356267586,0.805952742821501,1.45010460863125,-0.112606504,6.23507324229413,2.24922119599389,-2.76297726,0.6,4.61766157155483,1.65778635599422,-1.847064629,-0.189278273,0.385928897,native,12
Speaker029,Tone3,y,Speaker029_Tone 3_y,1.95683738388929,1.89967954672765,1.66889359263855,1.33296552481373,1.13264113629257,1.06514232152758,0.982378414920421,0.806608865180056,0.647432465628893,0.566986925825733,0.546396082954809,0.615176650129484,0.739170363237425,0.877907602161713,1.1396759195093,1.57512069066747,2.11575024186809,2.71866865617705,3.21290348312524,3.53815736606469,104.827471,181.9876775,2.99176128310988,1.95683738388929,1.13264113629257,0.566986925825733,1.1396759195093,3.53815736606469,20,11,3.53815736606469,0.546396082954809,1.37555970450322,1.18064206923489,9.27560511666917,1.85077737,-2.580506437,0.61,8.30926958471964,1.57410892660134,-3.240615138,-1.666506211,0.456591935,native,12.2
Speaker030,Tone2,a,Speaker030_Tone 2_a,3.57287982499336,3.52387100093079,3.43547424784325,3.36549096289415,3.33269092492677,3.32873376828075,3.33843123679633,3.36041943016046,3.40370454401781,3.4610464076058,3.51725408354461,3.57027600049166,3.62578234042262,3.681234181,3.7315062008769,3.78221031975829,3.83694188825645,3.89425758047291,3.97835997724475,4.08995420282763,68.54229699,357.4649334,0.761220434546877,3.57287982499336,3.33269092492677,3.4610464076058,3.7315062008769,4.08995420282763,20,6,4.08995420282763,3.32873376828075,3.57941760164685,0.620190860537074,1.38035241503597,3.55842419991135,-0.996383745,0.29,1.06668164358309,0.288951286051457,-0.757343967,-0.468392681,0.328854905,native,5.8
Speaker030,Tone2,e,Speaker030_Tone 2_e,3.49990982127129,3.47553791884765,3.41953025285296,3.39008064673897,3.38999202782321,3.40385654128208,3.42677298572062,3.45724185941895,3.49600692404701,3.54505183700189,3.60287919551064,3.66563126413813,3.72704958308461,3.78017264416279,3.82645846444346,3.87261207110712,3.92232171668653,4.00106073276439,4.129577573,4.24730986484809,68.54229699,357.4649334,0.857317837024879,3.49990982127129,3.38999202782321,3.54505183700189,3.82645846444346,4.24730986484809,20,5,4.24730986484809,3.38999202782321,3.65390938854679,0.778044863472426,1.14493707531845,3.46967312982996,-0.248250037,0.34,1.17487090215606,0.084405012537657,-0.775414795,-0.691009783,0.394082325,native,6.8
Speaker030,Tone2,i,Speaker030_Tone 2_i,2.86536960105472,3.41332642921626,3.4509364206201,3.42160083461044,3.40896411110809,3.41383824178842,3.44989856443705,3.50319163653893,3.55384195795957,3.61800334374019,3.6760408945109,3.72668576588108,3.79636609067428,3.87981221270532,3.96360813264568,4.03997729236045,4.10320978733135,4.14294371352473,4.17771321998136,4.20123463090561,68.54229699,357.4649334,1.33586502985089,2.86536960105472,3.40896411110809,3.61800334374019,3.96360813264568,4.20123463090561,20,1,4.20123463090561,2.86536960105472,3.68932451946048,1.06511353690994,0.114413206594291,2.98519312352844,3.32827818440073,0.1,0.974133822471473,-0.332827818,-0.87672044,-1.209548259,0.443002889,native,2
Speaker030,Tone2,o,Speaker030_Tone 2_o,3.91029003500021,3.63984964912947,3.59324756331969,3.58533160671902,3.55802989022075,3.49993192994881,3.41982517149029,3.38026903081365,3.38678261860049,3.41970657373121,3.45524480174651,3.47682128970755,3.50326582557654,3.54563516305657,3.64707536936969,3.7869917831472,3.87509524072583,3.9449299809279,4.04908888277351,4.1819376900785,68.54229699,357.4649334,0.801668659264851,3.91029003500021,3.55802989022075,3.41970657373121,3.64707536936969,4.1819376900785,20,8,4.1819376900785,3.38026903081365,3.62223768452805,0.382924512253451,2.36319951147798,3.77530265531303,-1.064208881,0.45,1.46977494246982,0.478893996520532,-0.808376218,-0.329482222,0.50279469,native,9
Speaker030,Tone2,u,Speaker030_Tone 2_u,3.56135800704681,3.53135531429266,3.49310251628344,3.4485202518857,3.4166136944418,3.41448670578083,3.4401387371868,3.47291831937433,3.50575584924138,3.5460951564365,3.56962423514949,3.60626418128993,3.70347727555237,3.80134030327134,3.86296781913266,3.91698406530491,3.99173209022671,4.07970792417958,4.14916291330209,4.20333718983687,68.54229699,357.4649334,0.788850484056036,3.56135800704681,3.4166136944418,3.5460951564365,3.86296781913266,4.20333718983687,20,6,4.20333718983687,3.41448670578083,3.67392679116506,0.74439760844354,1.34751833771596,3.54299467680095,-0.442987271,0.35,1.23373608171308,0.155045544933775,-0.801928453,-0.646882908,0.494641263,native,7
Speaker030,Tone2,y,Speaker030_Tone 2_y,3.15715002838213,3.49187559921466,3.49197306360578,3.45754956369665,3.45517125907082,3.45124220400347,3.43814079896339,3.41961275274682,3.41684528429663,3.47993630469729,3.54469387693306,3.57850430940529,3.63090846239099,3.7052803600294,3.78363293989018,3.86903037898486,3.97035502820794,4.08484629860823,4.20361614322184,4.25937988474483,68.54229699,357.4649334,1.1022298563627,3.15715002838213,3.45517125907082,3.47993630469729,3.78363293989018,4.25937988474483,20,1,4.25937988474483,3.15715002838213,3.63386063301965,0.851738330685377,1.21143171999757,3.35926253280336,0.30606419495826,0.59,1.7697351382405,-0.180577875,-0.725591407,-0.906169282,0.453874126,native,11.8
Speaker030,Tone3,a,Speaker030_Tone 3_a,3.61319470332084,3.42875009238581,3.0963725009313,2.44383572304868,1.82517392979498,1.26198948481001,0.658839879603961,0.50097868969705,0.817912295699871,1.08173442480085,1.1766973969618,1.34634190992294,1.78723217967955,2.45116928558629,3.038917845,3.2564171294421,3.17237502948874,2.98455813340379,2.91128270195363,3.46846925292483,68.54229699,357.4649334,3.11221601362379,3.61319470332084,1.82517392979498,1.08173442480085,3.038917845,3.46846925292483,1,8,3.61319470332084,0.50097868969705,2.12566212202828,0.694870311698687,10.3113008420462,3.86404839049108,-9.631176771,0.35,4.95038358356539,3.37091186981227,-3.217749329,0.153162540494767,0.47018098,native,7
Speaker030,Tone3,e,Speaker030_Tone 3_e,2.74554823734081,2.30966139589554,2.49747926620969,2.89700746617161,2.98263387476127,2.7773086514307,2.39546012199767,2.05163040040171,1.8560580109189,1.77699232082456,1.7634414794928,1.72347102893069,1.55601582454587,1.32059928639675,1.12661357306453,1.10918519240783,1.3518291040886,1.84746888421854,2.43187231186481,3.03188187372699,68.54229699,357.4649334,1.92269668131916,2.74554823734081,2.98263387476127,1.77699232082456,1.12661357306453,3.03188187372699,20,16,3.03188187372699,1.10918519240783,2.04403345453643,-0.974245021,3.8274885195797,2.94837836617936,-2.262898669,0.82,10.6352752566007,1.85557690856949,-1.914349546,-0.058772638,0.328854905,native,16.4
Speaker030,Tone3,i,Speaker030_Tone 3_i,5,4.71494798002701,3.81429236683299,4.09811649259441,4.29338788620612,4.17417112466908,3.91525778558371,3.40162561318825,2.83356619635459,2.48069433260368,2.44466967252003,2.602956585,2.90976519736372,3.21767258400637,3.36356394361441,3.38221775174022,3.33723748177481,3.27093549559345,3.24750925539042,3.40790443367412,68.54229699,357.4649334,2.55533032747997,5,4.29338788620612,2.48069433260368,3.36356394361441,3.40790443367412,1,11,5,2.44466967252003,3.45090355361704,-1.408952034,5.08680030597614,4.92207681388973,-4.425190103,0.51,1.78471180403692,2.25684695268159,-0.874508784,1.3823381687035,0.434849462,native,10.2
Speaker030,Tone3,o,Speaker030_Tone 3_o,3.87841905554656,3.5991138687255,3.48162774900253,3.41792657685586,3.40698978760806,3.35471342742226,3.28475245468488,3.25011192795266,3.00414664700969,2.22530783348973,1.410546996,0.723383153296957,0.259196615405245,0,0.380244631620549,1.99924817951512,3.1490644081247,3.30868308588179,2.89258043454901,2.93480627512279,68.54229699,357.4649334,3.87841905554656,3.87841905554656,3.40698978760806,2.22530783348973,0.380244631620549,2.93480627512279,1,14,3.87841905554656,0,2.42719736612934,-1.769848018,8.07641997593101,4.38447883789655,-5.380665164,0.69,9.63805764217726,3.7126589634423,-2.987797869,0.724861094367352,0.573457728,native,13.8
Speaker030,Tone3,u,Speaker030_Tone 3_u,3.7911803695812,3.47821886670933,3.35847302606019,3.28818570811612,3.22168673761119,3.19055374472893,3.22909044618242,3.39803333268293,3.46390620936464,2.99826986645275,2.42420282924353,2.40158360640626,2.85003671148921,3.28228948387338,3.45800008417178,3.48888091522623,3.49384758639794,3.42094026418763,2.82172088580048,2.21640060728613,68.54229699,357.4649334,1.57477976229507,3.7911803695812,3.22168673761119,2.99826986645275,3.45800008417178,2.21640060728613,1,20,3.7911803695812,2.21640060728613,3.15794479430034,-0.546473426,0.664650754722822,3.33457062167325,-0.215311452,0.9,-8.784288619,0.193780306500666,0.878428861922259,1.07220916842292,0.519101545,native,18
Speaker030,Tone3,y,Speaker030_Tone 3_y,3.39152422772258,3.26992023203462,3.2451803395896,3.20353126792021,3.17557946209708,3.05647313418017,2.34700958083608,1.22674977571676,0.50147572882401,0.514353533561634,1.33762439938735,2.2126457072353,2.71181252873824,2.95469839010383,3.21426483097951,3.31885162413246,3.30796148359457,3.38702259776796,3.42028640537313,3.47258617382485,68.54229699,357.4649334,2.97111044500084,3.39152422772258,3.17557946209708,0.514353533561634,3.21426483097951,3.47258617382485,20,9,3.47258617382485,0.50147572882401,2.5914387036938,0.403052341196632,8.21243089354046,3.91462202229736,-6.247297624,0.43,4.84815937254236,2.68633797849928,-2.763450842,-0.077112864,0.516383736,native,8.6
Speaker031,Tone2,a,Speaker031_Tone 2_a,0.990154066681398,0.782691291261158,0.655438120091131,0.554514480735754,0.464676447949102,0.412139296129513,0.383745165124944,0.375308479403414,0.415553181959999,0.52085185884215,0.667812550717309,0.820763553753165,0.994637020313684,1.19574658112765,1.38336999275502,1.51997965724792,1.66113559460564,1.86685708308746,2.08927581814934,2.0946254940079,80.43898756,136.077155,1.71931701460448,0.990154066681398,0.464676447949102,0.52085185884215,1.38336999275502,2.0946254940079,20,8,2.0946254940079,0.375308479403414,0.95841118856945,1.51781298567568,3.88199618656159,0.868232305544584,-1.559904805,0.39,3.14165342996516,0.608362874027607,-1.916408592,-1.308045718,0.356032997,native,7.8
Speaker031,Tone2,e,Speaker031_Tone 2_e,1.97470388394103,2.17494842359786,2.15942687444931,1.9659228342067,1.79600154888458,1.7012066554489,1.66085500617014,1.63468700612785,1.6074005403478,1.59706687959077,1.66142961782795,1.80299761673804,1.9860795102957,2.14055729289723,2.24716705878844,2.32718527504401,2.41048067489033,2.51536493898443,2.78343485976401,3.41351808187856,80.43898756,136.077155,1.81645120228779,1.97470388394103,1.79600154888458,1.59706687959077,2.24716705878844,3.41351808187856,20,10,3.41351808187856,1.59706687959077,2.04323241746257,0.933182274081401,3.96598151454663,2.12750343451756,-1.268213574,0.49,3.01227835326266,0.621424651487099,-1.53626196,-0.914837309,0.309830241,native,9.8
Speaker031,Tone2,i,Speaker031_Tone 2_i,3.12746550923191,2.51884282541989,2.15188178557436,2.04685878802153,1.946163651,1.87762993300158,1.8495641986904,1.85397396327797,1.88400649199651,1.92893440282762,1.98884264901051,2.06300719020241,2.17573287827697,2.31382466158003,2.42506381162432,2.50077248838753,2.57059756309635,2.67413044982642,2.75408183722254,2.6519440970115,80.43898756,136.077155,1.27790131054151,3.12746550923191,1.946163651,1.92893440282762,2.42506381162432,2.6519440970115,1,7,3.12746550923191,1.8495641986904,2.23441692317021,0.37270886695959,3.50539005558562,2.9282893868938,-5.437145007,0.23,1.38741286657875,1.25054335160219,-1.068307907,0.182235444336554,0.307112432,native,4.6
Speaker031,Tone2,o,Speaker031_Tone 2_o,2.60303754017569,1.85603022546496,1.51048907486263,1.36881458020512,1.17880009176122,1.01356560715453,0.927806580702254,0.907509784598514,0.916209346969319,0.941551031939544,0.993155239260086,1.08300688778953,1.22456280577429,1.398177823,1.57167417620664,1.70864558702546,1.80451698916628,1.85313747449857,1.85598936091314,1.85290078158378,80.43898756,136.077155,1.69552775557718,2.60303754017569,1.17880009176122,0.941551031939544,1.57167417620664,1.85290078158378,1,8,2.60303754017569,0.907509784598514,1.38696073304672,0.183310034290629,4.73308806930502,2.31290798080382,-5.513255166,0.29,1.7566762421513,1.59884399807192,-1.247240132,0.351603866144493,0.342443951,native,5.8
Speaker031,Tone2,u,Speaker031_Tone 2_u,1.90872193073542,2.13746303203672,2.19401454924501,2.12731900772917,2.05016935878277,1.99173696839546,1.96079515542253,1.94930273381283,1.95948957068947,2.00835085422983,2.09860524631478,2.21229502706536,2.33954444622813,2.48388730167021,2.64626075875133,2.8282387714232,3.10129144362891,3.52743330568221,3.92446827393682,3.87592381048747,80.43898756,136.077155,2.01574634320139,1.90872193073542,2.05016935878277,2.00835085422983,2.64626075875133,3.87592381048747,19,1,3.92446827393682,1.90872193073542,2.43093555408895,1.73328356914451,4.02762264758565,2.03797025497652,0.0449426791152756,0.6,4.74656199180138,-0.026965607,-1.898624797,-1.925590404,0.327825075,native,12
Speaker031,Tone2,y,Speaker031_Tone 2_y,2.66690791832196,2.648937092,2.62162757028333,2.55774445629712,2.46708797958248,2.37462410119296,2.3076242967783,2.27933188708555,2.31632583718739,2.44851820063417,2.62915817058792,2.80004949636453,2.96192475468595,3.15098589044422,3.36864557197287,3.58513091076369,3.75925897473692,3.89457873524152,4.03168967109848,4.13051779627066,80.43898756,136.077155,1.85118590918511,2.66690791832196,2.46708797958248,2.44851820063417,3.36864557197287,4.13051779627066,20,8,4.13051779627066,2.27933188708555,2.91764013508893,1.6888901381117,3.69283967328032,2.71135535883864,-1.205480707,0.4,3.31060707316056,0.482192282641124,-1.986364244,-1.504171961,0.350597378,native,8
Speaker031,Tone3,a,Speaker031_Tone 3_a,0.956473765270528,0.548320399977955,0.378897931985798,0.224388485852902,0.158953672975042,0.174634262345653,0.210804786137296,0.251754437001314,0.292683047,0.333436276991963,0.374015626161067,0.414578896784264,0.456715458640769,0.484004427515042,0.475918054014814,0.435237370694995,0.377923202342694,0.252158321667131,0.000315372680511991,0.094159819304974,80.43898756,136.077155,0.956158392590016,0.956473765270528,0.158953672975042,0.333436276991963,0.475918054014814,0.094159819304974,1,19,0.956473765270528,0.000315372680511991,0.342606425799608,-0.235872128,0.246497065711075,0.912490749130374,-5.320648054,0.12,0.0435501669998931,0.638477766482908,-0.038324147,0.600153619523002,0.451156317,native,2.4
Speaker031,Tone3,e,Speaker031_Tone 3_e,1.71506054353846,1.36939897214841,1.20788366539262,1.19283636573585,1.17776522137621,1.16267015662271,1.14755109542343,1.1324079603135,1.11724067660968,1.10225613147415,1.09014421696401,1.08328106020216,1.08013563557297,1.06752700391156,1.03833996433617,0.977374662856051,0.879484561244966,0.750586710545942,0.732158815745496,1.26408774746297,80.43898756,136.077155,0.982901727792967,1.71506054353846,1.17776522137621,1.10225613147415,1.03833996433617,1.26408774746297,1,19,1.71506054353846,0.732158815745496,1.10835460534995,-0.494191178,0.690264644726635,1.68382156426021,-4.720999081,0.1,-0.324272575,0.472099908129643,0.291845317297539,0.763945225427182,0.31526586,native,2
Speaker031,Tone3,i,Speaker031_Tone 3_i,1.79754461572151,1.54933645619151,1.42428147578069,1.33568175328496,1.12403644686719,0.560980842538434,0,0.159792351617922,0.838830301656727,1.43515096528137,1.72473451016369,1.69438059176124,1.56884622133575,1.54967330330855,1.57019741740679,1.54454291763291,1.50345758707113,1.51687435914608,1.58676355753566,1.54620082184017,80.43898756,136.077155,1.79754461572151,1.79754461572151,1.12403644686719,1.43515096528137,1.57019741740679,1.54620082184017,1,7,1.79754461572151,0,1.28201860149448,0.484120642399847,2.22832645764011,1.83175071501513,-4.02281552,0.29,1.72891655196843,1.16661650093181,-1.227530752,-0.060914251,0.391364516,native,5.8
Speaker031,Tone3,o,Speaker031_Tone 3_o,2.23329646557891,1.83972660615762,1.73541922527229,1.65412310084564,1.51679623628712,1.3179763200847,1.09988966626293,0.896581473971104,0.688800933328063,0.509565122420669,0.43149522564539,0.431075870624688,0.47333194870748,0.567460803166975,0.713038242029774,0.900734037607418,1.0606139023727,1.1359914843909,1.19412440155157,1.73691728999443,80.43898756,136.077155,1.80222059495422,2.23329646557891,1.51679623628712,0.509565122420669,0.713038242029774,1.73691728999443,1,12,2.23329646557891,0.431075870624688,1.05928866855251,-0.800415702,5.42175441592541,2.14829158614241,-3.354801362,0.56,2.80380375719952,1.87868876294956,-1.233673653,0.645015109781768,0.426696034,native,11.2
Speaker031,Tone3,u,Speaker031_Tone 3_u,2.77482424917872,2.35771835,2.17544106922083,2.00485809443448,1.78423777819212,1.57630271944513,1.36873884384556,1.18307811059249,1.0811551563797,1.05044233702914,1.05524373678164,1.08541092660405,1.16757288482448,1.30539196921817,1.42582574840119,1.51306189790623,1.61449880048106,1.71026746181413,1.76920905537593,1.97938733594958,80.43898756,136.077155,1.72438191214959,2.77482424917872,1.78423777819212,1.05044233702914,1.42582574840119,1.97938733594958,1,10,2.77482424917872,1.05044233702914,1.5542757044745,-0.600154961,5.11376888746071,2.64054710768548,-3.954180323,0.44,1.77691291328132,1.73983934190519,-0.995071231,0.744768110467648,0.391364516,native,8.8
Speaker031,Tone3,y,Speaker031_Tone 3_y,1.52039087032601,1.72165542727058,1.60849795532711,1.36965560018006,1.14568256699863,0.933048533732647,0.715154651706038,0.530666759664511,0.429729741416643,0.402497649644523,0.409004478866249,0.434513917925021,0.490166079809362,0.593297147293862,0.713828567456102,0.830113782310689,0.971225855956355,1.13956168098786,1.28233584636973,1.29051709300179,80.43898756,136.077155,1.31915777762606,1.52039087032601,1.14568256699863,0.402497649644523,0.713828567456102,1.29051709300179,2,10,1.72165542727058,0.402497649644523,0.885866021850156,-0.436122119,4.6410754846717,1.76957403172985,-3.101891131,0.49,2.08154861484218,1.51992665439551,-1.061589794,0.458336860826002,0.383211088,native,9.8
Speaker032,Tone2,a,Speaker032_Tone 2_a,1.06740664631294,0.907743856932199,0.758746614259505,0.632516141258432,0.538710678669829,0.491368484486698,0.492555326472204,0.532355551858903,0.60349130811894,0.703956897100036,0.837075543991084,1.00367558076433,1.20528492614686,1.4399440552602,1.70519461021873,1.99538049490114,2.29379126203911,2.64348657412052,3.06669733580008,3.52655479333289,117.8437662,234.2627808,3.03518630884619,1.06740664631294,0.538710678669829,0.703956897100036,1.70519461021873,3.52655479333289,20,6,3.52655479333289,0.491368484486698,1.26870474882933,2.45102203500161,6.10949772111109,0.869551314843036,-0.845339679,0.49,5.56425254241714,0.414216442578916,-2.837768797,-2.423552354,0.206553494,native,9.8
Speaker032,Tone2,e,Speaker032_Tone 2_e,2.40707777354819,1.90014792930603,1.47220882801845,1.18351942063545,1.06396836727188,1.01579564715558,1.01958884481676,1.06989285834071,1.16261368667168,1.29487995989544,1.46133204239962,1.65852164085848,1.8822474687654,2.12544532256431,2.38030551508032,2.62695903069819,2.84926068289869,2.93197207224208,2.86813437656541,2.65822438806553,117.8437662,234.2627808,1.9161764250865,2.40707777354819,1.06396836727188,1.29487995989544,2.38030551508032,2.65822438806553,18,6,2.93197207224208,1.01579564715558,1.80959710521781,1.53870101146355,4.78887638322001,2.28452351446871,-6.44311013,0.24,3.05224659466451,1.54634643123215,-2.319707412,-0.773360981,0.18752883,native,4.8
Speaker032,Tone2,i,Speaker032_Tone 2_i,0.867528892576789,0.785575946999716,0.726812049930574,0.705723794536117,0.727536087175804,0.778980071766182,0.865469418993168,0.980357228400944,1.12029805720901,1.28556180062408,1.48319560424488,1.73225193717209,2.03464146132784,2.37615339995429,2.74179745972798,3.08151699189346,3.37460309914603,3.59254126134848,3.57826916676423,3.35441009951272,117.8437662,234.2627808,2.88681746681236,0.867528892576789,0.727536087175804,1.28556180062408,2.74179745972798,3.35441009951272,18,4,3.59254126134848,0.705723794536117,1.78072284459748,3.34066782453428,3.29897154292251,0.775568138313153,0.0481213786137777,0.35,4.69757381060854,-0.016842483,-3.053422977,-3.070265459,0.211989113,native,7
Speaker032,Tone2,o,Speaker032_Tone 2_o,2.18295326765372,1.72263491098591,1.42076545584363,1.31091713607385,1.24051579750641,1.18408048866655,1.16401943158169,1.18988799859746,1.23971228328156,1.29913304879861,1.37240016782461,1.46817186025402,1.59998115964317,1.78144070070497,2.04600637947202,2.36589921379553,2.71519270520482,3.03964547044152,3.3582874855706,3.73643440705178,117.8437662,234.2627808,2.57241497547009,2.18295326765372,1.24051579750641,1.29913304879861,2.04600637947202,3.73643440705178,20,7,3.73643440705178,1.16401943158169,1.81557478341306,1.81612327385198,6.42152709393964,1.7522006588523,-1.512500775,0.5,5.14474732258147,0.75625038743876,-2.572373661,-1.816123274,0.262392751,native,10
Speaker032,Tone2,u,Speaker032_Tone 2_u,1.49789977318322,1.50635943558725,1.43963425491308,1.33420189297778,1.22433236293632,1.16749835120293,1.16743362774124,1.21174191384372,1.28768863066362,1.3971396216165,1.54377282348963,1.72640086200584,1.95639576983643,2.23543195065405,2.55101204579851,2.89617115446378,3.2243848507253,3.48862086333146,3.64326736390044,3.67186459147935,117.8437662,234.2627808,2.50443096373812,1.49789977318322,1.22433236293632,1.3971396216165,2.55101204579851,3.67186459147935,20,7,3.67186459147935,1.16743362774124,1.96496588315414,2.52062601857657,4.97002652042575,1.48004053289179,-0.790213276,0.44,4.86708702458141,0.347693841578556,-2.725568734,-2.377874892,0.202476781,native,8.8
Speaker032,Tone2,y,Speaker032_Tone 2_y,1.31385421157218,1.31996480118326,1.30603673685776,1.28408298003717,1.27760768013437,1.30699178930488,1.36386547333677,1.43632267038373,1.51134174449954,1.59411037376177,1.69103624160866,1.80826258431184,1.95526313039212,2.14696269040156,2.39976151254575,2.72148282966259,3.10067385060036,3.48914805559455,3.83274515175997,4.07044204697327,117.8437662,234.2627808,2.7928343668389,1.31385421157218,1.27760768013437,1.59411037376177,2.39976151254575,4.07044204697327,20,5,4.07044204697327,1.27760768013437,2.00666922175932,2.66052016130793,4.54046108249355,1.19233681858187,0.841045373624696,0.61,6.10903010807852,-0.513037678,-2.382521742,-2.89555942,0.224296639,native,12.2
Speaker032,Tone3,a,Speaker032_Tone 3_a,1.87903253757704,1.26313057332774,0.82581286867187,0.567987141831029,0.370705012149968,0.239784792716557,0.152163038701271,0.0795259477317628,0.0210912957410452,0,0.021549900414202,0.0793609166370905,0.179786346479426,0.339469507138291,0.544796046193396,0.762454143145354,0.957944894960854,1.10890701417356,1.2025939743702,1.61051441081144,117.8437662,234.2627808,1.87903253757704,1.87903253757704,0.370705012149968,0,0.544796046193396,1.61051441081144,1,10,1.87903253757704,0,0.552872100032635,0.174972059150417,6.55025966408054,1.5084527247583,-4.534290612,0.4,2.81357348071256,1.81371624479844,-1.688144088,0.1255721563709,0.341085047,native,8
Speaker032,Tone3,e,Speaker032_Tone 3_e,1.94191358905792,1.93932829493392,1.69656087241988,1.29597182517265,0.960044507153927,0.720585262490952,0.546064236103205,0.408597157387793,0.316788271881401,0.287709476033697,0.327608095155786,0.420813906279571,0.547713352782333,0.707321264923596,0.88816752748007,1.04057072486937,1.11176180697034,1.08286786877932,1.05429944402553,1.39613489144889,117.8437662,234.2627808,1.65420411302422,1.94191358905792,0.960044507153927,0.287709476033697,0.88816752748007,1.39613489144889,1,10,1.94191358905792,0.287709476033697,0.88576975327128,-0.463500379,5.55993566656988,2.06264091335546,-4.746282909,0.4,1.93614407944918,1.89851316365243,-1.161686448,0.736826715982925,0.316624764,native,8
Speaker032,Tone3,i,Speaker032_Tone 3_i,1.56949231517982,1.59142016932966,1.45843646654407,1.19201994190106,0.943743711612308,0.766184378840302,0.641125500623791,0.540645100874907,0.423398594789935,0.29252386919183,0.20633260372823,0.232315998640643,0.356447231715817,0.534611257166005,0.714835370421708,0.858391839575302,0.95550526969693,1.01851731473664,1.05539403433103,1.03094072477529,117.8437662,234.2627808,1.38508756560142,1.56949231517982,0.943743711612308,0.29252386919183,0.714835370421708,1.03094072477529,2,11,1.59142016932966,0.20633260372823,0.779902855101542,-0.467792033,4.47008017237316,1.65284202995773,-3.000415732,0.5,2.06483166668945,1.50020786620921,-1.032415833,0.467792032864485,0.303035719,native,10
Speaker032,Tone3,o,Speaker032_Tone 3_o,3.43173397545701,2.88155397117894,2.37521374685829,2.06839291775213,1.76468119187407,1.45245365824805,1.13877391343244,0.83640585045651,0.63162124902854,0.513627218818057,0.427463338797856,0.34084374944512,0.313361419085421,0.403391899144711,0.535779496727995,0.660577984839178,0.823680173255124,1.02440910316714,1.16860394205655,1.29078697389506,117.8437662,234.2627808,3.11837255637159,3.43173397545701,1.76468119187407,0.513627218818057,0.535779496727995,1.29078697389506,1,13,3.43173397545701,0.313361419085421,1.13677864259757,-1.933686775,7.68236265293069,3.14345776265946,-6.039572363,0.5,2.17219881347319,3.0197861813836,-1.086099407,1.93368677464701,0.448438507,native,10
Speaker032,Tone3,u,Speaker032_Tone 3_u,2.87800026550536,2.21156552159051,1.73400172736949,1.41881783463167,1.15437793383848,0.946677325183393,0.773760671686159,0.643659312959648,0.590653833994694,0.611862607827215,0.688209819488578,0.814201586590635,1.00374664575758,1.25339975028552,1.50169915290242,1.65648587424787,1.672007246,1.55943316909043,1.34520946879414,1.54084901571971,117.8437662,234.2627808,2.28734643151067,2.87800026550536,1.15437793383848,0.611862607827215,1.50169915290242,1.54084901571971,1,9,2.87800026550536,0.590653833994694,1.24935548030366,-0.329110117,5.76560219807665,2.60052534940922,-6.423961244,0.33,1.87786479477748,2.11990721064607,-1.258169413,0.861737798145165,0.331572715,native,6.6
Speaker032,Tone3,y,Speaker032_Tone 3_y,2.92403017371132,2.45766442246875,2.21778686816474,1.95999389215342,1.6740438127553,1.40586586024171,1.14577480134047,0.918653381635887,0.762951755557174,0.66880467535166,0.614384170819785,0.623465864396432,0.736520865612662,0.962133407004452,1.25322653953457,1.51255427067742,1.65880758103088,1.68481401140571,1.64192985210291,1.70128078651057,117.8437662,234.2627808,2.30964600289154,2.92403017371132,1.6740438127553,0.66880467535166,1.25322653953457,1.70128078651057,1,11,2.92403017371132,0.614384170819785,1.36717086039415,-0.783270147,6.73323777217966,2.77775040999521,-5.019075235,0.46,2.58632040552796,2.30877460828132,-1.396613019,0.912161589296226,0.398159038,native,9.2
Speaker033,Tone2,a,Speaker033_Tone 2_a,2.0168877601703,1.69284126571276,1.48285724058499,1.41485513874052,1.36673861573025,1.30327798718386,1.2375301977255,1.18444126219906,1.15430716280074,1.14063540746294,1.13944544396464,1.15406944155316,1.19303481202504,1.26480881481032,1.37371809120381,1.51012117878139,1.66089010673566,1.81482179758144,1.87837868262275,1.83479373859012,79.43940605,253.6847783,0.877442316205667,2.0168877601703,1.36673861573025,1.14063540746294,1.37371809120381,1.83479373859012,1,11,2.0168877601703,1.13944544396464,1.4128965702239,0.147363666965065,3.19497962769708,1.77670878683693,-1.599290854,0.49,1.79698182602201,0.783652518650783,-0.916460731,-0.132808213,0.259550772,native,9.8
Speaker033,Tone2,e,Speaker033_Tone 2_e,1.40836109147532,1.42419712517089,1.40713331494514,1.3677378082355,1.32792050254479,1.30766476243606,1.30950036744835,1.33240494930885,1.37649076543912,1.43940637124555,1.51682237381495,1.60791301457268,1.7159468820635,1.8512454469617,2.01700849202604,2.214287006,2.43956962306962,2.67354172535862,2.88604062124481,3.06478351565678,79.43940605,253.6847783,1.75711875322072,1.40836109147532,1.32792050254479,1.43940637124555,2.01700849202604,3.06478351565678,20,6,3.06478351565678,1.30766476243606,1.75579323140147,1.59812911872987,3.26103344388404,1.36322211218917,0.0789878698558892,0.55,3.6208545733398,-0.043443328,-1.629384558,-1.672827886,0.25003844,native,11
Speaker033,Tone2,i,Speaker033_Tone 2_i,1.46289943552016,1.61227302895657,1.66120974940891,1.61729978569477,1.57658491451312,1.54531666362321,1.52676512136497,1.52989845898544,1.56221671263468,1.63564626661012,1.73764290151575,1.86458332091884,2.00959712421477,2.17557213508994,2.3860319252176,2.67052137359298,3.00593953777702,3.32341362636023,3.5892052179159,3.55163034035034,79.43940605,253.6847783,2.12630578239574,1.46289943552016,1.57658491451312,1.63564626661012,2.3860319252176,3.55163034035034,19,1,3.5892052179159,1.46289943552016,2.06790002934965,2.05468695173755,3.91160820365168,1.54428596981287,0.167590658787393,0.55,4.56734185455164,-0.092174862,-2.055303835,-2.147478697,0.301676814,native,11
Speaker033,Tone2,o,Speaker033_Tone 2_o,1.19306881460617,1.37898082430232,1.4592521606255,1.45345696225304,1.43328119710002,1.3955520971996,1.3513790851719,1.31722049700541,1.30087537301869,1.29718933694843,1.31513213875457,1.37053257158829,1.46856302666378,1.60274987615295,1.76216928164991,1.94304947110877,2.13774656047261,2.34911721575505,2.52955342294452,2.50520933065833,79.43940605,253.6847783,1.33648460833836,1.19306881460617,1.43328119710002,1.29718933694843,1.76216928164991,2.50520933065833,19,1,2.52955342294452,1.19306881460617,1.60553160847489,1.11977675489327,2.58464832454742,1.3741507101281,-0.066806098,0.59,3.1159851131361,0.0394155976655759,-1.277553896,-1.238138299,0.31526586,native,11.8
Speaker033,Tone2,u,Speaker033_Tone 2_u,2.73380409305315,1.95817297716089,1.69112676694842,1.67129625966999,1.6421880137218,1.61929064534099,1.61897940690533,1.64517568701257,1.69681681460519,1.76964636229701,1.85720005530462,1.96993313519992,2.12343798855707,2.31586192446596,2.55462455073287,2.87086372317557,3.24877909705022,3.6296223552536,3.95981433509704,4.35540454860034,79.43940605,253.6847783,2.73642514169501,2.73380409305315,1.6421880137218,1.76964636229701,2.55462455073287,4.35540454860034,20,7,4.35540454860034,1.61897940690533,2.28960250778869,2.06475503126842,6.49793493095899,2.10479856778708,-1.273224698,0.5,5.40273476057056,0.636612349016862,-2.70136738,-2.064755031,0.37777547,native,10
Speaker033,Tone2,y,Speaker033_Tone 2_y,1.70338912674752,1.47984428443231,1.36690568156289,1.36397238144764,1.37424232484218,1.39605653036053,1.43856848423546,1.5127925825546,1.62540074184591,1.76552574537338,1.93306827821926,2.12787026541426,2.34261848651089,2.56608262916752,2.78578887318924,3.00039363935399,3.21289486308421,3.42352439057217,3.61732741918654,3.81812694482954,79.43940605,253.6847783,2.4541545633819,1.70338912674752,1.37424232484218,1.76552574537338,2.78578887318924,3.81812694482954,20,4,3.81812694482954,1.36397238144764,2.16191139811397,2.50734914162486,3.51214455070814,1.54809211502353,-0.644469095,0.35,3.80625899821739,0.225564183146962,-2.474068349,-2.248504166,0.31526586,native,7
Speaker033,Tone3,e,Speaker033_Tone 3_e,2.54821738882682,1.66319511970971,1.30763516181701,1.09148769247845,0.945062375872698,0.880131382686997,0.902227389284978,0.968403076288464,1.03749188680647,1.10548973175025,1.17243053098043,1.23834664621525,1.30244037222145,1.35369883192603,1.38514457797167,1.42227364939863,1.48716829715616,1.56044171742222,1.61782339738426,1.77152197994975,79.43940605,253.6847783,1.66808600613983,2.54821738882682,0.945062375872698,1.10548973175025,1.38514457797167,1.77152197994975,1,6,2.54821738882682,0.880131382686997,1.30693517578307,0.124312122409251,3.5449878357715,2.37240170691102,-9.245439238,0.17,1.05967563150064,1.57172467052398,-0.879530774,0.692193896378447,0.432131653,native,3.4
Speaker033,Tone3,i,Speaker033_Tone 3_i,1.79357241982852,1.70588963834624,1.54816743635323,1.31327639225974,1.04123352306357,0.793876909816305,0.678762433441824,0.64966347294402,0.612547520303956,0.568410745319793,0.582019098143555,0.701615917271148,0.919694483607349,1.15938687235333,1.39810096127266,1.63629160336287,1.85476138841605,2.05752029752659,2.25014414152043,2.61302049901635,79.43940605,253.6847783,2.04460975369656,1.79357241982852,1.04123352306357,0.568410745319793,1.39810096127266,2.61302049901635,20,10,2.61302049901635,0.568410745319793,1.23605165994086,0.80686332774264,6.59445856549738,1.75776370141021,-2.892740932,0.49,4.30093401756027,1.41744305671149,-2.193476349,-0.776033292,0.433262672,native,9.8
Speaker033,Tone3,o,Speaker033_Tone 3_o,1.15479218406608,1.34138274390782,1.36398744751964,1.33425365757962,1.23024323950178,1.09023584059351,0.960063501162624,0.832868308558497,0.762548487007457,0.771532212746788,0.805772658436455,0.840773799134094,0.875360354155713,0.906141761222667,0.929092981806994,0.971746085978526,1.04316995043124,1.1051404257877,1.18082624420679,1.28389408272173,79.43940605,253.6847783,0.601438960512185,1.15479218406608,1.23024323950178,0.771532212746788,0.929092981806994,1.28389408272173,3,9,1.36398744751964,0.762548487007457,1.02194125456527,-0.173330685,1.96650498875606,1.39456733703061,-1.307886958,0.5,0.961225588897073,0.653943479116064,-0.480612794,0.173330684667527,0.45523303,native,10
Speaker033,Tone3,u,Speaker033_Tone 3_u,1.3795031112945,1.63381900142741,1.58408237560403,1.45594152734278,1.32845134828292,1.1972971888798,1.06630802958204,0.968066444254801,0.890096874885298,0.812542171120495,0.771309330333595,0.767632395503136,0.784612244865306,0.886054016846856,1.10375195074459,1.38488926275969,1.62856445045528,1.81961040837031,1.98835970899183,2.07554531324096,79.43940605,253.6847783,1.30791291773783,1.3795031112945,1.32845134828292,0.812542171120495,1.10375195074459,2.07554531324096,20,12,2.07554531324096,0.767632395503136,1.23768262206523,0.317432098693357,4.40487286684191,1.61025125027322,-1.565276805,0.61,3.88579172863463,0.954818850838575,-1.515458774,-0.560639923,0.483770026,native,12.2
Speaker033,Tone3,y,Speaker033_Tone 3_y,2.55060693297344,1.71975715052257,1.51357003371883,1.3890582994942,1.26964713797818,1.11483739015729,0.972089476182072,0.853178175055459,0.733193028787776,0.664925163519412,0.653262013486907,0.687108969758931,0.838175608180957,1.08070711572925,1.29545693507987,1.46556585322652,1.6289791535768,1.80441218689912,1.95399600088002,2.33680652763062,79.43940605,253.6847783,1.89734491948653,2.55060693297344,1.26964713797818,0.664925163519412,1.29545693507987,2.33680652763062,1,11,2.55060693297344,0.653262013486907,1.27044223777618,0.167393332038784,6.36398386469327,2.0505378742415,-3.244026617,0.5,3.57881328087447,1.62201330839845,-1.78940664,-0.167393332,0.48784674,native,10
Speaker034,Tone2,a,Speaker034_Tone 2_a,2.36479625319424,2.27479548736925,2.22434043027275,2.21534018400497,2.21058589081815,2.20745846937184,2.21286636275085,2.23255489325377,2.27559823758638,2.34020147147526,2.42377688251138,2.52702543991472,2.64313510704181,2.77398618559889,2.91154328056827,3.05795157291955,3.20549393383861,3.33326611492449,3.37640380099004,3.22981493282285,58.12704433,218.9248281,1.16894533161819,2.36479625319424,2.21058589081815,2.34020147147526,2.91154328056827,3.22981493282285,19,6,3.37640380099004,2.20745846937184,2.58561650141327,1.24492804161273,1.87304794688743,2.29675853121927,-0.293146723,0.39,2.05643454711597,0.114327222036929,-1.254425074,-1.140097852,0.28265215,native,7.8
Speaker034,Tone2,e,Speaker034_Tone 2_e,2.15896829359165,2.17450721746671,2.1881663684906,2.20036920540876,2.2137640969815,2.23299249269623,2.26000959072992,2.29453890522629,2.33954568320407,2.39613432104505,2.46747704271876,2.55787640634184,2.66659967389444,2.7970259419639,2.93987534219293,3.08560708376079,3.22061143845383,3.36099879417402,3.55780485199035,3.80032003255333,58.12704433,218.9248281,1.64135173896168,2.15896829359165,2.2137640969815,2.39613432104505,2.93987534219293,3.80032003255333,20,1,3.80032003255333,2.15896829359165,2.6268923074638,1.54079071335885,2.13947581157089,2.1238131290366,0.541603331210367,0.55,2.87120139985351,-0.297881832,-1.29204063,-1.589922462,0.216311063,native,11
Speaker034,Tone2,i,Speaker034_Tone 2_i,1.86511343085547,1.97657069528944,2.04481895464155,2.06098363489791,2.07133104114261,2.08002536623245,2.09270170364535,2.12157451028004,2.17776157069899,2.25339555763148,2.33811497183923,2.42650461955534,2.53207025658561,2.66671654349679,2.84293486144108,3.04818404003155,3.26308693620614,3.47405137235938,3.5572400483555,3.36058253627691,58.12704433,218.9248281,1.69212661750002,1.86511343085547,2.07133104114261,2.25339555763148,2.84293486144108,3.36058253627691,19,1,3.5572400483555,1.86511343085547,2.49657546620939,1.66948886862608,1.83684396546694,1.92927715878854,0.6083031463949,0.5,2.73067459085726,-0.304151573,-1.365337295,-1.669488869,0.289446673,native,10
Speaker034,Tone2,o,Speaker034_Tone 2_o,1.82630160902248,1.99924684296858,2.06724242745886,2.03354951019781,2.00715509991339,2.00514556,2.02909520023147,2.07205795722143,2.13207479470907,2.21713677630852,2.33385183878943,2.47287943977251,2.63840248361721,2.82698025441057,3.03491687433697,3.2375186897713,3.41186343696656,3.56016348498826,3.65249855585851,3.62774772074275,58.12704433,218.9248281,1.82619694683604,1.82630160902248,2.00715509991339,2.21713677630852,3.03491687433697,3.62774772074275,19,1,3.65249855585851,1.82630160902248,2.54010187524103,1.92860914966382,2.18760900073216,1.92728703489677,0.443474679973333,0.45,3.04399978653426,-0.199563606,-1.674199883,-1.873763489,0.3091579,native,9
Speaker034,Tone2,u,Speaker034_Tone 2_u,2.84196373877901,2.35904901550446,2.08288322834489,2.08308628919475,2.08201399221946,2.08142864845157,2.08928110256263,2.11928267576015,2.17430131047082,2.25594708190267,2.35905659334325,2.48721995933454,2.64170877469753,2.83415696470671,3.05187287827488,3.29123674173125,3.5324704309028,3.78105148471127,3.99406278303623,3.97129551573185,58.12704433,218.9248281,1.91263413458466,2.84196373877901,2.08201399221946,2.25594708190267,3.05187287827488,3.97129551573185,19,6,3.99406278303623,2.08142864845157,2.66779982317063,1.77815186855158,4.3170246536144,2.48725071444787,-1.474058475,0.39,3.49405665495135,0.574882805094831,-2.13137456,-1.556491754,0.301039688,native,7.8
Speaker034,Tone2,y,Speaker034_Tone 2_y,2.76190132060316,2.13098315982134,1.80850268466817,1.77496502008239,1.76034590289395,1.77195136708182,1.8519388907861,1.98894082260174,2.11152032350303,2.18780757751304,2.26782541421662,2.39470696404765,2.5584080255821,2.74621655565526,2.95839352832561,3.1778066435174,3.38087463809946,3.55590876612528,3.71107527408543,3.94089741231488,58.12704433,218.9248281,2.18055150942092,2.76190132060316,1.76034590289395,2.18780757751304,2.95839352832561,3.94089741231488,20,5,3.94089741231488,1.76034590289395,2.50645936093379,1.89510447094951,4.05716351523771,2.60142054468091,-6.02553399,0.19,2.86459660769701,1.1448514580793,-2.320323252,-1.175471794,0.324330289,native,3.8
Speaker034,Tone3,a,Speaker034_Tone 3_a,2.00120283159285,1.80396147745171,1.44317588044296,0.858282079569905,0.271294748058728,0.00815703646701961,0,0.033691426444223,0.0715997592550513,0.145475417420059,0.300208352602897,0.556847773827143,0.917270192325066,1.35652365029399,1.74333369816146,1.95694173838324,2.05208680815032,2.1070326106482,2.07153217123568,1.97386946315211,58.12704433,218.9248281,2.1070326106482,2.00120283159285,0.271294748058728,0.145475417420059,1.74333369816146,1.97386946315211,18,7,2.1070326106482,0,1.01728867736953,1.1312774775394,7.56226733812442,2.13582565362427,-8.097335338,0.3,3.86334975727875,2.4292006015063,-2.70434483,-0.275144229,0.394082325,native,6
Speaker034,Tone3,e,Speaker034_Tone 3_e,2.12422451067737,2.13997897893465,2.02883158670087,1.76945302407938,1.44701636418668,1.20516771398963,1.0709612941334,0.958533457947273,0.832979133837933,0.701853538225633,0.593946127289681,0.599770308838492,0.811760079622296,1.19488822611874,1.59320417633638,1.87457948927398,2.03931019550922,2.12028725360196,2.14047545223359,2.1383333434676,58.12704433,218.9248281,1.5465293249439,2.12422451067737,1.44701636418668,0.701853538225633,1.59320417633638,2.1383333434676,19,11,2.14047545223359,0.593946127289681,1.41323313959984,0.181115662637424,6.38908133914563,2.2310957113993,-3.379406718,0.51,3.95108053620972,1.7234974261589,-1.936029463,-0.212532037,0.356032997,native,10.2
Speaker034,Tone3,i,Speaker034_Tone 3_i,2.59589262234545,2.1164375237595,1.93963385525237,1.84837238618625,1.67844646825994,1.46935218803964,1.30706031694221,1.24078273289219,1.24151533805041,1.30961886385639,1.45948019559381,1.64621600706588,1.80844078105349,1.91874539410421,2.00057312437159,2.08449114962737,2.16245616163638,2.20369088362222,2.20184928458355,2.13961988673488,58.12704433,218.9248281,1.35510988945326,2.59589262234545,1.67844646825994,1.30961886385639,2.00057312437159,2.13961988673488,1,8,2.59589262234545,1.24078273289219,1.78574007366002,0.265118450079443,3.74988003743127,2.42867075330549,-3.64836363,0.34,1.77830105559299,1.24044363423117,-1.173678697,0.0667649375397987,0.368263138,native,6.8
Speaker034,Tone3,o,Speaker034_Tone 3_o,2.07081536736696,2.23193815081913,2.26194216311511,2.23084937243384,2.1630955757787,2.06564670211058,1.92059301296087,1.67636107322219,1.28767452944788,0.911186179136259,0.785643617880405,0.824833803769446,0.932450874160798,1.18146891635657,1.52585152741749,1.80432071975376,1.97514839649513,2.07541783334568,2.09515363606538,2.07904065118077,58.12704433,218.9248281,1.4762985452347,2.07081536736696,2.1630955757787,0.911186179136259,1.52585152741749,2.07904065118077,3,11,2.26194216311511,0.785643617880405,1.66398034576352,-0.392902834,4.67300356901567,2.51157828147001,-2.776402953,0.58,3.39005977322953,1.61031371290234,-1.423825105,0.186488608145933,0.419319809,native,11.6
Speaker034,Tone3,u,Speaker034_Tone 3_u,2.20370654663783,2.20087608158095,2.19378667558541,2.17487450841743,2.1340312953345,2.06175762732174,1.96108048199511,1.84797833498869,1.7447945624652,1.65554439255237,1.59280763094556,1.57890799136105,1.62517158008708,1.73360208162568,1.88111177222043,2.03601704614428,2.18707485456146,2.31881176897608,2.40280151173227,2.42627279096458,58.12704433,218.9248281,0.847364799603529,2.20370654663783,2.1340312953345,1.65554439255237,1.88111177222043,2.42627279096458,20,12,2.42627279096458,1.57890799136105,1.97259262465211,0.0532103338070849,2.90219514199635,2.31827465397713,-1.292422389,0.59,2.31699097292514,0.762529209540794,-0.949966299,-0.187437089,0.341428631,native,11.8
Speaker034,Tone3,y,Speaker034_Tone 3_y,2.54354304433822,2.18612157616914,2.10191065874921,2.05996392581442,1.9814234232328,1.88392240703081,1.78889991251463,1.67042630863983,1.48934379525985,1.31588131278153,1.2559112684794,1.32519627281401,1.50057364619143,1.73423880102142,1.9780193827167,2.19240899626261,2.34803388452535,2.46300146348385,2.54575610391903,2.53326482577472,58.12704433,218.9248281,1.28984483543963,2.54354304433822,1.9814234232328,1.31588131278153,1.9780193827167,2.53326482577472,19,11,2.54575610391903,1.2559112684794,1.90446335502374,0.235188324763861,4.60887128269187,2.42073809163706,-2.190878534,0.53,3.11553178406606,1.16116562298366,-1.464299939,-0.303134316,0.406312466,native,10.6
Speaker041,Tone2,e,Speaker041_Tone 2_e,3.6155904756196,3.28889919382219,3.06484431985938,2.93291887166547,2.85223492939224,2.8218813390841,2.83097998311147,2.86100657966099,2.91997778749304,3.01361293094729,3.11817315547975,3.22059436221487,3.31851225786879,3.41461633114386,3.52954819873576,3.6675517262283,3.80312531018929,3.90899396364363,3.98671288168963,4.00106744299248,95.5818472230623,322.541225885386,1.17918610390838,3.6155904756196,2.85223492939224,3.01361293094729,3.52954819873576,4.00106744299248,20,6,4.00106744299248,2.8218813390841,3.28219255337708,0.941124324420426,3.00384854781263,3.53403063413359,-3.679924822,0.24,1.81738766879073,0.883181957240227,-1.381214628,-0.498032671,0.39,native,4.8
Speaker041,Tone2,i,Speaker041_Tone 2_i,2.52949211845467,2.52861022176591,2.52322709826329,2.55144951406204,2.61753524935767,2.69846509308254,2.78902721157199,2.88640831281335,2.97279257700914,3.0325029400123,3.06855767285529,3.08824692303082,3.10836817912741,3.15309759023801,3.22372027639932,3.2807051785383,3.29620426159968,3.31108930062025,3.3638922923142,3.34696959781999,95.5818472230623,322.541225885386,0.840665194050909,2.52949211845467,2.61753524935767,3.0325029400123,3.22372027639932,3.34696959781999,19,3,3.3638922923142,2.52322709826329,2.97193977325005,0.961349824065485,-0.39007298,2.43191651030403,1.189985853,0.53,0.689902114711066,-0.630692502,-0.324253994,-0.954946496,0.358,native,10.6
Speaker041,Tone2,o,Speaker041_Tone 2_o,2.98535740104326,3.14345765456515,3.17899536681447,3.18316406721367,3.18867113665689,3.19893393863542,3.22184249257084,3.24776702290717,3.26434772996075,3.28390050127294,3.32069969488827,3.38123448808082,3.47686007017874,3.60226766924282,3.73550556640574,3.86165545903688,3.96171457079727,4.01037910237536,4.00833853763411,3.93680810340499,95.5818472230623,322.541225885386,1.0250217013321,2.98535740104326,3.18867113665689,3.28390050127294,3.73550556640574,3.93680810340499,18,1,4.01037910237536,2.98535740104326,3.45183741463555,1.02571891534565,0.88436800155513,3.0804198663767,0.461274112692389,0.5,1.5901637179989,-0.230637056,-0.795081859,-1.025718915,0.383,native,10
Speaker041,Tone3,a,Speaker041_Tone 3_a,2.59703304915304,2.59042273875554,2.48073009014208,2.35550298359592,2.26178723017618,1.93475322210781,1.14684624162989,0.222166057483108,0,0.520182288440523,1.08681527377743,1.58493364467264,1.99971899590494,2.29581933402528,2.46580456947765,2.55628489655035,2.60242192760428,2.62644979029818,2.63972813438096,2.8866073311449,95.5818472230623,322.541225885386,2.8866073311449,2.59703304915304,2.26178723017618,0.520182288440523,2.46580456947765,2.8866073311449,20,9,2.8866073311449,0,1.8755074528374,0.600097022465768,7.65999483266461,3.0055886965073,-5.714049062,0.42,4.57839908515787,2.39990060594979,-2.655471469,-0.255570863,0.352,native,8.4
Speaker041,Tone3,i,Speaker041_Tone 3_i,3.10873633581237,2.79289412822047,2.62168868086918,2.52901697037981,2.51639736427869,2.53001336731878,2.4975223580323,2.462991296,2.44637081109565,2.43173786275445,2.42257736299359,2.47671279449363,2.58478285682115,2.63190065717766,2.62566236592534,2.64236323191575,2.69640261735177,2.76602038941656,2.81786357224147,2.91809991449117,95.5818472230623,322.541225885386,0.686158972818783,3.10873633581237,2.51639736427869,2.43173786275445,2.62566236592534,2.91809991449117,1,11,3.10873633581237,2.42257736299359,2.60903618562872,0.0717330637615461,1.9324779812371,3.05417161575357,-3.731142181,0.18,0.493851199398728,0.671605592593639,-0.404957984,0.266647609086682,0.44,native,3.6
Speaker041,Tone3,o,Speaker041_Tone 3_o,3.58310479714141,3.37546463324454,3.3459132979919,3.2854338678796,3.15693231478906,2.96492913043785,2.71947981889466,2.41966229875395,1.76321591511327,1.09877096307604,1.27865089521441,1.64379166782614,1.98027493413673,2.29128875972122,2.56890017090399,2.73407367704494,2.77463622976188,2.77697666409765,2.76439288972051,2.86645379136624,95.5818472230623,322.541225885386,2.48433383406537,3.58310479714141,3.15693231478906,1.09877096307604,2.56890017090399,2.86645379136624,1,10,3.58310479714141,1.09877096307604,2.51465034772074,-0.753819718,6.26623664739682,3.87242299087345,-4.663157524,0.5,3.15551808778146,2.33157876177065,-1.577759044,0.753819717879916,0.553,native,10
Speaker042,Tone2,a,Speaker042_Tone 2_a,1.45826383712221,1.10749896831653,1.04521885435976,1.07078510492723,1.09236548773508,1.12895663775047,1.17986057956526,1.2258951716205,1.27854477844098,1.36894870113953,1.5096958095692,1.69407620802181,1.92073348577906,2.19194371221978,2.4991320620456,2.80598456314681,3.06652185160174,3.26527688589734,3.42910844194611,3.5447068759714,95.2923144345037,254.705563908285,2.49948802161164,1.45826383712221,1.09236548773508,1.36894870113953,2.4991320620456,3.5447068759714,20,3,3.5447068759714,1.04521885435976,1.85869599506512,2.59261043592002,4.04470926048134,1.17621555304346,0.00783934961009791,0.45,4.53386863641439,-0.003527707,-2.49362775,-2.497155457,0.386,native,9
Speaker042,Tone2,e,Speaker042_Tone 2_e,2.19754966053622,2.04460321062068,1.81518459422802,1.68498363849757,1.6096289672159,1.57405739369178,1.59497223839492,1.67895754474608,1.80117136866969,1.92482832631266,2.05931413501121,2.22768759316704,2.43259455866046,2.71814377382602,3.07598530667067,3.38238847122908,3.58873877993093,3.7125510481964,3.75028613354408,3.61385857142939,95.2923144345037,254.705563908285,2.1762287398523,2.19754966053622,1.6096289672159,1.92482832631266,3.07598530667067,3.61385857142939,19,6,3.75028613354408,1.57405739369178,2.3885757275477,2.21682741007947,4.08103335266136,2.10768492441222,-2.030773801,0.33,3.75490424129676,0.670155354427191,-2.515785842,-1.845630487,0.422,native,6.6
Speaker042,Tone2,i,Speaker042_Tone 2_i,2.63346335162266,2.03632723312711,1.79102783751519,1.77248253661626,1.78714334629535,1.83093741665145,1.9010031842079,2.00397074810998,2.14173071396501,2.30836900229589,2.48849690494067,2.6660123874947,2.82580103620185,2.98395881867985,3.14810421580836,3.3167524599237,3.48039089604066,3.60328488524656,3.67814570373294,3.81045391484726,95.2923144345037,254.705563908285,2.037971378,2.63346335162266,1.78714334629535,2.30836900229589,3.14810421580836,3.81045391484726,20,4,3.81045391484726,1.77248253661626,2.58493307095729,2.02547734767679,2.90241249281181,2.56192241827948,-7.593493762,0.14,2.71249136366014,1.06308912670657,-2.332742573,-1.269653446,0.349,native,2.8
Speaker042,Tone2,o,Speaker042_Tone 2_o,2.44874485330546,1.83024677153677,1.61756846966132,1.59813347538389,1.59463551956883,1.61208498247781,1.65223359646405,1.73661808936937,1.87230429761915,2.03640662584568,2.2082092032377,2.39013195863568,2.59808862240968,2.82262772614855,3.03529903624802,3.22649518288622,3.40711306145265,3.57097046198752,3.68597993373405,3.63278817225754,95.2923144345037,254.705563908285,2.09134441416522,2.44874485330546,1.59463551956883,2.03640662584568,3.03529903624802,3.63278817225754,19,5,3.68597993373405,1.59463551956883,2.39851880746338,2.16924044621554,3.45593217848521,2.20986133843793,-3.751203222,0.23,3.20325920126169,0.862776741073233,-2.466509585,-1.603732844,0.367,native,4.6
Speaker042,Tone3,a,Speaker042_Tone 3_a,2.32616678850959,1.52701658507966,1.30452740512633,1.15439178696188,0.961098154087018,0.752772369276047,0.534897740492427,0.351050479875635,0.27057168373363,0.291843443793987,0.375674174332012,0.487903857031952,0.636324126667151,0.864837362852296,1.16272121758162,1.49044523889121,1.84298248527103,2.18049117765552,2.43124241058083,2.59506694495314,95.2923144345037,254.705563908285,2.32449526121951,2.32616678850959,0.961098154087018,0.291843443793987,1.16272121758162,2.59506694495314,20,9,2.59506694495314,0.27057168373363,1.10347865295523,0.807945829720142,8.39297852979602,1.92442015408492,-4.272525313,0.46,4.849469745,1.96536164376196,-2.618713663,-0.653352019,0.441,native,9.2
Speaker042,Tone3,e,Speaker042_Tone 3_e,1.89203068660854,1.52685760680482,1.08852524545521,0.696138030041379,0.416726845300955,0.243772637677821,0.108945242904734,0.00337233342298443,0,0.0670627092556198,0.139942296547012,0.238206905725068,0.454901701015426,0.791382109800745,1.1323389561217,1.43954085437403,1.72029869870379,1.93029077742883,2.03068203132525,1.96521042778113,95.2923144345037,254.705563908285,2.03068203132525,1.89203068660854,0.416726845300955,0.0670627092556198,1.1323389561217,1.96521042778113,19,9,2.03068203132525,0,0.825618414831295,0.899517973540598,7.83098945811416,1.71286815777766,-5.250902561,0.39,4.1445528634807,2.04785199864642,-2.528177247,-0.480325248,0.435,native,7.8
Speaker042,Tone3,i,Speaker042_Tone 3_i,1.99421532066527,1.06444896211662,0.674831441279263,0.494186522564434,0.320133645111931,0.180953648879144,0.108757757139756,0.0991511862228362,0.109416393209178,0.130379332466468,0.185517585158386,0.290292258642577,0.445810871190448,0.65557969123904,0.915570946657948,1.2155074733112,1.543779328,1.85270350298479,2.05893722717931,2.07775426,95.2923144345037,254.705563908285,1.97860307404016,1.99421532066527,0.320133645111931,0.130379332466468,0.915570946657948,2.07775426,20,8,2.07775426,0.0991511862228362,0.756331621639084,1.03465447658713,7.36038105417407,1.44047324854642,-4.478513632,0.39,3.94346742164189,1.74662031658349,-2.405515127,-0.658894811,0.379,native,7.8
Speaker042,Tone3,o,Speaker042_Tone 3_o,1.45210920089785,1.03314624636742,0.814046243854816,0.6061661834222,0.390855496603894,0.22166666060521,0.141261883748784,0.106921565326561,0.0786611743549768,0.0685006242198337,0.105471583423641,0.228134908674769,0.449482737779281,0.73437499902413,1.04181469050012,1.35592705826872,1.65256664455038,1.901311871,2.07587617994425,2.08852124765624,95.2923144345037,254.705563908285,2.0200206234364,1.45210920089785,0.390855496603894,0.0685006242198337,1.04181469050012,2.08852124765624,20,10,2.08852124765624,0.0685006242198337,0.766821201835801,1.20110767769915,6.89924103167099,1.2064656808303,-3.17732672,0.45,4.48947302874135,1.42979702417088,-2.469210166,-1.039413142,0.441,native,9
Speaker043,Tone2,a,Speaker043_Tone 2_a,1.04595197259872,0.723994032108898,0.560525287903365,0.497825679594961,0.479805670247725,0.509831073900909,0.542805743463011,0.537158269452758,0.520993879106465,0.526320873271968,0.59043158108343,0.722470323675531,0.928542603325938,1.20369776289462,1.52264602218692,1.85217381636723,2.16141589076232,2.44196277189065,2.69579527951672,2.65282675470218,87.0251996642764,221.295018887779,2.21598960926899,1.04595197259872,0.479805670247725,0.526320873271968,1.52264602218692,2.65282675470218,19,5,2.69579527951672,0.479805670247725,1.09038190456676,2.07660810085255,5.18436202129892,0.756053350580843,-0.674055457,0.51,4.98907539757035,0.343768283150947,-2.444646945,-2.100878662,0.332,native,10.2
Speaker043,Tone2,e,Speaker043_Tone 2_e,1.87152111257243,1.64533494587215,1.48157724067105,1.28765524824622,1.18563833520353,1.12595067495663,1.09828933948919,1.10285388855101,1.15058549465375,1.2638818244283,1.43971146230088,1.63659180013845,1.85038631753803,2.09644428428806,2.37813764195019,2.67206570913305,2.93967462411525,3.13914958762445,3.24988480950325,3.60338639621593,87.0251996642764,221.295018887779,2.50509705672674,1.87152111257243,1.18563833520353,1.2638818244283,2.37813764195019,3.60338639621593,20,7,3.60338639621593,1.09828933948919,1.86264387275905,2.09288006129392,5.50530670894387,1.72997546815392,-2.042404094,0.4,4.40988113201673,0.816961637696943,-2.645928679,-1.828967042,0.332,native,8
Speaker043,Tone2,i,Speaker043_Tone 2_i,1.80037113311014,1.10578987026253,0.821474801200493,0.796897770916738,0.798150417116938,0.816081364344947,0.849317887276858,0.904923738497714,0.984939332649459,1.0826235362717,1.20442142069639,1.37907729554233,1.62275303363035,1.93115259019015,2.2835397465193,2.63169613707305,2.93399048414153,3.20544257397033,3.44826228372142,3.21192083485453,87.0251996642764,221.295018887779,2.65136451280468,1.80037113311014,0.798150417116938,1.0826235362717,2.2835397465193,3.21192083485453,19,4,3.44826228372142,0.796897770916738,1.64310758170615,2.51465038219514,5.41884532182377,1.36445623884021,-2.303999725,0.35,4.50048574782655,0.806399903760952,-2.925315736,-2.118915832,0.355,native,7
Speaker043,Tone2,o,Speaker043_Tone 2_o,1.20767899967518,0.584711828631614,0.19710663191037,0.140743849932858,0.130070502636417,0.122492620385347,0.126064095657189,0.151095135791415,0.206787081083449,0.298675308259379,0.424367874637229,0.60690523265938,0.860194209882515,1.1684157338054,1.51097044175489,1.85111710684855,2.18018490375841,2.48133806917609,2.66744380607976,2.63200532566462,87.0251996642764,221.295018887779,2.54495118569441,1.20767899967518,0.130070502636417,0.298675308259379,1.51097044175489,2.63200532566462,19,6,2.66744380607976,0.122492620385347,0.923768310736808,2.3834380852342,6.11611449791541,0.753213924493798,-2.308312219,0.39,4.85886124515974,0.900241765583671,-2.96390536,-2.063663594,0.278,native,7.8
Speaker043,Tone3,a,Speaker043_Tone 3_a,1.92476998882509,0.673628853840044,0.476086770293525,0.464025273749235,0.450094118955872,0.454127096453088,0.494767683487544,0.549048431591714,0.60330831487579,0.657024152086113,0.710206744950391,0.762866576662523,0.814135495337199,0.841861691259773,0.819744174237528,0.813652405111555,0.918348271334417,1.11347675172299,1.33992002374772,1.70125999252558,87.0251996642764,221.295018887779,1.47467586986922,1.92476998882509,0.450094118955872,0.657024152086113,0.819744174237528,1.70125999252558,1,5,1.92476998882509,0.450094118955872,0.799984046063352,0.487485060684559,3.32122977174972,1.7792276776852,-15.16851384,0.1,1.116859645,1.51685138395581,-1.00517368,0.511677703479217,0.471,native,2
Speaker043,Tone3,e,Speaker043_Tone 3_e,2.29810032832727,1.44826572347886,1.1080189008972,1.05303456544158,1.0476999474526,1.04286032739204,1.03801633144677,1.03316795169648,1.02831518019931,1.0234580089918,1.01859643008883,1.01378383769998,1.01233008869938,1.03811202527477,1.13312078157609,1.29566190817002,1.5035367974368,1.82621076116898,2.20838092317382,2.58384810147594,87.0251996642764,221.295018887779,1.57151801277656,2.29810032832727,1.0476999474526,1.0234580089918,1.13312078157609,2.58384810147594,20,13,2.58384810147594,1.01233008869938,1.29325645545576,0.548121765651588,5.06952192254849,1.50574802969686,-1.068794284,0.67,5.01344783369128,0.716092169947546,-1.654437785,-0.938345615,0.396,native,13.4
Speaker043,Tone3,i,Speaker043_Tone 3_i,1.46461212641353,1.06588391394796,0.826980854642312,0.700627634410518,0.779667814049036,0.879552344547445,0.968275803561879,1.05730150564935,1.14487197084622,1.23103401033901,1.31583221232969,1.39930908059953,1.48150516244215,1.56245916692972,1.64220807437577,1.72078723776954,1.7982304768782,1.87408327018633,1.94806758617332,2.39279988855544,87.0251996642764,221.295018887779,1.69217225414492,1.46461212641353,0.779667814049036,1.23103401033901,1.64220807437577,2.39279988855544,20,4,2.39279988855544,0.700627634410518,1.34518337969997,1.24218128117054,1.99740848169063,1.44146552370113,-6.178868212,0.13,1.71062750423414,0.803252867500042,-1.488245929,-0.684993061,0.528,native,2.6
Speaker043,Tone3,o,Speaker043_Tone 3_o,1.15693646079145,0.375463197005799,0.0636669301551497,0,0.0226008707076591,0.0706584437726369,0.119944729551282,0.168781723161936,0.217177542126656,0.265140085942275,0.312677043819125,0.356943667341091,0.391119471052043,0.434016055045901,0.541489806911869,0.74150774,1.00665340399488,1.28896544452966,1.56828520256406,2.02951866698952,87.0251996642764,221.295018887779,2.02951866698952,1.15693646079145,0.0226008707076591,0.265140085942275,0.541489806911869,2.02951866698952,20,4,2.02951866698952,0,0.51622052946167,1.2035069880797,4.60067461051518,0.959317928497994,-7.02828364,0.18,2.11723354732856,1.2650910551306,-1.736131509,-0.471040454,0.389,native,3.6
Speaker044,Tone2,a,Speaker044_Tone 2_a,2.40942870441964,2.91151144500967,3.15793024378515,3.18483278154676,3.18615551504526,3.18421611255759,3.18330023606731,3.1876088101911,3.19959411448506,3.2175609060842,3.23540728493165,3.25050038638815,3.26186611486348,3.27452448346754,3.29586336588836,3.33617644328002,3.40706974045427,3.50256705618783,3.61982748771172,3.74227407553361,88.2560059303095,254.818672990869,1.33284537111396,2.40942870441964,3.18615551504526,3.2175609060842,3.29586336588836,3.74227407553361,20,1,3.74227407553361,2.40942870441964,3.23895679959066,0.703707776703107,-0.176247898,2.4657797220642,6.20860080599917,0.1,0.482409871411524,-0.620860081,-0.434168884,-1.055028965,0.282,native,2
Speaker044,Tone2,e,Speaker044_Tone 2_e,3.81506491499069,3.59047710366592,3.32142747508104,3.20385798752337,3.17354610864365,3.17737662225375,3.19774078410173,3.21553601990301,3.22749970567021,3.24244760532138,3.2620599098522,3.28434087881531,3.30268101380938,3.32454307482989,3.36457115062529,3.42179007329256,3.49746521675864,3.61994361277152,3.81450466293757,3.67305389128861,88.2560059303095,254.818672990869,0.64151880634704,3.81506491499069,3.17354610864365,3.24244760532138,3.36457115062529,3.67305389128861,1,5,3.81506491499069,3.17354610864365,3.36822915610935,0.219054375682447,2.08246473270777,3.8020960137545,-4.08433971,0.18,0.696729968810941,0.735181147719399,-0.571318574,0.163862573294427,0.438,native,3.6
Speaker044,Tone2,i,Speaker044_Tone 2_i,3.78560194976299,3.53602664053698,3.43030363606838,3.39600891418934,3.37530458279477,3.36207474372316,3.35609277589175,3.36053595374126,3.37900144896499,3.41021622401415,3.44466913088748,3.47597489200582,3.51325674351047,3.5678898969696,3.63793619170486,3.72396428185407,3.8445060239585,4.00790884664369,4.18581888195765,4.30474523390004,88.2560059303095,254.818672990869,0.948652458008291,3.78560194976299,3.37530458279477,3.41021622401415,3.63793619170486,4.30474523390004,20,7,4.30474523390004,3.35609277589175,3.58387168093114,0.632775683460835,2.39629923440626,3.57566120404042,-0.579665811,0.5,1.84521717817637,0.289832905627348,-0.922608589,-0.632775683,0.378,native,10
Speaker044,Tone2,o,Speaker044_Tone 2_o,3.67051358888486,3.20267395653112,3.05217842652655,3.04693036991047,3.03093163731666,3.01131652192566,2.99474124535452,2.97913631992244,2.96499075288199,2.96493990430252,2.98444357762446,3.01298839207978,3.0434379906184,3.07782703834983,3.12456141465221,3.21442804037748,3.37938155740413,3.57129099236789,3.76451608851709,4.09352988716129,88.2560059303095,254.818672990869,1.12858998285877,3.67051358888486,3.03093163731666,2.96493990430252,3.12456141465221,4.09352988716129,20,10,4.09352988716129,2.96493990430252,3.18143042609443,0.482877854280306,3.17005033067844,3.25123145936152,-0.561367898,0.66,3.18356779428018,0.370502812890716,-1.08241305,-0.711910237,0.36,native,13.2
Speaker044,Tone3,a,Speaker044_Tone 3_a,3.5098894721617,3.32451092865972,3.16353271882586,2.99832936087731,2.78654611476863,2.5561585198181,2.31393422446097,2.05859076577345,1.78862525770402,1.50226079114987,1.19737548119949,0.871406950431528,0.521962607113179,0.190388309560703,0.0210656013985939,0,0.0274138790392144,0.106776794204941,0.25725016401921,0.627567831468918,88.2560059303095,254.818672990869,3.5098894721617,3.5098894721617,2.78654611476863,1.50226079114987,0.0210656013985939,0.627567831468918,1,16,3.5098894721617,0,1.46551292946183,-3.863616147,2.92596494537287,3.71584356035465,-4.85579275,0.8,3.53857673061035,3.88463419989518,-0.707715346,3.17691885377311,0.492,native,16
Speaker044,Tone3,e,Speaker044_Tone 3_e,4.58906760265597,4.34496532200164,3.95935308256863,3.62395582888675,3.36562935414131,3.1664513249051,3.07696290572684,2.92658199466594,2.17443248844249,0.958955454252638,0.716368500541236,1.92666158538832,2.99255641043448,3.31284366005404,3.43797150806122,3.51580620786531,3.58077452898179,3.75767809058627,3.99530426992897,4.14931066495638,88.2560059303095,254.818672990869,3.87269910211473,4.58906760265597,3.36562935414131,0.958955454252638,3.43797150806122,4.14931066495638,1,11,4.58906760265597,0.716368500541236,3.09150212359355,-0.182790525,9.92705338509385,4.72631915536353,-6.395064737,0.49,5.68435734198817,3.13358172110079,-2.899022244,0.234559476686822,0.504,native,9.8
Speaker044,Tone3,i,Speaker044_Tone 3_i,2.30062244131219,2.58707510868771,1.76272165682596,0.73564886492108,0.437159919829825,0.739271292117176,1.14667637991201,1.5260721973978,1.87720347617272,2.20399114598532,2.50959290763877,2.79374604208317,3.03290071269212,3.18856223967748,3.25460977059236,3.27065825464627,3.30285770065374,3.39151446754293,3.51482284688078,3.74013847899558,88.2560059303095,254.818672990869,3.30297855916576,2.30062244131219,0.437159919829825,2.20399114598532,3.25460977059236,3.74013847899558,20,5,3.74013847899558,0.437159919829825,2.33699224365585,2.56596034762883,3.2832058792536,2.67373753394779,-10.47161242,0.18,4.01312743975309,1.88489023554755,-3.290764501,-1.405874265,0.42,native,3.6
Speaker044,Tone3,o,Speaker044_Tone 3_o,3.82168401110833,3.29989726785434,3.08839264307961,2.94783981379214,2.70928274653942,2.060451069,1.51745160460265,1.29324985114127,1.08344503335856,0.863869239869868,0.63356772280545,0.3914385776192,0.148132578763296,0.170582536,1.11229165422134,2.3989941913872,2.98428059493379,3.13142149049775,3.35009818044551,3.54959192228506,88.2560059303095,254.818672990869,3.67355143234504,3.82168401110833,2.70928274653942,0.863869239869868,1.11229165422134,3.54959192228506,1,13,3.82168401110833,0.148132578763296,1.91057518931148,-0.465768155,13.363415974218,3.74857510745014,-6.151945189,0.61,10.3114287553272,3.75268656547136,-4.021457215,-0.268770649,0.522,native,12.2
Speaker045,Tone2,a,Speaker045_Tone 2_a,3.37827947973071,3.37772893792443,3.35599898346529,3.32942658365135,3.30613973840865,3.28634349987776,3.27505697421546,3.27985314867879,3.30586268783731,3.34229023373204,3.36948064405411,3.38771585408845,3.40694760479382,3.44086696674727,3.49808680335787,3.57754609101187,3.67959789485316,3.79820030510297,3.94599181862324,4.25914990374378,96.2045826946165,321.530396921862,0.984092929528315,3.37827947973071,3.30613973840865,3.34229023373204,3.49808680335787,4.25914990374378,20,7,4.25914990374378,3.27505697421546,3.46394409153221,0.636318652080662,1.83358924254907,3.31642245364242,0.0886123805471316,0.72,2.76791700442382,-0.063800914,-0.775016761,-0.838817675,0.347,native,14.4
Speaker045,Tone2,e,Speaker045_Tone 2_e,4.02886482173477,3.94801737500497,3.88019528022925,3.77521073296911,3.67693182229692,3.59015085689698,3.50252223931915,3.17844654958959,2.42640190239607,1.41702382209431,0.788615812005949,0.82257619653935,1.34973313987587,2.25445696087802,3.08668176367199,3.57005814946609,3.77399948664218,3.89031953301108,4.02527265082003,4.21524193705441,96.2045826946165,321.530396921862,3.42662612504846,4.02886482173477,3.67693182229692,1.41702382209431,3.08668176367199,4.21524193705441,20,11,4.21524193705441,0.788615812005949,2.96942719680076,-0.343373127,10.3294094499408,4.58004849270691,-5.610450385,0.58,8.01624731365334,3.25406122322827,-3.366823872,-0.112762649,0.336,native,11.6
Speaker045,Tone2,i,Speaker045_Tone 2_i,2.50908721227692,3.03367044166086,3.24169043106268,3.24393676649624,3.25104040153642,3.26493925731698,3.29122418469335,3.32389542270886,3.35380450910877,3.37676787118869,3.39739953307971,3.42428810011297,3.4604865723411,3.51292262468566,3.60439487722545,3.74427524160355,3.9356639365217,4.14836336253582,4.38416490050846,4.45216146459939,96.2045826946165,321.530396921862,1.94307425232247,2.50908721227692,3.25104040153642,3.37676787118869,3.60439487722545,4.45216146459939,20,1,4.45216146459939,2.50908721227692,3.48857225496109,1.33452821228414,1.0415724686379,2.95931018384779,0.885977373222046,0.75,3.52276241610639,-0.66448303,-0.880690604,-1.545173634,0.321,native,15
Speaker045,Tone2,o,Speaker045_Tone 2_o,2.79956232881537,3.46765174901973,3.59866657051975,3.55193988462438,3.51819591448948,3.50256526069007,3.50327989920478,3.50838721499898,3.51564927247593,3.52723186573916,3.5471089798342,3.58271555831001,3.63854967298264,3.71420882,3.80102170844654,3.90204847189473,4.02661268923246,4.17676500109368,4.34331169058443,4.48688973579073,96.2045826946165,321.530396921862,1.68732740697536,2.79956232881537,3.51819591448948,3.52723186573916,3.80102170844654,4.48688973579073,20,1,4.48688973579073,2.79956232881537,3.67628320091598,1.01492199325578,1.06418014299285,3.30377596707656,0.566921379092572,0.71,2.63696312741481,-0.402514179,-0.764719307,-1.167233486,0.367,native,14.2
Speaker045,Tone3,a,Speaker045_Tone 3_a,3.9770400364187,3.51203156710135,3.24129921632594,3.11496065632992,2.95462108620728,2.75712652876663,2.52828985934295,2.2777965960871,2.00925050397556,1.7220874559863,1.41353265613827,1.08455393193543,0.78032999921189,0.578831317153049,0.501019504988935,0.499974354260831,0.526660693608018,0.561411696649369,0.668416762805135,1.6273860912562,96.2045826946165,321.530396921862,3.47706568215787,3.9770400364187,2.95462108620728,1.7220874559863,0.501019504988935,1.6273860912562,1,16,3.9770400364187,0.499974354260831,1.78025009705886,-3.405047907,4.17022586821857,3.87173160952801,-4.594175558,0.81,6.30998726576188,3.72128220223326,-1.19889758,2.5223846217385,0.347,native,16.2
Speaker045,Tone3,e,Speaker045_Tone 3_e,3.34169296521733,4.02425119461013,3.80790689630257,3.24898776433611,2.24305529865471,1.18698381786444,0.702789567038879,0.526471865160871,0.378691121076039,0.352015717071777,0.769661724239712,1.67180738135028,2.46052781087991,2.83806515223279,2.92335113270922,2.56849439354023,1.75222146851301,1.19840392283411,1.88029402742178,2.24757505958767,96.2045826946165,321.530396921862,3.67223547753836,3.34169296521733,2.24305529865471,0.352015717071777,2.92335113270922,2.24757505958767,2,10,4.02425119461013,0.352015717071777,1.93661609006408,-0.967352557,7.92828093235158,4.25789686609567,-10.1170536,0.35,2.80337150882139,3.54096876168524,-1.822191481,1.71877728095134,0.428,native,7
Speaker045,Tone3,i,Speaker045_Tone 3_i,4.11778879032861,3.81415929005236,3.62867845206084,3.4397768043553,3.21745325604246,3.00765470058988,2.78397173841206,2.53749863779299,2.29026087508911,1.95206442880133,1.44178347799371,1.02743738112419,1.09441954492991,1.61616726340942,2.23371543230099,2.7177242497434,3.04769568694459,3.22533996679789,3.28917248497851,3.33390972057016,96.2045826946165,321.530396921862,3.09035140920442,4.11778879032861,3.21745325604246,1.95206442880133,2.23371543230099,3.33390972057016,1,12,4.11778879032861,1.02743738112419,2.61389408001788,-0.958812293,8.7711063171723,4.21351392655225,-4.977100551,0.6,6.21285628123352,2.98626033072625,-2.485142512,0.501117818232845,0.377,native,12
Speaker045,Tone3,o,Speaker045_Tone 3_o,4.14435813197292,3.80887563503225,3.58523680279254,3.4414342004874,3.2092165362768,2.57994031794094,1.48899369690439,0.423452444543184,0.00221853345317196,0,0.0251455384344151,0.0504188811610873,0.075539014732451,0.10050778549529,0.12706889275274,0.190918038275869,0.328977510178462,0.495913336641076,0.675356247609279,1.40450466225234,96.2045826946165,321.530396921862,4.14435813197292,4.14435813197292,3.2092165362768,0,0.12706889275274,1.40450466225234,1,10,4.14435813197292,0,1.21333941736668,-3.695645468,10.7803407997368,4.6253663963837,-9.964642405,0.49,2.22507386239143,4.88267477852673,-1.13478767,3.74788710870711,0.347,native,9.8
Speaker046,Tone2,a,Speaker046_Tone 2_a,3.52033255902195,3.34005482649923,3.21252877308305,3.14871014605194,3.15519320713004,3.19364904634305,3.23357032381815,3.27369073426584,3.31420326820832,3.35394878348684,3.39837243990141,3.44901942777076,3.50265078355899,3.55834223873177,3.61711552866937,3.68689881705279,3.76415353024022,3.82097202837925,3.85539344317603,3.84800404330529,85.3271568419599,301.246027700141,0.706683297124091,3.52033255902195,3.15519320713004,3.35394878348684,3.61711552866937,3.84800404330529,19,4,3.85539344317603,3.14871014605194,3.45197586552985,0.652013762068999,1.18153383715432,3.49331250119714,-2.398352183,0.17,0.95652568397887,0.407719871164132,-0.793916318,-0.386196447,0.178,native,3.4
Speaker046,Tone2,e,Speaker046_Tone 2_e,2.89510946082672,3.41825160905656,3.70979485598166,3.81015047579381,3.78484557465013,3.75159929612357,3.71799783161866,3.68861232637928,3.66600524764309,3.65500700461517,3.66057544446624,3.68849854130397,3.73960971776384,3.81603158227366,3.91691646603471,4.0495569565123,4.22293415466765,4.40892349643836,4.5665932290018,4.66294018032492,85.3271568419599,301.246027700141,1.7678307194982,2.89510946082672,3.78484557465013,3.65500700461517,3.91691646603471,4.66294018032492,20,1,4.66294018032492,2.89510946082672,3.83250205598875,1.0625379986253,1.02550029069617,3.450974179,0.563764691426628,0.72,3.00369590583827,-0.405910578,-0.841034854,-1.246945431,0.217,native,14.4
Speaker046,Tone2,i,Speaker046_Tone 2_i,3.42207804655155,3.30222254928037,3.22856574432574,3.20933858871563,3.21868338136087,3.24008133818411,3.27532847041733,3.31849224001502,3.36791638700605,3.41836994779874,3.47333381346398,3.53507904618208,3.60494760477526,3.68311230529577,3.76529912264831,3.85461990483063,3.96300751858832,4.11166473549005,4.23887550246648,4.27959340817169,85.3271568419599,301.246027700141,1.07025481945605,3.42207804655155,3.21868338136087,3.41836994779874,3.76529912264831,4.27959340817169,20,4,4.27959340817169,3.20933858871563,3.56115359922147,1.02607929086064,1.63896472549044,3.33379353321306,-0.403685916,0.34,1.57891070728091,0.137253211558263,-1.042081067,-0.904827855,0.244,native,6.8
Speaker046,Tone2,o,Speaker046_Tone 2_o,4.15350968486376,3.80158530625864,3.60283650208224,3.60109435778712,3.66103945462938,3.72606127672721,3.79417372748229,3.8619865231432,3.92922968829077,3.99730818305622,4.06931244812573,4.14992041444409,4.23964919217442,4.34195521563399,4.45952002742056,4.60552891649878,4.76027112633231,4.89942274321639,4.94846051457871,4.88853327747107,85.3271568419599,301.246027700141,1.3473661567916,4.15350968486376,3.66103945462938,3.99730818305622,4.45952002742056,4.88853327747107,19,4,4.94846051457871,3.60109435778712,4.15833882878275,1.30611130645187,1.85034542600321,4.12356501866554,-5.07788209,0.13,1.70909441515914,0.660124671647729,-1.486912141,-0.82678747,0.257,native,2.6
Speaker046,Tone3,a,Speaker046_Tone 3_a,3.42011157373939,3.14807208456037,2.93731542291744,2.87196266537269,2.82732598892023,2.78031112105791,2.70607995725836,2.57994560744849,2.40509225210938,2.19208229711625,1.9600881022296,1.71366671189488,1.45090404729996,1.16947787891491,0.866532843143038,0.55732392526331,0.282402940975866,0.0971129548530642,0.278801686000204,1.19011602228604,85.3271568419599,301.246027700141,3.32299861888633,3.42011157373939,2.82732598892023,2.19208229711625,0.866532843143038,1.19011602228604,1,18,3.42011157373939,0.0971129548530642,1.87496024616056,-3.261664944,-0.367529387,3.62854379421746,-3.66890494,0.9,6.86862803018263,3.30201444568884,-0.686862803,2.61515164267058,0.297,native,18
Speaker046,Tone3,e,Speaker046_Tone 3_e,4.06074668106546,3.77641489192939,3.51140484769189,3.34508936467117,3.14753965789803,2.90576224047198,2.64521976520557,2.41043412122206,2.19886828370876,1.98530126035623,1.75942693893625,1.51989917871563,1.26496055930704,0.99249086491168,0.69989979754234,0.402267683029667,0.146184728823673,0,0.302818624800876,1.43172480406284,85.3271568419599,301.246027700141,4.06074668106546,4.06074668106546,3.14753965789803,1.98530126035623,0.69989979754234,1.43172480406284,1,18,4.06074668106546,0,1.90506002891168,-3.898134152,2.30994618186696,4.08954730210474,-4.593674786,0.9,13.4037774219737,4.13430730763783,-1.340377742,2.79392956544046,0.297,native,18
Speaker046,Tone3,i,Speaker046_Tone 3_i,3.73803227174785,3.55431491503529,3.39173545570222,3.3118965092991,3.23211063448291,3.1147768396118,2.89567166501932,2.55424844653156,2.13007263024249,1.7264714283182,1.40417720820444,1.11324700978825,0.84135453616966,0.678092843712671,0.622535342846548,0.618577803113826,0.611393870334348,0.602530050151864,0.746180239522783,1.47607282343461,85.3271568419599,301.246027700141,3.13550222159599,3.73803227174785,3.23211063448291,1.7264714283182,0.622535342846548,1.47607282343461,1,18,3.73803227174785,0.602530050151864,1.88906581506009,-3.518563734,3.31840446578775,4.03024894827254,-4.733976765,0.77,3.44048255884949,3.6451621092188,-0.791310989,2.85385112068342,0.316,native,15.4
Speaker046,Tone3,o,Speaker046_Tone 3_o,2.72380319752844,3.51384428907079,3.64437627585558,3.50772088932229,3.28299510525272,3.03339585395977,2.79837826870337,2.42406982830981,1.98232780446744,2.1055250742335,2.88962434047416,3.36281887434631,2.88679245533467,1.75245096689178,1.0691182214771,1.05192727713683,1.48701418125002,2.44155575237885,3.4181152926591,3.8028192022435,85.3271568419599,301.246027700141,2.75089192510667,2.72380319752844,3.28299510525272,2.1055250742335,1.0691182214771,3.8028192022435,20,16,3.8028192022435,1.05192727713683,2.62439986798912,-0.967716203,3.93685200934738,3.57350923216077,-2.396771487,0.84,15.1109986614434,2.01328804879889,-2.417759786,-0.404471737,0.369,native,16.8
Speaker047,Tone2,a,Speaker047_Tone 2_a,2.39666099519949,2.37464723999164,2.36088299678096,2.343878484,2.33608834922666,2.33710899413598,2.3491724249511,2.369315399,2.3993153542027,2.44051475844455,2.49840203922483,2.57753624997809,2.67579202797106,2.7916608635449,2.92593960824808,3.0717396147553,3.22505023849311,3.3702066357118,3.42353525931768,3.32783088409383,91.019280055421,376.039424355881,1.08744691009103,2.39666099519949,2.33608834922666,2.44051475844455,2.92593960824808,3.32783088409383,19,5,3.42353525931768,2.33608834922666,2.66384122868832,1.15332004635735,1.81518690522146,2.36290602420166,0.00685378152987172,0.46,2.06533601850985,-0.00315274,-1.11528145,-1.118434189,0.28,native,9.2
Speaker047,Tone2,e,Speaker047_Tone 2_e,3.59088438472431,3.25435186112646,3.00547832612373,2.90158301037044,2.84134617898248,2.80742225842271,2.79067309277032,2.78630082432491,2.7913373707862,2.80779491154814,2.83768249843512,2.88046048386584,2.93265884994682,2.99327300299498,3.0714462862128,3.17454885095298,3.31000994327536,3.45495614239852,3.56067777111521,3.53526046836079,91.019280055421,376.039424355881,0.804583560399394,3.59088438472431,2.84134617898248,2.80779491154814,3.0714462862128,3.53526046836079,1,8,3.59088438472431,2.78630082432491,3.04043393149492,0.352729935691174,2.96096695498624,3.4450657574696,-2.886465819,0.29,1.24738153061658,0.837075087648182,-0.885640887,-0.048565799,0.295,native,5.8
Speaker047,Tone2,i,Speaker047_Tone 2_i,3.27011347542557,3.00205278664165,2.88346636835273,2.89053126543218,2.91242837537597,2.94542526002689,2.99230252839142,3.05346197388584,3.12716723229971,3.21334187502913,3.30929785660346,3.41143715752837,3.51490168418598,3.61519781819033,3.7190095326646,3.82926724874366,3.93876743658942,4.0172681018798,4.05533158742878,4.06304328876829,91.019280055421,376.039424355881,1.17957692041556,3.27011347542557,2.91242837537597,3.21334187502913,3.7190095326646,4.06304328876829,20,3,4.06304328876829,2.88346636835273,3.37511369555291,1.26098885275686,1.49077197159793,3.1984417083376,-2.350903558,0.18,1.66190794491723,0.423162640528921,-1.362764515,-0.939601874,0.325,native,3.6
Speaker047,Tone2,o,Speaker047_Tone 2_o,3.0733960989395,2.80323178586406,2.65235489325044,2.61287128531598,2.58471404763529,2.56940926022221,2.57177106296472,2.59060970183613,2.61927026079164,2.65560608620181,2.70514562078278,2.77844235010189,2.88076280855441,3.00506077254718,3.14302002799175,3.28488738441215,3.43572991457634,3.61166384403249,3.77656339756658,3.78877139617643,91.019280055421,376.039424355881,1.21936213595422,3.0733960989395,2.58471404763529,2.65560608620181,3.14302002799175,3.78877139617643,20,6,3.78877139617643,2.56940926022221,2.93095187190476,1.04429739151731,2.98819400151095,2.85343565983223,-0.84875998,0.44,2.38594671609688,0.373454391085099,-1.336130161,-0.96267577,0.325,native,8.8
Speaker047,Tone3,a,Speaker047_Tone 3_a,2.6896107181242,1.83033382298741,1.57784131435274,1.63015403434676,1.73440065970808,1.84019214265724,1.94290054268311,2.04270048340555,2.13975216027181,2.2342028875376,2.32618844331629,2.41019451909191,2.45005842907989,2.40451359863322,2.32539233792004,2.30135462671191,2.31077169136317,2.30737514018907,2.32399180946557,2.67476518156807,91.019280055421,376.039424355881,1.11176940377145,2.6896107181242,1.73440065970808,2.2342028875376,2.32539233792004,2.67476518156807,1,3,2.6896107181242,1.57784131435274,2.17082767030849,0.63822638072842,0.456804482290213,2.5585378606234,-8.578398764,0.1,1.0087367298996,0.857839876421848,-0.907863057,-0.05002318,0.408,native,2
Speaker047,Tone3,e,Speaker047_Tone 3_e,3.46487974173018,3.0840699563168,2.87264809301467,2.72563526894852,2.57756420172062,2.37177332394864,2.03588609213058,1.50027878042768,0.779161675035213,0.0850318051303522,0,0.800633702593403,1.68534876336494,2.15041802747093,2.29367535652281,2.31410112896345,2.33940806121472,2.40996538967261,2.45424126490192,2.98632250221476,91.019280055421,376.039424355881,3.46487974173018,3.46487974173018,2.57756420172062,0.0850318051303522,2.29367535652281,2.98632250221476,1,11,3.46487974173018,0,1.96542511847291,-0.480791247,9.24848236542819,3.67564715443562,-6.462749948,0.48,4.85446921488172,3.10211997489001,-2.524323992,0.577795983151513,0.408,native,9.6
Speaker047,Tone3,i,Speaker047_Tone 3_i,2.96002550580923,2.98305327391838,2.85001395368708,2.68261608529098,2.46439510343889,2.11017480797285,1.64304449436883,1.422630129,1.95711957152804,2.98966203538297,3.76294098506273,3.84826404272944,3.32320591812317,2.78144831094199,2.65306393848418,2.72826316674128,2.8357083274751,2.92929035897826,2.95530117639943,3.0670173224862,91.019280055421,376.039424355881,2.42563391386245,2.96002550580923,2.46439510343889,2.98966203538297,2.65306393848418,3.0670173224862,12,8,3.84826404272944,1.422630129,2.73719392551598,0.520676756904383,1.15915198498914,3.10032996105256,-3.224079955,0.27,1.41293630725232,0.870501587984135,-1.031443504,-0.160941916,0.408,native,5.4
Speaker047,Tone3,o,Speaker047_Tone 3_o,3.2245820100669,2.89450254727687,2.72321234525744,2.59674457001748,2.41599542886264,2.02577448262941,1.32927466806594,0.588943127772633,0.239424178388863,0.30090123712678,0.804991585305782,1.55879585951178,2.07226945076203,2.29904195587038,2.42393671190963,2.5249547446298,2.61346308545304,2.67533614352907,2.70402500889535,2.74613942416223,91.019280055421,376.039424355881,2.98515783167804,3.2245820100669,2.41599542886264,0.30090123712678,2.42393671190963,2.74613942416223,1,9,3.2245820100669,0.239424178388863,1.96293930787511,0.151712727830697,8.57007772555319,3.44793166730055,-6.731037614,0.42,4.48827059587527,2.82703579785271,-2.603196946,0.223838852245056,0.401,native,8.4
Speaker048,Tone2,a,Speaker048_Tone 2_a,3.09126121732081,3.02482713797493,2.9807168472838,2.9599927084591,2.95464727946272,2.95284803685766,2.95520657564686,2.96426973197501,2.98281675297009,3.01027399121241,3.04527177306357,3.08684642733629,3.13400720127504,3.19034452242217,3.25340544090706,3.31571618034479,3.36441159544781,3.38792709047788,3.44843747249486,3.57882623210201,77.4492730715052,249.283434653032,0.625978195244346,3.09126121732081,2.95464727946272,3.01027399121241,3.25340544090706,3.57882623210201,20,6,3.57882623210201,2.95284803685766,3.12420809511846,0.533560349592434,1.12798618219451,3.03940295362248,-0.288644516,0.4,0.994242005857783,0.115457806394671,-0.596545204,-0.481087397,0.232,native,8
Speaker048,Tone2,e,Speaker048_Tone 2_e,3.31741021550132,3.34939357929529,3.34108134551608,3.27453515133314,3.20716050932783,3.16112748544537,3.13661692331106,3.13541558504328,3.15191219718735,3.1846076665024,3.23788360597154,3.30746174495535,3.39090676237686,3.48236472113824,3.58044954784353,3.67161784762176,3.74862214378562,3.80171913736402,3.86227051977188,3.96345407486209,77.4492730715052,249.283434653032,0.828038489818801,3.31741021550132,3.20716050932783,3.1846076665024,3.58044954784353,3.96345407486209,20,8,3.96345407486209,3.13541558504328,3.39941164344558,0.673814049037227,1.81133400288176,3.3629470488967,-0.665253856,0.41,1.46978056656708,0.272754081149395,-0.867170534,-0.594416453,0.265,native,8.2
Speaker048,Tone2,i,Speaker048_Tone 2_i,3.99736314494289,3.67827148390852,3.4820629505923,3.42838336605927,3.41616098071305,3.41284273941355,3.41958150849907,3.44184539763048,3.4779811923654,3.5229021094975,3.56889947523541,3.62135209062071,3.6865420011312,3.7637087830193,3.78394021327042,3.6138710900358,3.1872098540511,2.48803235161764,1.89125800963045,1.95375979451004,77.4492730715052,249.283434653032,2.10610513531243,3.99736314494289,3.41616098071305,3.5229021094975,3.78394021327042,1.95375979451004,1,19,3.99736314494289,1.89125800963045,3.37044100003808,-1.109003356,-3.265253345,3.54007280144555,0.110543475317443,0.78,-8.728678787,-0.086223911,1.92030933318496,1.83408542243735,0.26,native,15.6
Speaker048,Tone2,o,Speaker048_Tone 2_o,3.59160829156985,3.36152405052369,3.23688309659613,3.20846691958132,3.19260285374189,3.17504400076271,3.1580053422203,3.14350108100995,3.13672881068826,3.14844416686326,3.18127885984271,3.23344596463443,3.30004785911728,3.37729254036104,3.46715224077773,3.56152016352607,3.64425455194461,3.6987892075095,3.7784423908655,3.95277011251803,77.4492730715052,249.283434653032,0.816041301829763,3.59160829156985,3.19260285374189,3.14844416686326,3.46715224077773,3.95277011251803,20,9,3.95277011251803,3.13672881068826,3.35836073463755,0.512447318119289,2.16935052784844,3.42491729440568,-0.861811544,0.44,1.48641329630018,0.37919707942173,-0.832391446,-0.453194367,0.275,native,8.8
Speaker048,Tone3,a,Speaker048_Tone 3_a,4.06057316737616,3.44078733245536,3.06789159081328,2.94930670943395,2.85519331034682,2.81850881270338,2.82953987453827,2.85066345410756,2.87185267560142,2.89293744500856,2.9139187870709,2.93479771152387,2.95557521338811,2.97598382605222,2.99826574619521,3.03554898799773,3.10996663579801,3.2016566807241,3.25482011484292,3.48750419039464,77.4492730715052,249.283434653032,1.24206435467278,4.06057316737616,2.85519331034682,2.89293744500856,2.99826574619521,3.48750419039464,1,6,4.06057316737616,2.81850881270338,3.04884054862977,-0.065621287,3.01234337452943,4.0068529531277,-9.031297158,0.14,0.574732542241124,1.26438160214217,-0.494269986,0.770111615814806,0.321,native,2.8
Speaker048,Tone3,e,Speaker048_Tone 3_e,4.03556204734428,3.89025773595737,3.68809732300784,3.49096910518602,3.31269264713173,3.08914967503032,2.75559893193229,2.29797972332802,1.79424555946695,1.37675347284119,1.11412279318096,0.934844095821345,0.760241575518218,0.572968618111974,0.379793747543356,0.198933171212991,0.068645710752061,0,0.269887168673601,1.33544330040708,77.4492730715052,249.283434653032,4.03556204734428,4.03556204734428,3.31269264713173,1.37675347284119,0.379793747543356,1.33544330040708,1,18,4.03556204734428,0,1.73036704086298,-4.244338791,4.32541983557175,4.20422812487153,-5.274558784,0.87,12.0762401362324,4.58886614246862,-1.569911218,3.01895492475841,0.308,native,17.4
Speaker048,Tone3,i,Speaker048_Tone 3_i,3.23378368838803,3.2804404361399,3.23054636287388,3.13240383579519,3.0160390127915,2.88752534202464,2.78568767701512,2.73828713397292,2.74063115366621,2.76778696577785,2.81713244465494,2.89337187669902,3.00309633230893,3.13991252542076,3.28950458608795,3.4065694571946,3.45246010989775,3.41752658817286,3.33015152948916,3.23160603724127,77.4492730715052,249.283434653032,0.714172975924825,3.23378368838803,3.0160390127915,2.76778696577785,3.28950458608795,3.23160603724127,17,8,3.45246010989775,2.73828713397292,3.0715901916486,0.285628340306655,2.06715779705041,3.33643648961892,-1.630705557,0.38,1.23663771047439,0.619668111810564,-0.76671538,-0.147047269,0.345,native,7.6
Speaker048,Tone3,o,Speaker048_Tone 3_o,3.55890194073701,3.45706426335263,3.35167625636516,3.26379534327828,3.15866659510772,3.02688102743683,2.87826117734665,2.76434860706104,2.7400198640052,2.79500488608982,2.87439298176567,2.95395320093404,3.03206053109662,3.10854295114384,3.17653431215754,3.22509804266198,3.24409143490369,3.21403434424052,3.13262621219639,3.11114159189334,77.4492730715052,249.283434653032,0.818882076731805,3.55890194073701,3.15866659510772,2.79500488608982,3.17653431215754,3.11114159189334,1,9,3.55890194073701,2.7400198640052,3.08511022311746,-0.151347534,2.07987927812166,3.57836772457498,-2.143694671,0.37,0.777442215715975,0.793167028340519,-0.489788596,0.303378432439455,0.355,native,7.4
Speaker049,Tone2,a,Speaker049_Tone 2_a,1.17244794108085,1.15677892688353,1.105633967,1.00463607825866,0.905723921284171,0.824323272263958,0.793586464520435,0.8341533277738,0.932791363021525,1.09145776388322,1.30302533796599,1.52688752841291,1.72704096146889,1.89797541614799,2.06670340211658,2.23919943379114,2.40608724043777,2.55302510123194,2.69630959896317,2.82822717111235,127.607610375159,288.452089764325,2.03464070659192,1.17244794108085,0.905723921284171,1.09145776388322,2.06670340211658,2.82822717111235,20,7,2.82822717111235,0.793586464520435,1.52350391212184,1.96571753758129,3.39683505604686,1.20533858664251,-1.319872598,0.35,3.31975672764404,0.461955409331308,-2.157841873,-1.695886464,0.304,native,7
Speaker049,Tone2,e,Speaker049_Tone 2_e,2.78957871864828,2.48973056167999,2.1816611193393,1.93907992984452,1.82132001069199,1.74627741774101,1.70911695924024,1.69235114668163,1.68827151367737,1.700270842,1.74467271291441,1.82757462233734,1.94290966820084,2.09321394904139,2.27445073392395,2.4727809926149,2.64147902295384,2.74376795352378,2.78113792728277,2.79205257341371,127.607610375159,288.452089764325,1.10378105973634,2.78957871864828,1.82132001069199,1.700270842,2.27445073392395,2.79205257341371,20,9,2.79205257341371,1.68827151367737,2.11527329786088,0.555530465128422,4.3675247849923,2.64758576740608,-3.511676783,0.34,2.12815227210391,1.19397010612976,-1.4045805,-0.210610393,0.285,native,6.8
Speaker049,Tone2,i,Speaker049_Tone 2_i,1.79331776651374,1.78778990266567,1.76528288315511,1.74124491461435,1.72112890654408,1.71730891071439,1.73431469598148,1.77297682486284,1.82660233349835,1.89245677515217,1.96911066110097,2.05621601694593,2.15566438551004,2.26859107708266,2.39499198763403,2.53377169790388,2.67157331510676,2.7897801468335,2.93312187692566,3.17556573244004,127.607610375159,288.452089764325,1.45825682172566,1.79331776651374,1.72112890654408,1.89245677515217,2.39499198763403,3.17556573244004,20,6,3.17556573244004,1.71730891071439,2.11562032213662,1.3521738411581,2.21390490018353,1.76310323493628,-0.007148548,0.45,2.37307497591347,0.00321684660647015,-1.305191237,-1.30197439,0.251,native,9
Speaker049,Tone2,o,Speaker049_Tone 2_o,1.73419265481755,1.75571249374823,1.74908992889669,1.70891444115834,1.66000778730251,1.61536672650255,1.57955254868015,1.55860887591977,1.55958988953043,1.58512454295045,1.64003131245522,1.73187602311187,1.85673670508583,2.00998965257478,2.19146281013345,2.3949657782776,2.61450521388416,2.84587184495137,3.19017225369934,3.59283724045153,127.607610375159,288.452089764325,2.03422836453176,1.73419265481755,1.66000778730251,1.58512454295045,2.19146281013345,3.59283724045153,20,8,3.59283724045153,1.55860887591977,1.99204012257602,1.51813340756023,4.18269575388476,1.71814414721921,-0.209239545,0.6,4.60107458150639,0.125543726939711,-1.840429833,-1.714886106,0.259,native,12
Speaker049,Tone3,a,Speaker049_Tone 3_a,2.85883182119894,2.35027706759127,2.06775155828894,1.76659797102762,1.44079544139044,1.13127088958872,0.857327426214099,0.610201717874608,0.407728229250738,0.288346261289236,0.250876036959802,0.263330676438422,0.289572168697354,0.35639448225138,0.520430009996136,0.771943269788006,1.05247097137705,1.27718130972139,1.4511140246736,1.6524513029401,127.607610375159,288.452089764325,2.60795578423913,2.85883182119894,1.44079544139044,0.288346261289236,0.520430009996136,1.6524513029401,1,11,2.85883182119894,0.250876036959802,1.01267953039243,-1.111206991,8.04442156364256,2.66517194384202,-5.444574217,0.5,3.22216023557783,2.72228710837235,-1.611080118,1.11120699058344,0.445,native,10
Speaker049,Tone3,e,Speaker049_Tone 3_e,2.06647489519204,2.16879280750921,2.06736468935858,1.81805071990781,1.61887238902992,1.3999333496906,1.12057866188557,0.757397435764334,0.364738013207295,0.0551672908775768,0,0.201563119397486,0.583704547696412,0.999151623641998,1.32348078899609,1.52824897808717,1.64091950782602,1.68408661222965,1.65663293647088,1.95266701897306,127.607610375159,288.452089764325,2.16879280750921,2.06647489519204,1.61887238902992,0.0551672908775768,1.32348078899609,1.95266701897306,2,11,2.16879280750921,0,1.18712447420316,-0.326700295,7.21241463956708,2.41739263258713,-4.519126325,0.51,4.11233903149801,2.30475442557595,-2.015046125,0.289708300141925,0.331,native,10.2
Speaker049,Tone3,i,Speaker049_Tone 3_i,1.70379103738317,1.8351483595313,1.75621571284958,1.52615875770362,1.24729232094603,0.98616879713836,0.760913321105844,0.538105255479373,0.347477296386831,0.260478659612823,0.272908676736843,0.35347537713036,0.4778278605636,0.63409440082151,0.853664187375557,1.1557236829078,1.51620856414899,1.86545734167306,2.10558904330416,2.48361733402476,127.607610375159,288.452089764325,2.22313867441193,1.70379103738317,1.24729232094603,0.260478659612823,0.853664187375557,2.48361733402476,20,10,2.48361733402476,0.260478659612823,1.06621867200549,0.250928164471004,7.72887251626896,1.93785062551192,-3.484932035,0.55,5.22519867807189,1.91671261923221,-2.351339405,-0.434626786,0.377,native,11
Speaker049,Tone3,o,Speaker049_Tone 3_o,2.91816773655336,2.13169941631897,1.77861942589013,1.63366062863302,1.45116948251514,1.22794122278144,0.977144904720765,0.746780793947106,0.582142140389783,0.492287372878739,0.46715219988153,0.51621566235764,0.635524282675551,0.779077052522955,0.939555920590927,1.13281758860966,1.33983227221351,1.54929986762755,1.80478403667616,2.65957849965976,127.607610375159,288.452089764325,2.45101553667183,2.91816773655336,1.45116948251514,0.492287372878739,0.939555920590927,2.65957849965976,1,11,2.91816773655336,0.46715219988153,1.21621815128216,-0.371333281,8.20279864626246,2.48084079995834,-4.577754592,0.51,4.0825245780414,2.33465484171057,-2.000437043,0.334217798470289,0.369,native,10.2
Speaker050,Tone2,a,Speaker050_Tone 2_a,2.59922592690061,2.40383068618597,2.25474889600101,2.17176944635772,2.17196046828156,2.18632758035949,2.2072245733548,2.23193363330838,2.25666330603236,2.27997757044397,2.30090424604533,2.31974993682618,2.33903042092876,2.3626567387137,2.39504356656092,2.44134521927071,2.50780149386724,2.53840125216216,2.55038784655353,2.60395316086575,86.5538108840315,485.202333455644,0.432183714508032,2.59922592690061,2.17196046828156,2.27997757044397,2.39504356656092,2.60395316086575,20,4,2.60395316086575,2.17176944635772,2.34598533864111,0.255426613313113,1.15840641832838,2.59581670195527,-3.409371475,0.14,0.517176817530872,0.47731200649026,-0.444772063,0.0325399434137101,0.194,native,2.8
Speaker050,Tone2,e,Speaker050_Tone 2_e,2.99075133153424,2.80006355061712,2.62673060216715,2.516648548,2.45166314054902,2.41375149382415,2.38748449560811,2.37257374589732,2.37475395265802,2.39499921454229,2.42364752082633,2.4557555974594,2.49051762997355,2.53010847320598,2.57442826182833,2.62567343558296,2.68579197662792,2.76133189749854,2.86292052189001,3.00655568114985,86.5538108840315,485.202333455644,0.633981935252529,2.99075133153424,2.45166314054902,2.39499921454229,2.57442826182833,3.00655568114985,20,8,3.00655568114985,2.37257374589732,2.5674594517774,0.154381140225086,2.26268360562952,2.89269357925801,-1.86179752,0.34,0.933954526568228,0.633011156658893,-0.616409988,0.0166011691238626,0.251,native,6.8
Speaker050,Tone2,i,Speaker050_Tone 2_i,2.66950664683626,2.66199137754337,2.6108859140436,2.55017989562862,2.51504818086614,2.50902407940273,2.5106612401455,2.52004333932019,2.53998225779315,2.56880106211444,2.60926943147904,2.66329909521418,2.73246704896667,2.81301060313537,2.90069936847012,2.98218430284953,3.03728676280305,3.06389763109696,3.1156976217431,3.24721850319306,86.5538108840315,485.202333455644,0.738194423790333,2.66950664683626,2.51504818086614,2.56880106211444,2.90069936847012,3.24721850319306,20,6,3.24721850319306,2.50902407940273,2.72829087356335,0.629566490935083,1.45542028085522,2.65975209882174,-0.502632242,0.39,1.22692798336847,0.196026574219662,-0.74842607,-0.552399496,0.256,native,7.8
Speaker050,Tone2,o,Speaker050_Tone 2_o,2.66429634027046,2.65463126187444,2.64471848135287,2.62799582972733,2.60986103124985,2.59242051823963,2.57605554078426,2.56160471277521,2.55127788889753,2.54706860362813,2.55064315072768,2.56160844847789,2.57697707891695,2.59709137053722,2.623995409,2.66088543705248,2.70888773902662,2.76700965973509,2.83852242716171,2.90094616604948,86.5538108840315,485.202333455644,0.353877562421349,2.66429634027046,2.60986103124985,2.54706860362813,2.623995409,2.90094616604948,20,10,2.90094616604948,2.54706860362813,2.63248681151964,0.165894004868736,0.950536930398087,2.65847058935515,-0.218534279,0.61,0.894513477079779,0.133305909970974,-0.348860256,-0.215554346,0.284,native,12.2
Speaker050,Tone3,a,Speaker050_Tone 3_a,1.23576539660669,0.687102969093074,0.294487989464317,0.141184956901671,0.102030221746752,0.0623527336039084,0.0231799162299351,0,0.0365772618779592,0.186552120751396,0.516186165960865,0.957155994774259,1.39414709610363,1.7290297216788,1.93434173490524,2.02709683254028,2.05653278715987,2.0683806244541,2.13518734450874,2.31090451488837,86.5538108840315,485.202333455644,2.31090451488837,1.23576539660669,0.102030221746752,0.186552120751396,1.93434173490524,2.31090451488837,20,8,2.31090451488837,0,0.954221495327665,2.23685252915173,4.6384689171703,0.969556325275456,-4.14247613,0.29,3.99879499605586,1.20131807775902,-2.839144447,-1.637826369,0.241,native,5.8
Speaker050,Tone3,i,Speaker050_Tone 3_i,2.89175914685699,2.60677313060331,2.37298049031183,2.1705005481257,1.83838875429564,1.36094955654026,0.828162248044838,0.388644312831955,0.146075949194987,0.0501644850065458,0.044709104270166,0.221488909378391,0.576718945289716,1.05385358378132,1.50646525553234,1.86148892223995,2.05423710333565,2.12693700924954,2.20332550668491,2.3870273645845,86.5538108840315,485.202333455644,2.84705004258682,2.89175914685699,1.83838875429564,0.0501644850065458,1.50646525553234,2.3870273645845,1,11,2.89175914685699,0.044709104270166,1.34407131243466,-0.247797876,10.3125772415522,3.04446092555469,-6.719471015,0.47,5.20318807199014,3.15815137685815,-2.757689678,0.400461698703376,0.279,native,9.4
Speaker051,Tone2,a,Speaker051_Tone 2_a,2.38295803277145,1.49965021816741,1.20485213030003,1.25235093722741,1.34864363219476,1.49176211279702,1.67833746293382,1.88904630288675,2.10852771753293,2.31969944044911,2.51335917594058,2.70854427134781,2.89893866355198,3.064674288,3.21420142675474,3.36753123441689,3.51067232729186,3.6139068180906,3.68900021117987,3.93363280067969,103.782071323842,163.016508642097,2.72878067037966,2.38295803277145,1.34864363219476,2.31969944044911,3.21420142675474,3.93363280067969,20,3,3.93363280067969,1.20485213030003,2.46592199055879,2.66618593268839,2.1195415446647,2.31123955756014,-12.54348972,0.1,3.2776182247078,1.25434897205416,-2.949856402,-1.69550743,0.353,native,2
Speaker051,Tone2,e,Speaker051_Tone 2_e,3.15786485290393,2.55648061231328,2.06246315985919,1.78929963681727,1.61652344712205,1.54028335104144,1.53189877144083,1.57750737659393,1.67072917944616,1.79203910611151,1.93592293826594,2.094081374,2.26316189266207,2.44376902990428,2.63453833921882,2.82125683892911,2.98532346289907,3.10291333276492,3.16052445595767,2.97614558327069,103.782071323842,163.016508642097,1.62862568451684,3.15786485290393,1.61652344712205,1.79203910611151,2.63453833921882,2.97614558327069,19,7,3.16052445595767,1.53189877144083,2.24236936948531,1.03281155084656,4.9324343030938,3.01843523259563,-7.510903271,0.23,2.5249904918484,1.72750775224763,-1.944242679,-0.216734926,0.31,native,4.6
Speaker051,Tone2,i,Speaker051_Tone 2_i,2.10555413733379,1.71717639581345,1.46835190846312,1.37247663664999,1.37453046004825,1.40339708446323,1.46221701571088,1.55519698043802,1.67875199387188,1.83422779043544,2.03108946564724,2.2806487614544,2.58357412934209,2.9187535840826,3.24913935840191,3.54246343824204,3.79671486911363,4.01277056355748,4.0352951299259,3.74634012525628,103.782071323842,163.016508642097,2.66281849327591,2.10555413733379,1.37453046004825,1.83422779043544,3.24913935840191,3.74634012525628,19,4,4.0352951299259,1.37247663664999,2.37213932618853,2.82947808607919,4.13753483554161,1.90019897984427,-2.461011708,0.29,4.29068805605564,0.713693395302776,-3.04638852,-2.332695124,0.231,native,5.8
Speaker051,Tone2,o,Speaker051_Tone 2_o,1.24877139880649,1.0907187625545,1.02610459774745,1.07105260091921,1.19403754756584,1.389264231,1.6282877413853,1.88044054680701,2.12163430842155,2.34075968932235,2.55229221162411,2.76767140244895,2.99750133763375,3.23613505034345,3.46333700538993,3.66547353740263,3.82727224608161,3.92027164628021,3.73020313082204,3.24776406589037,103.782071323842,163.016508642097,2.89416704853276,1.24877139880649,1.19403754756584,2.34075968932235,3.46333700538993,3.24776406589037,18,3,3.92027164628021,1.02610459774745,2.42398803602345,3.24196836904362,-0.460375676,0.676732628666413,3.63711100811459,0.9,-6.587396968,-3.273399907,0.658739696784622,-2.614660211,0.249,native,18
Speaker051,Tone3,a,Speaker051_Tone 3_a,2.26980523178472,0.79262642785888,0.350372174204174,0.112086615151754,0,0.0709383380471359,0.239092840151754,0.416832652817061,0.591764405923967,0.763975448687033,0.933549116955611,1.10056497537433,1.2616781947814,1.37362802067853,1.3893256193723,1.37308837090782,1.39758897218426,1.47511398700578,1.61350542633116,2.00115680901669,103.782071323842,163.016508642097,2.26980523178472,2.26980523178472,0,0.763975448687033,1.3893256193723,2.00115680901669,1,5,2.26980523178472,0,0.943490689365916,1.18949553909892,3.74421508752129,2.09633072654076,-18.19547417,0.12,2.25475245700055,2.18345690055689,-1.984182162,0.199274738396402,0.462,native,2.4
Speaker051,Tone3,e,Speaker051_Tone 3_e,3.88677557426565,3.27555992017895,2.46846744144775,1.76842621309441,1.21000826621576,0.801543633198645,0.683109289752571,0.786160366247514,0.940722059530277,1.09578501572481,1.24870642730016,1.39726300057443,1.50554846896614,1.49929497130876,1.38992887514776,1.28107894261014,1.2465892686354,1.30276238631785,1.42066938384834,2.20896459093228,103.782071323842,163.016508642097,3.20366628451308,3.88677557426565,1.21000826621576,1.09578501572481,1.38992887514776,2.20896459093228,1,7,3.88677557426565,0.683109289752571,1.50756214940838,-1.011013925,7.21689031064059,3.8987570602698,-13.10972507,0.24,1.28319605863044,3.14633401602559,-0.975229005,2.17110501146646,0.366,native,4.8
Speaker051,Tone3,o,Speaker051_Tone 3_o,2.0865712223764,1.13401673814465,0.845955765902317,0.672672653102032,0.608818955474415,0.552177781011297,0.441754383774057,0.374434745517363,0.32371184766232,0.192550477493155,0.309258519993831,0.676946517586047,1.00463145936496,1.20789146139085,1.46413814868594,1.6743258522492,1.74345527524082,1.79890464800652,1.81778610321263,1.7576366259394,103.782071323842,163.016508642097,1.89402074488325,2.0865712223764,0.608818955474415,0.192550477493155,1.46413814868594,1.7576366259394,1,10,2.0865712223764,0.192550477493155,0.986709141463438,0.902961479023451,5.43470121129872,1.58119278648363,-4.26319738,0.35,3.03201022456161,1.4921190828694,-1.970806646,-0.478687563,0.584,native,7
Speaker052,Tone2,a,Speaker052_Tone 2_a,1.10214021183962,1.00328962146488,0.979957894320556,1.03057866307455,1.1018287603882,1.17286754750336,1.24902018953599,1.339419105,1.45951409462105,1.60522485558772,1.76875374017288,1.93302150331607,2.09733089171499,2.27054091513089,2.47021030190375,2.68897462088517,2.91843037526735,3.13305456908074,3.32751850770961,3.53142598810709,91.6215878043432,206.622190172716,2.55146809378653,1.10214021183962,1.1018287603882,1.60522485558772,2.47021030190375,3.53142598810709,20,3,3.53142598810709,0.979957894320556,1.88729187723811,2.63093982245738,2.49240942945652,0.972567731066224,0.820628926498398,0.4,3.64525761212186,-0.328251571,-2.187154567,-2.515406138,0.261,native,8
Speaker052,Tone2,e,Speaker052_Tone 2_e,1.14202014438318,1.354193729,1.35354709209105,1.30699080089297,1.31523476205455,1.35983972504759,1.40506382700298,1.45393870075079,1.53026144921667,1.6339770955968,1.76012513192103,1.90615906109825,2.06014910940048,2.22194799515305,2.41664719683552,2.64735196446857,2.89025894222262,3.14570108593933,3.4387790095296,3.55919295904695,91.6215878043432,206.622190172716,2.41717281466377,1.14202014438318,1.31523476205455,1.6339770955968,2.41664719683552,3.55919295904695,20,1,3.55919295904695,1.14202014438318,1.96880836121491,2.32852382230033,2.9937115757483,1.20673873960251,0.758191759930539,0.51,3.99122835892716,-0.386677798,-1.955701896,-2.342379693,0.364,native,10.2
Speaker052,Tone2,i,Speaker052_Tone 2_i,0.818125883398206,0.920484052312851,0.974753421536657,1.03915137851502,1.12216637546404,1.21846873700928,1.3342005257683,1.47703731467004,1.65055122712764,1.84284657853616,2.05149785224351,2.29000797988759,2.52754855520007,2.72005949346326,2.86928530771689,3.00725822999564,3.14833347708926,3.26750225479326,3.36533964426861,3.38218016160572,91.6215878043432,206.622190172716,2.56405427820751,0.818125883398206,1.12216637546404,1.84284657853616,2.86928530771689,3.38218016160572,20,1,3.38218016160572,0.818125883398206,2.04550284531752,2.9252018024889,0.665426802234272,0.83052297534295,1.3668424489663,0.25,3.24463899726533,-0.341710612,-2.433479248,-2.77518986,0.376,native,5
Speaker052,Tone2,o,Speaker052_Tone 2_o,1.51528283414856,0.837760237285613,0.642101137786875,0.600190809556628,0.582924012556916,0.605828128249848,0.670866866397966,0.750063895668138,0.835835778679862,0.949143526665695,1.08478466262042,1.24466634686061,1.4309569349873,1.63523120853346,1.86444200923067,2.09445144776668,2.29877917201566,2.50824192448124,2.75411425859533,3.0135992391593,91.6215878043432,206.622190172716,2.43067522660238,1.51528283414856,0.582924012556916,0.949143526665695,1.86444200923067,3.0135992391593,20,5,3.0135992391593,0.582924012556916,1.3566952656683,2.15130379597183,4.47654697192042,1.17340197498981,-2.827454972,0.29,3.52641503023755,0.81996194201032,-2.503754671,-1.683792729,0.399,native,5.8
Speaker052,Tone3,a,Speaker052_Tone 3_a,1.70516803781742,0.966593287964823,0.747943091204847,0.564785312849529,0.333052504305872,0.190623204150315,0.150352175841781,0.149034024889519,0.163280371447939,0.193911414129792,0.247319414456578,0.335033053130761,0.484566747925391,0.6630831036481,0.828063464056254,0.962023766622418,1.064401949,1.14712133869218,1.19893532277432,1.7851573785064,91.6215878043432,206.622190172716,1.63612335361688,1.70516803781742,0.333052504305872,0.193911414129792,0.828063464056254,1.7851573785064,20,8,1.7851573785064,0.149034024889519,0.647065831810651,0.520619920352722,5.35305426405515,1.38255336446327,-4.569911382,0.33,2.36392579230981,1.50807075604339,-1.583830281,-0.075759525,0.446,native,6.6
Speaker052,Tone3,e,Speaker052_Tone 3_e,3.11261429037182,2.33382261634385,1.99529509618538,1.84577144126349,1.61478059457901,1.32258794173938,1.10586177276045,0.879863828779304,0.581837037311435,0.355923270203173,0.199913191680834,0.148284627189255,0.211643505107144,0.384877277003776,0.586154761087762,0.780168181967134,0.906806818000024,0.954366904742896,0.962215481048675,0.997891939628516,91.6215878043432,206.622190172716,2.96432966318257,3.11261429037182,1.61478059457901,0.355923270203173,0.586154761087762,0.997891939628516,1,12,3.11261429037182,0.148284627189255,1.00600576822647,-1.671011493,6.615221711,2.75019556579007,-5.224348969,0.51,2.09134583470604,2.66441797413829,-1.024759459,1.63965851513233,0.517,native,10.2
Speaker052,Tone3,i,Speaker052_Tone 3_i,1.35980429462352,1.45631419050083,1.26837506027795,1.14410747424764,1.06259652778483,0.936833685873181,0.730069903269795,0.547951777687883,0.460766023239465,0.450850826277164,0.48991715496293,0.546152210313629,0.670539639615315,0.882929945025943,1.05478336296223,1.21129636681902,1.36382762826178,1.4450671537004,1.44164897316538,1.43575709794944,91.6215878043432,206.622190172716,1.00546336422366,1.35980429462352,1.06259652778483,0.450850826277164,1.05478336296223,1.43575709794944,2,10,1.45631419050083,0.450850826277164,0.962697470675212,0.16251382552895,4.02214733340824,1.49759329412629,-2.367184038,0.47,2.29323755193396,1.11257649780398,-1.215415903,-0.102839405,0.564,native,9.4
Speaker052,Tone3,o,Speaker052_Tone 3_o,0.966258031525549,0.933485667733534,0.842842582384456,0.690530407978021,0.521008725290969,0.357191911870442,0.219920727722947,0.133787335859567,0.0614021472900876,0,6.29599040803609e-05,0.0711462649660644,0.182081967662534,0.31815907451576,0.493006768861781,0.67721175364808,0.876072147853661,1.08118746347785,1.29300735449438,1.35177618868499,91.6215878043432,206.622190172716,1.35177618868499,0.966258031525549,0.521008725290969,0,0.493006768861781,1.35177618868499,20,10,1.35177618868499,0,0.510446580382957,0.333184763144211,4.90888488217396,1.01615298886545,-2.295253672,0.51,3.11623722421309,1.17057937287796,-1.52695624,-0.356376867,0.51,native,10.2
Speaker053,Tone2,a,Speaker053_Tone 2_a,2.47069777980245,2.47364395822728,2.4909381554051,2.51447616524958,2.53859721217277,2.56272195270375,2.58479708612161,2.60435672537223,2.6235990510067,2.64652088588588,2.67689799251342,2.71812958888519,2.77326183775461,2.84327340563924,2.93004729250668,3.03424568743714,3.15189914398759,3.28440351764892,3.41631936278153,3.5366742349051,104.160113047593,322.106279371335,1.06597645510264,2.47069777980245,2.53859721217277,2.64652088588588,2.93004729250668,3.5366742349051,20,1,3.5366742349051,2.47069777980245,2.78162085097435,0.974191478379383,1.38557889416222,2.44644747170217,0.455787169240605,0.65,2.23210491020305,-0.29626166,-0.781236719,-1.077498379,0.188,native,13
Speaker053,Tone2,e,Speaker053_Tone 2_e,3.63738400113332,3.35102420152084,3.06984721517462,2.86207137540178,2.71100013318207,2.62056601241289,2.57849983342285,2.56555950837724,2.57270342140693,2.59828290880367,2.64688964912341,2.71959458695994,2.81452042035734,2.91661262234334,3.01851413603581,3.1093629105555,3.20226943634619,3.31586184945815,3.39161042180318,3.36422591543739,104.160113047593,322.106279371335,1.07182449275607,3.63738400113332,2.71100013318207,2.59828290880367,3.01851413603581,3.36422591543739,1,8,3.63738400113332,2.56555950837724,2.92176802436118,0.223959348659202,3.59692841058746,3.56295938163871,-3.987512266,0.29,1.38714925189659,1.15637855713433,-0.984875969,0.171502588287751,0.256,native,5.8
Speaker053,Tone2,i,Speaker053_Tone 2_i,3.12226286961835,2.93441378152351,2.80048072334685,2.75093691496156,2.76062971917475,2.77995283052773,2.80757733836214,2.84571634026109,2.89422889911173,2.95339884014927,3.0228480518644,3.09972686826958,3.18316840161328,3.26653528751303,3.34832452595216,3.4270796828144,3.52122539272535,3.65520944153704,3.81049782273129,3.94640594293751,104.160113047593,322.106279371335,1.19546902797595,3.12226286961835,2.76062971917475,2.95339884014927,3.34832452595216,3.94640594293751,20,4,3.94640594293751,2.75093691496156,3.12861968392946,1.02027188580344,2.04188817951265,3.01903631713785,-1.212877201,0.29,1.63705782390761,0.351734388399965,-1.162311055,-0.810576667,0.23,native,5.8
Speaker053,Tone2,o,Speaker053_Tone 2_o,3.4947740739209,3.13994744374557,2.92497181099086,2.87567669666433,2.86778861664429,2.86158546611111,2.855743882,2.85387868510936,2.86249969416369,2.88940275483179,2.93770314636825,3.00461164977067,3.09213975483466,3.20383941272044,3.33605887750822,3.47419420155709,3.61546802115666,3.76134180148472,3.81880010509557,3.88770357291719,104.160113047593,322.106279371335,1.03382488780783,3.4947740739209,2.86778861664429,2.88940275483179,3.33605887750822,3.88770357291719,20,8,3.88770357291719,2.85387868510936,3.16214279699091,0.803033217945537,2.9370602500737,3.24103523147067,-1.4016701,0.39,1.96626086200112,0.54665133890584,-1.199419126,-0.652767787,0.265,native,7.8
Speaker053,Tone3,a,Speaker053_Tone 3_a,3.00671657836307,2.62106378132933,2.26785546201237,1.97709764888002,1.78471523074363,1.64171197942908,1.49779933479221,1.33681538483287,1.14601652976637,0.925499157453059,0.669220450987207,0.406231439448509,0.184018370104545,0.0390048505964426,0,0.066634707532758,0.269628271114681,0.630009209740255,1.07701108926758,1.5464595259984,104.160113047593,322.106279371335,3.00671657836307,3.00671657836307,1.78471523074363,0.925499157453059,0,1.5464595259984,1,15,3.00671657836307,0,1.10242973589089,-2.18405785,5.95601142207517,2.75910172466381,-3.959029061,0.76,7.17640354044107,3.00886208651114,-1.72233685,1.28652523680528,0.179,native,15.2
Speaker053,Tone3,e,Speaker053_Tone 3_e,2.9175858818152,3.09272832318027,3.00799284341196,2.73000825197468,2.41903016696002,2.10223780112981,1.82840119196942,1.53435116492556,1.18036598756495,0.754672584718505,0.349951944646078,0.133956468722785,0.328452827961401,0.887867761886301,1.67088882631485,2.43819739343803,3.1202632449613,3.71117102998864,4.19888877586298,4.47572858999085,104.160113047593,322.106279371335,4.34177212126807,2.9175858818152,2.41903016696002,0.754672584718505,1.67088882631485,4.47572858999085,20,12,4.47572858999085,0.133956468722785,2.02421841778521,0.63145643834774,13.6707244226007,3.39735822936418,-5.364488606,0.61,11.995766768375,3.27233804951315,-4.67834904,-1.40601099,0.324,native,12.2
Speaker053,Tone3,i,Speaker053_Tone 3_i,2.11291166202388,2.52889050229806,2.68786783938095,2.62549305668604,2.51362063363287,2.37697036537886,2.23218250829628,2.11009065229176,2.02653797691984,1.96662482918551,1.90900916084362,1.86599422995183,1.86753705258299,1.91061990929785,1.9762201550734,2.0407298450588,2.08956130491532,2.12075763312964,2.22836820090346,2.573785616,104.160113047593,322.106279371335,0.821873609429113,2.11291166202388,2.51362063363287,1.96662482918551,1.9762201550734,2.573785616,3,12,2.68786783938095,1.86599422995183,2.17150486117001,-0.351964908,1.90195268776764,2.58401558349578,-1.161934322,0.66,1.74282575199799,0.766876652533794,-0.592560756,0.174315896854478,0.273,native,13.2
Speaker053,Tone3,o,Speaker053_Tone 3_o,2.60106451645956,2.61007084312797,2.55855157111827,2.4333468878992,2.30455235269921,2.1984772859505,2.14193879352484,2.12607052735715,2.13127379314868,2.14091154107233,2.15054605712964,2.16015965992229,2.16975244004483,2.17914659958789,2.18876213682646,2.20119558258884,2.21580547205536,2.22027947232307,2.25735356983745,2.42634586754682,104.160113047593,322.106279371335,0.484000315770827,2.60106451645956,2.30455235269921,2.14091154107233,2.18876213682646,2.42634586754682,2,8,2.61007084312797,2.12607052735715,2.25703322077478,-0.255245319,1.5671611619312,2.66867407574207,-1.653898611,0.35,0.321159920695162,0.57886451401038,-0.208753948,0.370110565558525,0.273,native,7
Speaker054,Tone2,a,Speaker054_Tone 2_a,1.04898719060786,1.09434271663112,1.17570636235352,1.28223690871225,1.40704471296189,1.53405164802867,1.66777090204217,1.81198400930819,1.96183632708562,2.11570934767515,2.26742247806107,2.41551387846103,2.56487799001797,2.71505783885764,2.86821516438848,3.02131384877032,3.17382390413698,3.20873322393261,3.08275560940455,2.78053306278537,84.5921670028973,153.26049432825,2.15974603332475,1.04898719060786,1.40704471296189,2.11570934767515,2.86821516438848,2.78053306278537,18,1,3.20873322393261,1.04898719060786,2.16691863425036,2.3451582999947,-0.800596696,0.900318805278369,2.6263967973582,0.9,-4.650786111,-2.363757118,0.465078611107475,-1.898678507,0.197,native,18
Speaker054,Tone2,e,Speaker054_Tone 2_e,2.54000371259959,2.14556864498079,1.78060061437561,1.63439191178865,1.60414427719372,1.58601983550704,1.59379992834226,1.63018199171483,1.68322153074686,1.75352304858655,1.88515280905028,2.10772557313862,2.34304667226438,2.53380620887342,2.69063759869283,2.84067404004527,2.96119099908464,3.03206663117648,3.08005113878612,3.30615715320391,84.5921670028973,153.26049432825,1.72013731769686,2.54000371259959,1.60414427719372,1.75352304858655,2.69063759869283,3.30615715320391,20,6,3.30615715320391,1.58601983550704,2.20257975175155,1.45080560953111,3.87810492518923,2.42184985769991,-4.594988162,0.24,2.59723519770848,1.10279715890004,-1.97389875,-0.871101591,0.343,native,4.8
Speaker054,Tone2,i,Speaker054_Tone 2_i,1.11714497951833,1.31487912310492,1.30812556296649,1.12098781467062,0.965215166471627,0.848974746285748,0.743236294216343,0.651267159092653,0.58554916359925,0.549304696400324,0.529093190502234,0.516370639182772,0.51228456870559,0.529945053259765,0.575574954735159,0.646085474087689,0.729230579300645,0.841872916665509,0.976821332339579,1.008638412,84.5921670028973,153.26049432825,0.802594554399328,1.11714497951833,0.965215166471627,0.549304696400324,0.575574954735159,1.008638412,2,13,1.31487912310492,0.51228456870559,0.780911854618353,-0.404028063,2.57847898930724,1.30971041795812,-1.615685306,0.56,1.30561143200231,0.904783771226151,-0.57446903,0.330314741145136,0.301,native,11.2
Speaker054,Tone2,o,Speaker054_Tone 2_o,2.10317856204616,1.41727029982159,1.07011538685805,1.0952659191038,1.15264508577975,1.23364930472358,1.31132947750927,1.37624902409079,1.45097932108034,1.566393052,1.73152111784109,1.9090304488569,2.08064405270888,2.25554226913962,2.44091842604236,2.62290452489297,2.79450255769297,2.95361840718543,3.1018518344812,3.27109591526714,84.5921670028973,153.26049432825,2.2009805284091,2.10317856204616,1.15264508577975,1.566393052,2.44091842604236,3.27109591526714,20,3,3.27109591526714,1.07011538685805,1.91630659092955,1.99828513517672,3.49166706290589,2.04011302679826,-9.584402788,0.13,2.72943056360086,1.24597236248641,-2.37460459,-1.128632228,0.311,native,2.6
Speaker054,Tone3,a,Speaker054_Tone 3_a,0.740150866236268,0.463281772209706,0.278146450331801,0.194737715808083,0.119539015833379,0.0563260974802037,0.015127278827492,0,0.00407646256200422,0.0344194669576548,0.0920122320331679,0.170662483895287,0.267580693327599,0.380152348664495,0.487644472827904,0.561479026624497,0.59294210574887,0.594102831651899,0.602928154696423,0.856440541901917,84.5921670028973,153.26049432825,0.856440541901917,0.740150866236268,0.119539015833379,0.0344194669576548,0.487644472827904,0.856440541901917,20,8,0.856440541901917,0,0.302948725006577,0.395616148719388,2.58082044967647,0.599670294186067,-2.091248724,0.34,1.35718453983026,0.711024566117248,-0.895741796,-0.18471723,0.301,native,6.8
Speaker054,Tone3,e,Speaker054_Tone 3_e,1.80791178226452,1.72468283140835,1.61112581639227,1.35497846028613,1.0829387928374,0.875215582710078,0.766119897506894,0.700388917859925,0.647423603961078,0.604764476732474,0.581519676323818,0.578546299154775,0.589769127722725,0.630482887743313,0.719827027979208,0.849456326211101,0.964802688175593,1.03306395960894,1.05271074084916,1.04548200942116,84.5921670028973,153.26049432825,1.22936548310974,1.80791178226452,1.0829387928374,0.604764476732474,0.719827027979208,1.04548200942116,1,12,1.80791178226452,0.578546299154775,0.92772575421059,-0.647887757,3.80016617934156,1.83329841294825,-3.12853243,0.44,1.11019696929683,1.37655426904486,-0.621710303,0.754843966238631,0.318,native,8.8
Speaker054,Tone3,i,Speaker054_Tone 3_i,1.94661544993303,2.15155993361559,2.05740117221649,1.84565287903833,1.62679365541989,1.43825051049377,1.3187839515156,1.26978443862359,1.25366949944613,1.24381796433383,1.25529530683929,1.32652054120016,1.45040156613741,1.58947833121164,1.78696041693362,2.04560380770499,2.23754140153172,2.29494285697962,2.28237844834687,2.42147794057542,84.5921670028973,153.26049432825,1.1776599762416,1.94661544993303,1.62679365541989,1.24381796433383,1.78696041693362,2.42147794057542,20,10,2.42147794057542,1.24381796433383,1.70447740410419,0.4382465104686,4.2942773430753,2.13870141935754,-2.278645235,0.46,2.59953877209014,1.04817680805216,-1.403750937,-0.355574129,0.384,native,9.2
Speaker054,Tone3,o,Speaker054_Tone 3_o,1.66963543052054,2.01785896133323,1.88381204796011,1.59461221613647,1.31478377812764,1.12837897020791,1.01145884447149,0.904824397456483,0.818175431095574,0.782983216138411,0.809287516366027,0.863707520862838,0.908413304820427,0.96295194849177,1.0430409963046,1.09931661918919,1.07986775758644,1.00839990536339,0.956106129837503,1.27093177625621,84.5921670028973,153.26049432825,1.23487574519482,1.66963543052054,1.31478377812764,0.782983216138411,1.0430409963046,1.27093177625621,2,10,2.01785896133323,0.782983216138411,1.13052292771596,-0.696355876,2.95310282098039,1.98116307157086,-2.938968142,0.41,0.636693977263626,1.20497693831069,-0.375649447,0.829327491725153,0.395,native,8.2
Speaker055,Tone2,a,Speaker055_Tone 2_a,1.35924084013895,1.23826878668875,1.17031675596517,1.15988670859993,1.1923493765257,1.22943948552648,1.27022522408151,1.31166118046232,1.3538885773248,1.39878701608758,1.44920738754634,1.51065994743871,1.58309233020911,1.66766958550349,1.76586047565536,1.86937681634476,1.97147260884867,2.04401012077181,2.04078256364288,1.95612602537653,89.1152397211296,362.569499524076,0.884123412171882,1.35924084013895,1.1923493765257,1.39878701608758,1.76586047565536,1.95612602537653,18,4,2.04401012077181,1.15988670859993,1.51842063021697,0.936780877324646,0.991282487876856,1.3343594410589,-1.322027458,0.18,1.18750799872058,0.237964942396066,-0.973756559,-0.735791617,0.216,native,3.6
Speaker055,Tone2,e,Speaker055_Tone 2_e,1.70419507417204,1.46208661299752,1.36037051984873,1.36477310387617,1.37526019916304,1.38521742631467,1.40311433811827,1.44199457808423,1.50311676018725,1.59144498997304,1.70947317627521,1.84044461580997,1.96619663982993,2.07996655865202,2.20228668053672,2.33395264688577,2.43834303129032,2.47736173871738,2.45859180196997,2.2937643589683,89.1152397211296,362.569499524076,1.11699121886865,1.70419507417204,1.37526019916304,1.59144498997304,2.20228668053672,2.2937643589683,18,3,2.47736173871738,1.36037051984873,1.80737294509957,1.2177415683094,1.39362691317139,1.59999576518384,-1.366596472,0.24,1.70779493548316,0.327983153228693,-1.297924151,-0.969940998,0.333,native,4.8
Speaker055,Tone2,i,Speaker055_Tone 2_i,1.57352888482086,1.54289570511268,1.5195089275636,1.49650780055959,1.49222595680589,1.49513261303443,1.50449422397231,1.53293289935722,1.58877636412242,1.66256064562868,1.74955674722003,1.84634818757709,1.93730212535357,2.02113678952695,2.10830945715434,2.20734058183116,2.30124248629029,2.35213484250175,2.33244879824953,2.23369471683451,89.1152397211296,362.569499524076,0.859908885695862,1.57352888482086,1.49222595680589,1.66256064562868,2.10830945715434,2.23369471683451,18,5,2.35213484250175,1.49222595680589,1.81649647705664,0.982848588047627,0.958450510589946,1.56112938004808,-0.315729286,0.3,1.36728432966585,0.0947187857140386,-0.957099031,-0.862380245,0.34,native,6
Speaker055,Tone2,o,Speaker055_Tone 2_o,1.78901261541849,1.5554206323858,1.41522679306795,1.38420109867295,1.41556275043268,1.46197619560843,1.51874511167775,1.58320975720123,1.65425580945261,1.73312189422509,1.82031261505435,1.90817325904971,1.98987824345689,2.05702604808568,2.10751116376005,2.13405507211504,2.11901450781461,2.0204687374218,1.84904098572517,1.62705931699582,89.1152397211296,362.569499524076,0.749853973442085,1.78901261541849,1.41556275043268,1.73312189422509,2.10751116376005,1.62705931699582,16,4,2.13405507211504,1.38420109867295,1.76046005147209,0.584415987550183,-0.375792004,1.38002088361343,0.863305694154091,0.87,-3.833709752,-0.751075954,0.498382267760675,-0.252693686,0.235,native,17.4
Speaker055,Tone3,a,Speaker055_Tone 3_a,0.650482730367325,0.425470351892307,0.186595329650722,0.0396930478987931,0,0.055744360861256,0.139722334177766,0.23115425166876,0.320254038616202,0.400760417987788,0.474603586796195,0.548052261964953,0.63508253365479,0.73862743938675,0.84605853337517,0.940489622950444,1.01086391199533,1.04159224983235,1.04145085295486,1.18090762188479,89.1152397211296,362.569499524076,1.18090762188479,0.650482730367325,0,0.400760417987788,0.84605853337517,1.18090762188479,20,5,1.18090762188479,0,0.529666105133894,1.00610492690289,1.79141523886054,0.631007515341497,-3.818102688,0.18,1.54159068256232,0.68725848376782,-1.26410436,-0.576845876,0.301,native,3.6
Speaker055,Tone3,i,Speaker055_Tone 3_i,1.24486890758955,0.95048331656593,0.779146098112965,0.755917054296694,0.779333553536459,0.827486525462131,0.879110370772388,0.930085366916954,0.980341363662529,1.02942110189559,1.07791407050151,1.13092726827188,1.1936310363234,1.27566077392896,1.3875115152454,1.51175374508634,1.6042067396255,1.61984856492628,1.57498739455004,1.55446854149951,89.1152397211296,362.569499524076,0.863931510629582,1.24486890758955,0.779333553536459,1.02942110189559,1.3875115152454,1.55446854149951,18,4,1.61984856492628,0.755917054296694,1.14331197963467,0.826113487830765,1.25892318163688,1.21905504630411,-4.239896601,0.13,1.14590023693193,0.551186558151499,-0.996933206,-0.445746648,0.314,native,2.6
Speaker055,Tone3,o,Speaker055_Tone 3_o,0.887958489429118,0.820377918947428,0.790988269169366,0.765858688367638,0.731235760616796,0.70960697966951,0.717876144067218,0.778140492071119,0.897729816001596,1.03873723010999,1.17884823074283,1.32393730351636,1.47341829215269,1.61256916502329,1.7231069113569,1.7862486228934,1.79345396236055,1.77014446359376,1.75206092992351,1.68939697037613,89.1152397211296,362.569499524076,1.08384698269104,0.887958489429118,0.731235760616796,1.03873723010999,1.7231069113569,1.68939697037613,17,6,1.79345396236055,0.70960697966951,1.2051920426773,1.29995197547667,0.785766585006633,0.873335827603594,-0.705986087,0.25,1.71113520234796,0.176496521776345,-1.283351402,-1.10685488,0.392,native,5
Speaker056,Tone2,a,Speaker056_Tone 2_a,2.36657636754106,1.95686945710399,1.76787271269212,1.79041937115987,1.81845474877008,1.84954659733964,1.8859403275152,1.9395280144792,2.02660379970313,2.15458882730885,2.3160723885771,2.4866512711626,2.65224114846049,2.80159609168347,2.92056762560359,3.00662147137099,3.08719230878371,3.18307751677314,3.28010516185776,3.34917889169475,78.2222145879966,431.507348224667,1.58130617900263,2.36657636754106,1.81845474877008,2.15458882730885,2.92056762560359,3.34917889169475,20,3,3.34917889169475,1.76787271269212,2.41368344682052,1.62106257696823,2.08640043007137,2.2547179143569,-3.568511609,0.18,2.19710392442099,0.642332089662255,-1.801625218,-1.159293128,0.309,native,3.6
Speaker056,Tone2,e,Speaker056_Tone 2_e,2.44308334885546,1.95568214045421,1.70530737188814,1.63058643137658,1.62367341535382,1.67251256574089,1.7671079469747,1.88818840483187,2.00454550294178,2.10846403871335,2.21984105653395,2.34911528388167,2.48176766524015,2.62522895068268,2.796131801,2.98214918098653,3.14636746411523,3.25824433850851,3.31570919059765,3.5881479980631,78.2222145879966,431.507348224667,1.96447458270928,2.44308334885546,1.62367341535382,2.10846403871335,2.796131801,3.5881479980631,20,5,3.5881479980631,1.62367341535382,2.35165269090243,1.75787903343019,3.01416158847393,2.3368464774193,-5.106985359,0.18,2.51987714598437,0.919257364667059,-2.06629926,-1.147041895,0.363,native,3.6
Speaker056,Tone2,i,Speaker056_Tone 2_i,1.77360507741981,1.74909059610248,1.72617922599427,1.69523334077816,1.67485576539365,1.66626528275472,1.67283234116941,1.69835777608383,1.74577377760838,1.81312813549144,1.90380763546747,2.02296271143456,2.15950931445676,2.31309973010259,2.48603532912646,2.66828011657388,2.84486457827643,3.00302160116502,3.1516138322153,3.21727490205944,78.2222145879966,431.507348224667,1.55100961930472,1.77360507741981,1.67485576539365,1.81312813549144,2.48603532912646,3.21727490205944,20,6,3.21727490205944,1.66626528275472,2.12568311053868,1.59122767704699,2.69113449573298,1.73792101029718,-0.126062785,0.45,2.88097600729104,0.0567282533779219,-1.584536804,-1.527808551,0.343,native,9
Speaker056,Tone2,o,Speaker056_Tone 2_o,1.81559376275682,1.6676030140714,1.58670202775356,1.58728555797374,1.6195910005552,1.66741358243006,1.7330209367967,1.81819452027259,1.92558572795606,2.05693824807681,2.21734866806006,2.40382262251639,2.61861411739073,2.84041167118364,3.06361845691712,3.27744433736543,3.47026849778661,3.64182692322708,3.74987584786596,3.75187522900278,78.2222145879966,431.507348224667,2.16517320124923,1.81559376275682,1.6195910005552,2.05693824807681,3.06361845691712,3.75187522900278,20,3,3.75187522900278,1.58670202775356,2.40272461034907,2.45206889268729,2.61369249497082,1.68978085568823,-0.131093092,0.34,3.45087141764914,0.044571651418235,-2.277575136,-2.233003484,0.254,native,6.8
Speaker056,Tone3,a,Speaker056_Tone 3_a,4.41463903129833,4.85951586790524,5,4.97407338805215,4.82901147799841,4.61527566973401,4.38179252688223,4.12806408490149,3.85024318740019,3.5432698424031,3.20030090596828,2.81175932521105,2.37559049327999,2.00517389917862,1.857489081,1.87429489454813,1.95003246780838,2.07297885345131,2.22013124440987,2.31053195090508,78.2222145879966,431.507348224667,3.142510919,4.41463903129833,4.82901147799841,3.5432698424031,1.857489081,2.31053195090508,3,15,5,1.857489081,3.35624165139603,-3.632064327,0.851210439122006,5.40878730968066,-4.408058874,0.8,2.15728939587337,3.52644709937959,-0.431457879,3.09498922020492,0.382,native,16
Speaker056,Tone3,i,Speaker056_Tone 3_i,2.25003904931877,1.95102556840028,1.76509008753785,1.51306671423538,1.10619830751145,0.718056622117985,0.557083566822463,0.442998616020873,0.323656594064238,0.199242625888971,0.0693063948168729,0,0.405618901994756,1.18160501480439,1.66416644048292,1.87808061162882,2.03099223263757,2.23208995835612,2.42209865124638,2.55646981148015,78.2222145879966,431.507348224667,2.55646981148015,2.25003904931877,1.10619830751145,0.199242625888971,1.66416644048292,2.55646981148015,20,12,2.55646981148015,0,1.18215522293114,0.680828513628657,9.25555347123744,2.16314218890286,-4.555622817,0.5,5.91727984423501,2.27781140848885,-2.958639922,-0.680828514,0.539,native,10
Speaker057,Tone2,a,Speaker057_Tone 2_a,1.50426336308628,0.762646601455567,0.449159476486971,0.44118388712003,0.468765449313779,0.531749421707543,0.633568527262008,0.763139429547533,0.908032532244259,1.07404639201324,1.26773894562571,1.4558031746299,1.62674503370702,1.77784306037938,1.90969647466703,2.04657211308609,2.20649374890876,2.36693641867412,2.48213768166424,2.47946792239595,84.1013239286859,177.017382307181,2.04095379454421,1.50426336308628,0.468765449313779,1.07404639201324,1.90969647466703,2.47946792239595,19,4,2.48213768166424,0.44118388712003,1.33305030910867,2.04854669054302,2.82140578927168,1.44547925449446,-10.52194769,0.12,2.73932961692766,1.26263372326355,-2.410610063,-1.14797634,0.336,native,2.4
Speaker057,Tone2,e,Speaker057_Tone 2_e,1.7662434971849,0.92172276047612,0.704809384931598,0.759238643554745,0.832588251236506,0.906913550706017,1.00077334409889,1.13510738131352,1.29529691352504,1.46384255390868,1.65996767708101,1.88394860586914,2.11881325085461,2.37277960544381,2.64540372122356,2.87979210653162,3.01657376270295,3.07140670993157,3.0830963571737,2.76778786776523,84.1013239286859,177.017382307181,2.3782869722421,1.7662434971849,0.832588251236506,1.46384255390868,2.64540372122356,2.76778786776523,19,3,3.0830963571737,0.704809384931598,1.79305657218773,2.50381882755772,2.42235466002369,1.65597694880333,-9.858981752,0.12,3.18318841332203,1.18307781026256,-2.801205804,-1.618127993,0.378,native,2.4
Speaker057,Tone2,i,Speaker057_Tone 2_i,1.89624148517754,1.274961095,1.12978301363182,1.20621993458883,1.30776959470006,1.42247947751385,1.54375045353658,1.67000073033957,1.80006162172963,1.94112120193786,2.10300420906754,2.29201101166436,2.49929279768591,2.6883986253826,2.83493444553888,2.96152639339474,3.08793677951045,3.20494644528042,3.27837093340633,3.22385322096546,84.1013239286859,177.017382307181,2.14858791977451,1.89624148517754,1.30776959470006,1.94112120193786,2.83493444553888,3.22385322096546,19,3,3.27837093340633,1.12978301363182,2.15428901401275,2.27960727003363,1.60103418308192,1.83743595169268,-8.328266985,0.1,2.7060461381185,0.832826698547849,-2.435441524,-1.602614826,0.368,native,2
Speaker057,Tone2,o,Speaker057_Tone 2_o,0.839976268461307,0.90088519868956,0.885004821468474,0.866940497973411,0.856588720811705,0.870117411431438,0.914221923769666,1.02234701655059,1.18515195109462,1.36771134509274,1.60337494353509,1.86213951942285,2.12167734792682,2.38967074711067,2.65437077882014,2.90499245316999,3.12497024423296,3.29256539686503,3.37666639988773,3.17683784527565,84.1013239286859,177.017382307181,2.53669013142642,0.839976268461307,0.856588720811705,1.36771134509274,2.65437077882014,3.17683784527565,19,1,3.37666639988773,0.839976268461307,1.78846046014127,2.98055123997569,2.54790928396128,0.86476544861477,0.060754462496791,0.33,4.03782369843479,-0.020048973,-2.705341878,-2.725390851,0.494,native,6.6
Speaker057,Tone3,a,Speaker057_Tone 3_a,1.39503290226793,0.33840774458006,0.0119369713441727,0.00901352101946858,0.0206839344682819,0.0651830020787911,0.13953328323056,0.203935556655063,0.23956295752332,0.271107783452545,0.334180721833241,0.441836445336019,0.576835114187807,0.711326898621718,0.819838214936517,0.907605080738021,0.982192388292593,1.04429043935592,1.110594557,1.18428885921058,84.1013239286859,177.017382307181,1.38601938124846,1.39503290226793,0.0206839344682819,0.271107783452545,0.819838214936517,1.18428885921058,1,4,1.39503290226793,0.00901352101946858,0.514682162100934,0.86206631876878,2.92833586583451,1.30638600048786,-14.83586114,0.1,1.49312644010364,1.48358611352925,-1.343813796,0.139772317435974,0.368,native,2
Speaker057,Tone3,e,Speaker057_Tone 3_e,2.79206640399382,1.8015995606876,0.863198865636975,0.597933302627944,0.397295726903157,0.271532399980911,0.187597298873753,0.0729061856194047,0.00726604813823739,0.05485547092311,0.151707697179084,0.295824694255947,0.47182813322114,0.61469566488231,0.756613084370426,0.879031528285236,0.998080062535099,1.09070181300223,1.15473946009206,1.36796079050611,84.1013239286859,177.017382307181,2.78480035585559,2.79206640399382,0.397295726903157,0.05485547092311,0.756613084370426,1.36796079050611,1,9,2.79206640399382,0.00726604813823739,0.678824927781836,-0.197550426,7.13033312564363,2.49822215333924,-11.53766326,0.23,1.78302569489715,2.65366255014801,-1.372929785,1.28073276507721,0.546,native,4.6
Speaker057,Tone3,i,Speaker057_Tone 3_i,1.22972449733583,1.20324237954387,1.13573741890145,1.07173007002917,0.973436767028562,0.830013127486445,0.69150483441141,0.529951102485327,0.387969009139721,0.303797719387362,0.209830262296658,0.111822395662538,0.0845814217844141,0.185855205257619,0.411339418638766,0.653966750139254,0.806800968874326,0.911441967161772,1.05337331323628,1.24878443768782,84.1013239286859,177.017382307181,1.1642030159034,1.22972449733583,0.973436767028562,0.303797719387362,0.411339418638766,1.24878443768782,20,13,1.24878443768782,0.0845814217844141,0.664805229630264,-0.328074029,4.21115130113486,1.3334298209865,-2.100314001,0.62,3.24308272362446,1.30219468079958,-1.232371435,0.0698232458222854,0.483,native,12.4
Speaker057,Tone3,o,Speaker057_Tone 3_o,0.739005479455582,0.333058079018119,0.188958870685622,0.109624793634397,0.065202060584473,0.0519012135972292,0.0398034369819614,0.0136442390965214,0,0.0437730934726253,0.160413491048492,0.310701632742673,0.45844928565842,0.59835839777457,0.709118907470531,0.815559103605474,0.952943984156178,1.07015847738295,1.12746082800829,1.4912518168332,84.1013239286859,177.017382307181,1.4912518168332,0.739005479455582,0.065202060584473,0.0437730934726253,0.709118907470531,1.4912518168332,20,9,1.4912518168332,0,0.433746714430632,1.04757446703576,3.4453815447896,0.486253707351387,-1.600480348,0.39,2.44471962460542,0.624187335848729,-1.491278971,-0.867091635,0.431,native,7.8
Speaker058,Tone2,a,Speaker058_Tone 2_a,1.14871172945898,0.4138777819637,0.0260348989518846,0.0118924746570266,0,0.0198692122753143,0.417891881325196,1.16691630710799,1.96559747925759,2.42208120257429,2.58627499430143,2.64430513758892,2.69000771844661,2.74586288313728,2.81005117557455,2.88573871146699,2.96457372333729,3.03677953837325,3.12689085713762,3.31768416661903,89.3514124174841,355.491646736225,3.31768416661903,1.14871172945898,0,2.42208120257429,2.81005117557455,3.31768416661903,20,5,3.31768416661903,0,1.82623846537642,3.62634369628701,-0.705246374,1.09187386557034,-10.60209571,0.1,4.19833007649065,1.0602095714771,-3.778497069,-2.718287497,0.316,native,2
Speaker058,Tone2,e,Speaker058_Tone 2_e,3.5350784647736,3.16129645920963,2.94254773899133,2.88329764466836,2.8524518128202,2.80419513627167,2.76975383646519,2.7796466739728,2.8099299352344,2.83167822988928,2.85081611673225,2.87921908332219,2.92002801078533,2.98040601773106,3.06456556744334,3.16254556169253,3.26025026185017,3.35089875927193,3.44524046615232,3.5690126764193,89.3514124174841,355.491646736225,0.799258839954114,3.5350784647736,2.8524518128202,2.83167822988928,3.06456556744334,3.5690126764193,20,7,3.5690126764193,2.76975383646519,3.019237449,0.352218426700535,2.6682240398585,3.36369926387203,-2.54931069,0.29,1.15360798383813,0.739300100014798,-0.819061669,-0.079761569,0.388,native,5.8
Speaker058,Tone2,i,Speaker058_Tone 2_i,2.88005103512908,2.88820303459009,2.86003540327795,2.82268087743519,2.81399715572722,2.82247987405083,2.84331389643181,2.88398154435644,2.94225036818011,3.01067840249791,3.07427801242048,3.13181737434984,3.19717448691679,3.28271551880762,3.37611569451344,3.46733750941667,3.56030686615886,3.66177631223098,3.76786815484337,3.80062248113955,89.3514124174841,355.491646736225,0.986625325412326,2.88005103512908,2.81399715572722,3.01067840249791,3.37611569451344,3.80062248113955,20,5,3.80062248113955,2.81399715572722,3.14239457398692,1.02148512826885,1.36681738,2.87734573524012,-0.187933585,0.35,1.51990406301727,0.0657767548739789,-0.987937641,-0.922160886,0.332,native,7
Speaker058,Tone2,o,Speaker058_Tone 2_o,2.99224929149007,2.59605072579195,2.46834308354154,2.45661612915249,2.44225584397139,2.42997189402297,2.42369832426797,2.42746791273047,2.4454273261857,2.47622307903469,2.52243480716465,2.58359852896986,2.64961845996097,2.71874095124906,2.79371099544763,2.87056245179318,2.9511380606302,3.03156686885374,3.11385170398803,3.2021593186524,89.3514124174841,355.491646736225,0.778460994384436,2.99224929149007,2.44225584397139,2.47622307903469,2.79371099544763,3.2021593186524,20,7,3.2021593186524,2.42369832426797,2.66153739009976,0.561283572781072,2.08014634295175,2.79710270950458,-1.761268986,0.29,1.20276235580823,0.510768005940044,-0.853961273,-0.343193267,0.372,native,5.8
Speaker058,Tone3,a,Speaker058_Tone 3_a,2.80175460616982,2.7627654721661,2.71479660495434,2.67310976836511,2.64868784035627,2.62144156738931,2.58616531279675,2.53969092867564,2.48665627900775,2.43093251061307,2.39658758829778,2.42632804962123,2.5372223050892,2.66675371658385,2.74999570655714,2.7813085452164,2.7958018052342,2.81024448200278,2.81319622792574,2.82453252846134,89.3514124174841,355.491646736225,0.427944940163567,2.80175460616982,2.64868784035627,2.43093251061307,2.74999570655714,2.82453252846134,20,11,2.82453252846134,2.39658758829778,2.64089142884675,0.103843987293605,1.42581663072851,2.80298006588148,-0.74694843,0.5,0.954636404588654,0.373474215000722,-0.477318202,-0.103843987,0.332,native,10
Speaker058,Tone3,e,Speaker058_Tone 3_e,3.41991706923744,3.2001299254112,3.03380572388177,2.92506614169561,2.83287196880206,2.7301239326172,2.62344674930381,2.53962407148596,2.49509523020732,2.48683551314418,2.5181600554932,2.57415392644055,2.63170727714521,2.69053475108145,2.76735828190602,2.85783173160818,2.92505609778074,2.93032665817183,2.89294439047336,2.84996755193485,89.3514124174841,355.491646736225,0.933081556093252,3.41991706923744,2.83287196880206,2.48683551314418,2.76735828190602,2.84996755193485,1,10,3.41991706923744,2.48683551314418,2.77410338066733,-0.225647318,2.52446977650927,3.33251374056833,-2.279037885,0.39,0.857745922052211,0.88882477507236,-0.523225012,0.365599762620511,0.34,native,7.8
Speaker058,Tone3,i,Speaker058_Tone 3_i,2.62024006645656,2.83386708519701,2.81227740733983,2.70685661725031,2.59911461370798,2.49884635534808,2.41727148614369,2.36467840844484,2.35167177398275,2.37669340397043,2.43841724458903,2.53169913236131,2.64672080253498,2.76203729789425,2.8587017344718,2.95194593155237,3.05124021573711,3.13089468970407,3.16851528165805,3.26640949574729,89.3514124174841,355.491646736225,0.914737721764541,2.62024006645656,2.59911461370798,2.37669340397043,2.8587017344718,3.26640949574729,20,9,3.26640949574729,2.35167177398275,2.69821266367319,0.553824371271634,2.41592089257883,2.81292973767496,-1.122142385,0.44,1.74161704007551,0.493742649607784,-0.975305542,-0.481562893,0.372,native,8.8
Speaker058,Tone3,o,Speaker058_Tone 3_o,2.78169398779843,2.72570276353096,2.66889891859586,2.6212736903284,2.58142275315913,2.53647244290994,2.46999182610061,2.34658681547112,2.17353935099349,2.02476448233029,2.08788929352734,2.31747469184011,2.5751597395199,2.73609234175357,2.82220124158846,2.86242212814478,2.88109519983132,2.88565519902911,2.8686662572972,2.83932637603065,89.3514124174841,355.491646736225,0.860890716698813,2.78169398779843,2.58142275315913,2.02476448233029,2.82220124158846,2.83932637603065,18,10,2.88565519902911,2.02476448233029,2.5699870395121,0.275963856813933,2.31755564437079,2.82273851331161,-1.337149105,0.47,1.63466289795066,0.628460079410009,-0.866371336,-0.237911257,0.332,native,9.4
Speaker059,Tone2,a,Speaker059_Tone 2_a,1.57617336356848,1.72927933342935,1.77542918679348,1.80839415735972,1.85166045573467,1.90764008928893,1.9820087595766,2.0907109487573,2.2441354399374,2.40671580651802,2.57990856604698,2.83500035533434,3.19770784530495,3.65365274632063,4.14493168084786,4.50931632745851,4.66647380436565,4.71296230273703,4.72519865246927,4.51266401004331,75.6822437108783,143.239148032537,3.14902528890079,1.57617336356848,1.85166045573467,2.40671580651802,4.14493168084786,4.51266401004331,19,1,4.72519865246927,1.57617336356848,2.92288260514302,3.66420145236557,2.57817685548298,1.6161108757096,1.22640261343475,0.39,4.95041306066666,-0.478297019,-3.019751967,-3.498048986,0.397,native,7.8
Speaker059,Tone2,e,Speaker059_Tone 2_e,2.58843653836635,2.10338960919361,1.94355437750724,1.83828766163439,1.74746651663014,1.70125524056074,1.70703935181526,1.76648040429592,1.87509298254852,2.00685449929801,2.13445632076695,2.25548268702852,2.36686842688102,2.46928344402827,2.62857269572346,2.87949686772863,3.13911747294437,3.30653508309342,3.37466993931382,3.37909620235417,75.6822437108783,143.239148032537,1.67784096179343,2.58843653836635,1.74746651663014,2.00685449929801,2.62857269572346,3.37909620235417,20,6,3.37909620235417,1.70125524056074,2.32717364885628,1.4913486858644,3.8073910641474,2.38374943469017,-2.995781068,0.29,2.73067415267703,0.868776509862183,-1.938778648,-1.070002139,0.425,native,5.8
Speaker059,Tone2,i,Speaker059_Tone 2_i,1.55227730977419,1.46908172405023,1.43150069648362,1.40942640260428,1.38822524871311,1.39851332530088,1.44306109027791,1.51785838954095,1.61280616238287,1.73346006114832,1.87222783273522,2.06094152100581,2.35845375378309,2.71961367273346,3.130182216,3.59968981625367,3.9831552051666,4.3216578289409,4.65763736594692,4.80467555791248,75.6822437108783,143.239148032537,3.41645030919937,1.55227730977419,1.38822524871311,1.73346006114832,3.130182216,4.80467555791248,20,5,4.80467555791248,1.38822524871311,2.37211169361393,3.53349990074709,5.82660445841486,1.41281808019576,0.340039976506453,0.5,6.72695982498772,-0.170019988,-3.363479912,-3.533499901,0.472,native,10
Speaker059,Tone2,o,Speaker059_Tone 2_o,2.10546634258134,1.47910724573114,1.30944227069037,1.27707343354712,1.27325812724679,1.30157559504038,1.35967428982492,1.42368656118068,1.50384803975309,1.62844265237838,1.78766075521828,1.97404136714551,2.18662627261559,2.42639809972225,2.74169157404644,3.10544665244745,3.36759183298292,3.49482277989053,3.58050797840149,3.82612000692646,75.6822437108783,143.239148032537,2.55286187967967,2.10546634258134,1.27325812724679,1.62844265237838,2.74169157404644,3.82612000692646,20,5,3.82612000692646,1.27325812724679,2.1171307747974,2.4905765686908,4.61623837411203,1.72728334967798,-1.804196968,0.34,4.15118890243705,0.613426969094537,-2.739784676,-2.126357707,0.406,native,6.8
Speaker059,Tone3,e,Speaker059_Tone 3_e,1.39717190055589,1.70859822892347,1.41266081215374,1.07881084538908,0.781040225938027,0.55151422014001,0.284504972159636,0.0557913332545477,0.00661564234738841,0.0385983021249762,0.089347039224457,0.198420346500044,0.366072830716011,0.57426757574326,0.795394647109051,1.01172541059519,1.21954642935699,1.37526257228883,1.50371972169005,1.59540765422446,75.6822437108783,143.239148032537,1.70198258657609,1.39717190055589,0.781040225938027,0.0385983021249762,0.795394647109051,1.59540765422446,2,9,1.70859822892347,0.00661564234738841,0.74490500955215,0.149864330374916,6.53431196053509,1.70099134614961,-4.255443233,0.44,3.27199787291595,1.87239502244989,-1.832318809,0.0400762136169579,0.482,native,8.8
Speaker059,Tone3,i,Speaker059_Tone 3_i,2.0272302081344,1.85775916715638,1.33572153440099,0.863209687775165,0.537539854613155,0.380921267121435,0.371084502965752,0.442666758663596,0.58212392166682,0.740975247762441,0.899405192829186,1.13849006129389,1.43435790740302,1.74532908627596,2.03585394369817,2.29856640428873,2.53141056681498,2.69549497789452,2.84704951682227,3.06401638511032,75.6822437108783,143.239148032537,2.69293188214457,2.0272302081344,0.537539854613155,0.740975247762441,2.03585394369817,3.06401638511032,20,7,3.06401638511032,0.371084502965752,1.4275288845484,1.84673526733174,7.2881824598225,2.07979679417389,-6.97578567,0.29,4.28347667621444,2.02297784438022,-3.04126844,-1.018290596,0.501,native,5.8
Speaker059,Tone3,o,Speaker059_Tone 3_o,2.70871388860966,2.16144860878035,1.85928451851588,1.6259533009378,1.3386716214572,0.970082613284111,0.630017055916001,0.451897529484215,0.409694979265318,0.445695355419543,0.546753601551572,0.662535273485457,0.748045942218448,0.811174338408788,0.869273472817711,0.926673187477381,0.979437148233945,1.02912018605063,1.08181660338779,1.54477985892496,75.6822437108783,143.239148032537,2.29901890934435,2.70871388860966,1.3386716214572,0.445695355419543,0.869273472817711,1.54477985892496,1,9,2.70871388860966,0.409694979265318,1.0360388078994,-0.902235836,6.15766967956055,2.56471421161085,-5.937694986,0.38,1.59668611138875,2.25632409458397,-0.989945389,1.26637870552294,0.387,native,7.6
Speaker060,Tone2,a,Speaker060_Tone 2_a,3.03481436829672,2.13905752513527,1.29687346230845,0.794931823039204,0.813057798858358,0.849916497058491,0.903085214565118,0.972996550993573,1.05514986312696,1.14787850344834,1.25140837911582,1.36693538715039,1.49431051612207,1.62388565084029,1.74096456558465,1.8342563379001,2.03672336092307,2.2576895851045,2.4043026420108,2.48922101044236,93.5040688790245,549.944248649588,2.23988254525752,3.03481436829672,0.813057798858358,1.14787850344834,1.74096456558465,2.48922101044236,1,4,3.03481436829672,0.794931823039204,1.52419461069439,0.752030012794047,5.83433092037923,2.94097655260416,-14.12999761,0.17,2.237673019,2.40209959342873,-1.857268606,0.544830987736748,0.208,native,3.4
Speaker060,Tone2,e,Speaker060_Tone 2_e,3.31744880752382,2.3573716667467,1.5059431958023,1.01689191159359,0.964477894756934,0.924539328641891,0.903109812993692,0.903227758367817,0.924205581628755,0.962664859291846,1.01561504250626,1.08262729193131,1.16235152933741,1.25407665335322,1.35566433684195,1.46235170577915,1.5720318223831,1.65363660806397,1.66600044185037,1.60380508175276,93.5040688790245,549.944248649588,2.41433899453013,3.31744880752382,0.964477894756934,0.962664859291846,1.35566433684195,1.60380508175276,1,7,3.31744880752382,0.903109812993692,1.3320788551279,-0.303471179,5.5088461029567,3.2079835339947,-14.62347473,0.17,1.12606609028707,2.4859907048857,-0.934634855,1.55135584994742,0.218,native,3.4
Speaker060,Tone2,i,Speaker060_Tone 2_i,0.456286025132638,0.649851064398861,0.795862154900677,0.901473278454899,0.971554194818062,1.03640124254214,1.10954733384248,1.18815123629008,1.27016946693173,1.35540797861408,1.44305616360187,1.53367378307212,1.62771240216874,1.72040844036249,1.80800645421414,1.88435944686413,1.94448915833729,1.97826186082793,1.99212241689166,2.01117765206232,93.5040688790245,549.944248649588,1.55489162692968,0.456286025132638,0.971554194818062,1.35540797861408,1.80800645421414,2.01117765206232,20,1,2.01117765206232,0.456286025132638,1.38879937744576,1.54277221882027,-0.558690029,0.572564206999272,1.67758136889866,0.81,0.441397077639283,-1.358840909,-0.083865445,-1.442706354,0.181,native,16.2
Speaker060,Tone2,o,Speaker060_Tone 2_o,0.570342363699759,0.65650158732559,0.714189950625445,0.731238041559822,0.740238470626648,0.754963194524111,0.775455369167216,0.80641278717336,0.8547399446812,0.921610223091298,0.999014486673072,1.080437174,1.16107289033283,1.24371415985776,1.33234714122108,1.43227398216114,1.53350559923247,1.75202102559392,2.04768727836041,2.33903732784723,93.5040688790245,549.944248649588,1.76869496414747,0.570342363699759,0.740238470626648,0.921610223091298,1.33234714122108,2.33903732784723,20,1,2.33903732784723,0.570342363699759,1.10505025049726,1.45523942270754,1.9710485296397,0.546706176900423,0.931630019162536,0.77,4.45325078636789,-0.717355115,-1.024247681,-1.741602796,0.256,native,15.4
Speaker060,Tone3,a,Speaker060_Tone 3_a,0.913159297540565,0.584725441609283,0.369592306813869,0.230602481122303,0.126867123716697,0.0745745108285628,0.0578423695704475,0.0589379955016915,0.0708307899432963,0.110841375143437,0.180600276726396,0.248806354077788,0.327421145300993,0.448558784087378,0.598117174907851,0.747451878922751,0.878017198974199,1.01433777735897,1.64580483790251,2.64639277483401,93.5040688790245,549.944248649588,2.58855040526356,0.913159297540565,0.126867123716697,0.110841375143437,0.598117174907851,2.64639277483401,20,7,2.64639277483401,0.0578423695704475,0.516217254528454,1.21823988177704,5.75207978458932,0.469267113723445,-0.667055849,0.66,6.09410286933534,0.440256860579724,-2.071994976,-1.631738115,0.394,native,13.2
Speaker060,Tone3,e,Speaker060_Tone 3_e,1.41115226056839,1.08243284063057,0.922779930010379,0.816943588965911,0.721376757257143,0.627292309731741,0.552845603529572,0.486349935228076,0.408955096226959,0.333307047593427,0.277751444357156,0.236254347245713,0.217339166281882,0.24744808500202,0.336291282773141,0.467303710928231,0.62466720956135,0.80335718687432,0.998134236672854,1.1324273185877,93.5040688790245,549.944248649588,1.1938130942865,1.41115226056839,0.721376757257143,0.333307047593427,0.336291282773141,1.1324273185877,1,13,1.41115226056839,0.217339166281882,0.601537751701335,-0.29271559,3.83982964679896,1.18168016659806,-1.821757274,0.61,2.60532701621765,1.11127193730436,-1.016077536,0.0951944009794761,0.448,native,12.2
Speaker060,Tone3,i,Speaker060_Tone 3_i,1.15419500150361,1.07363233439398,0.980894079344601,0.853011453175106,0.73897270699068,0.648674563294231,0.58246715796425,0.539371295658804,0.518739566195277,0.517764692972911,0.537800535670912,0.583285864806023,0.654014016227197,0.748718625391681,0.86433402433083,0.995550595395424,1.14234887945995,1.45889885084824,1.98808303051097,2.29642523221908,93.5040688790245,549.944248649588,1.77866053924617,1.15419500150361,0.73897270699068,0.517764692972911,0.86433402433083,2.29642523221908,20,10,2.29642523221908,0.517764692972911,0.901268882601657,0.78419192667123,4.85528766962741,1.01378502790911,-0.929461081,0.65,4.94238872001455,0.60414970269214,-1.729836052,-1.125686349,0.387,native,13
Speaker060,Tone3,o,Speaker060_Tone 3_o,2.13586151207246,1.43207629132386,0.982702118566214,0.913105636135929,0.831254590693294,0.759160001807581,0.697649147119199,0.642403780430716,0.594706320729045,0.558066293622933,0.540598275281436,0.541483139063123,0.559645787064324,0.602470806551728,0.676942431196583,0.776628953018612,0.895713277924143,1.01119110804524,1.04770647576116,1.13461344846058,93.5040688790245,549.944248649588,1.59526323679102,2.13586151207246,0.831254590693294,0.558066293622933,0.676942431196583,1.13461344846058,1,11,2.13586151207246,0.540598275281436,0.832330486433839,-0.399354028,3.91800709729099,1.99008992150443,-7.969154338,0.18,0.440891783024837,1.43444778076672,-0.361531262,1.07291651868635,0.373,native,3.6
